universityName,province,majorCode,majorName,degreeType,studyMode,examSubjects,reexaminationLine,actualEnrollment,registrationCount,admissionYear,universityLevel,plannedEnrollment,nationalLine,sourceName,sourceUrl,sourceYear,remarks
中国矿业大学(北京),未知,0854,电子信息,专业学位,FULL_TIME,未公开,270,79,79,2020,普通,,,CPEER数据集(考研真实录取),https://github.com/Younai2021/CPEER-Dataset,2020,数据来源于CPEER开放数据集，共79条考生记录，其中79人录取
中国矿业大学(北京),未知,0812,计算机科学与技术,专业学位,FULL_TIME,未公开,311,16,16,2020,普通,,,CPEER数据集(考研真实录取),https://github.com/Younai2021/CPEER-Dataset,2020,数据来源于CPEER开放数据集，共16条考生记录，其中16人录取
中国矿业大学(北京),未知,0835,软件工程,专业学位,FULL_TIME,未公开,285,5,5,2020,普通,,,CPEER数据集(考研真实录取),https://github.com/Younai2021/CPEER-Dataset,2020,数据来源于CPEER开放数据集，共5条考生记录，其中5人录取
广西大学,广西,0812,计算机科学与技术,专业学位,FULL_TIME,未公开,254,67,67,2020,普通,,,CPEER数据集(考研真实录取),https://github.com/Younai2021/CPEER-Dataset,2020,数据来源于CPEER开放数据集，共67条考生记录，其中67人录取
广西大学,广西,0854,电子信息,专业学位,FULL_TIME,未公开,252,165,165,2020,普通,,,CPEER数据集(考研真实录取),https://github.com/Younai2021/CPEER-Dataset,2020,数据来源于CPEER开放数据集，共165条考生记录，其中165人录取
河北工业大学,河北,0812,计算机科学与技术,专业学位,FULL_TIME,未公开,264,48,48,2020,普通,,,CPEER数据集(考研真实录取),https://github.com/Younai2021/CPEER-Dataset,2020,数据来源于CPEER开放数据集，共48条考生记录，其中48人录取
河北工业大学,河北,0854,电子信息,专业学位,FULL_TIME,未公开,264,41,41,2020,普通,,,CPEER数据集(考研真实录取),https://github.com/Younai2021/CPEER-Dataset,2020,数据来源于CPEER开放数据集，共41条考生记录，其中41人录取
西北大学,陕西,0812,计算机科学与技术,专业学位,FULL_TIME,未公开,309,2,2,2020,普通,,,CPEER数据集(考研真实录取),https://github.com/Younai2021/CPEER-Dataset,2020,数据来源于CPEER开放数据集，共2条考生记录，其中2人录取
西北大学,陕西,0854,电子信息,专业学位,FULL_TIME,未公开,281,109,150,2020,普通,,,CPEER数据集(考研真实录取),https://github.com/Younai2021/CPEER-Dataset,2020,数据来源于CPEER开放数据集，共150条考生记录，其中109人录取
西北大学,陕西,0835,软件工程,专业学位,FULL_TIME,未公开,325,18,22,2020,普通,,,CPEER数据集(考研真实录取),https://github.com/Younai2021/CPEER-Dataset,2020,数据来源于CPEER开放数据集，共22条考生记录，其中18人录取
西北大学,陕西,0812,计算机科学与技术,专业学位,FULL_TIME,未公开,290,13,16,2020,普通,,,CPEER数据集(考研真实录取),https://github.com/Younai2021/CPEER-Dataset,2020,数据来源于CPEER开放数据集，共16条考生记录，其中13人录取
上海大学,上海,0812,计算机科学与技术,专业学位,FULL_TIME,未公开,281,46,46,2021,普通,,,CPEER数据集(考研真实录取),https://github.com/Younai2021/CPEER-Dataset,2021,数据来源于CPEER开放数据集，共46条考生记录，其中46人录取
上海财经大学,上海,0835,软件工程,专业学位,FULL_TIME,未公开,330,3,3,2021,普通,,,CPEER数据集(考研真实录取),https://github.com/Younai2021/CPEER-Dataset,2021,数据来源于CPEER开放数据集，共3条考生记录，其中3人录取
上海财经大学,上海,0854,电子信息,专业学位,FULL_TIME,未公开,330,2,2,2021,普通,,,CPEER数据集(考研真实录取),https://github.com/Younai2021/CPEER-Dataset,2021,数据来源于CPEER开放数据集，共2条考生记录，其中2人录取
上海财经大学,上海,0835,软件工程,专业学位,FULL_TIME,未公开,354,2,2,2021,普通,,,CPEER数据集(考研真实录取),https://github.com/Younai2021/CPEER-Dataset,2021,数据来源于CPEER开放数据集，共2条考生记录，其中2人录取
中南财经政法大学,湖北,0812,计算机科学与技术,专业学位,FULL_TIME,未公开,344,3,4,2021,普通,,,CPEER数据集(考研真实录取),https://github.com/Younai2021/CPEER-Dataset,2021,数据来源于CPEER开放数据集，共4条考生记录，其中3人录取
中南财经政法大学,湖北,0854,电子信息,专业学位,FULL_TIME,未公开,318,67,89,2021,普通,,,CPEER数据集(考研真实录取),https://github.com/Younai2021/CPEER-Dataset,2021,数据来源于CPEER开放数据集，共89条考生记录，其中67人录取
中国矿业大学(北京),未知,0812,计算机科学与技术,专业学位,FULL_TIME,未公开,304,20,20,2021,普通,,,CPEER数据集(考研真实录取),https://github.com/Younai2021/CPEER-Dataset,2021,数据来源于CPEER开放数据集，共20条考生记录，其中20人录取
中国矿业大学(北京),未知,0854,电子信息,专业学位,FULL_TIME,未公开,273,82,82,2021,普通,,,CPEER数据集(考研真实录取),https://github.com/Younai2021/CPEER-Dataset,2021,数据来源于CPEER开放数据集，共82条考生记录，其中82人录取
中央财经大学,北京,0854,电子信息,专业学位,FULL_TIME,未公开,363,29,39,2021,普通,,,CPEER数据集(考研真实录取),https://github.com/Younai2021/CPEER-Dataset,2021,数据来源于CPEER开放数据集，共39条考生记录，其中29人录取
北京化工大学,北京,0854,电子信息,专业学位,FULL_TIME,未公开,301,97,97,2021,普通,,,CPEER数据集(考研真实录取),https://github.com/Younai2021/CPEER-Dataset,2021,数据来源于CPEER开放数据集，共97条考生记录，其中97人录取
北京化工大学,北京,0812,计算机科学与技术,专业学位,FULL_TIME,未公开,320,15,15,2021,普通,,,CPEER数据集(考研真实录取),https://github.com/Younai2021/CPEER-Dataset,2021,数据来源于CPEER开放数据集，共15条考生记录，其中15人录取
北京化工大学,北京,0835,软件工程,专业学位,FULL_TIME,未公开,315,10,10,2021,普通,,,CPEER数据集(考研真实录取),https://github.com/Younai2021/CPEER-Dataset,2021,数据来源于CPEER开放数据集，共10条考生记录，其中10人录取
北京科技大学,北京,0812,计算机科学与技术,专业学位,FULL_TIME,未公开,323,23,29,2021,普通,,,CPEER数据集(考研真实录取),https://github.com/Younai2021/CPEER-Dataset,2021,数据来源于CPEER开放数据集，共29条考生记录，其中23人录取
北京科技大学,北京,0854,电子信息,专业学位,FULL_TIME,未公开,291,95,101,2021,普通,,,CPEER数据集(考研真实录取),https://github.com/Younai2021/CPEER-Dataset,2021,数据来源于CPEER开放数据集，共101条考生记录，其中95人录取
北京邮电大学,北京,0854,电子信息,专业学位,FULL_TIME,未公开,309,134,163,2021,普通,,,CPEER数据集(考研真实录取),https://github.com/Younai2021/CPEER-Dataset,2021,数据来源于CPEER开放数据集，共163条考生记录，其中134人录取
北京邮电大学,北京,0839,网络空间安全,专业学位,FULL_TIME,未公开,320,73,94,2021,普通,,,CPEER数据集(考研真实录取),https://github.com/Younai2021/CPEER-Dataset,2021,数据来源于CPEER开放数据集，共94条考生记录，其中73人录取
华中师范大学,湖北,0812,计算机科学与技术,专业学位,FULL_TIME,未公开,263,54,60,2021,普通,,,CPEER数据集(考研真实录取),https://github.com/Younai2021/CPEER-Dataset,2021,数据来源于CPEER开放数据集，共60条考生记录，其中54人录取
华中师范大学,湖北,0854,电子信息,专业学位,FULL_TIME,未公开,308,67,81,2021,普通,,,CPEER数据集(考研真实录取),https://github.com/Younai2021/CPEER-Dataset,2021,数据来源于CPEER开放数据集，共81条考生记录，其中67人录取
华中科技大学,湖北,0812,计算机科学与技术,专业学位,FULL_TIME,未公开,334,12,19,2021,普通,,,CPEER数据集(考研真实录取),https://github.com/Younai2021/CPEER-Dataset,2021,数据来源于CPEER开放数据集，共19条考生记录，其中12人录取
华中科技大学,湖北,0812,计算机科学与技术,专业学位,FULL_TIME,未公开,366,6,6,2021,普通,,,CPEER数据集(考研真实录取),https://github.com/Younai2021/CPEER-Dataset,2021,数据来源于CPEER开放数据集，共6条考生记录，其中6人录取
华中科技大学,湖北,0812,计算机科学与技术,专业学位,FULL_TIME,未公开,386,3,4,2021,普通,,,CPEER数据集(考研真实录取),https://github.com/Younai2021/CPEER-Dataset,2021,数据来源于CPEER开放数据集，共4条考生记录，其中3人录取
华中科技大学,湖北,0854,电子信息,专业学位,FULL_TIME,未公开,338,143,192,2021,普通,,,CPEER数据集(考研真实录取),https://github.com/Younai2021/CPEER-Dataset,2021,数据来源于CPEER开放数据集，共192条考生记录，其中143人录取
华南理工大学,广东,0812,计算机科学与技术,专业学位,FULL_TIME,未公开,351,22,22,2021,普通,,,CPEER数据集(考研真实录取),https://github.com/Younai2021/CPEER-Dataset,2021,数据来源于CPEER开放数据集，共22条考生记录，其中22人录取
南京理工大学,江苏,0812,计算机科学与技术,专业学位,FULL_TIME,未公开,259,31,31,2021,普通,,,CPEER数据集(考研真实录取),https://github.com/Younai2021/CPEER-Dataset,2021,数据来源于CPEER开放数据集，共31条考生记录，其中31人录取
南京航空航天大学,江苏,0812,计算机科学与技术,专业学位,FULL_TIME,未公开,303,25,25,2021,普通,,,CPEER数据集(考研真实录取),https://github.com/Younai2021/CPEER-Dataset,2021,数据来源于CPEER开放数据集，共25条考生记录，其中25人录取
厦门大学,福建,0854,电子信息,专业学位,FULL_TIME,未公开,324,103,103,2021,普通,,,CPEER数据集(考研真实录取),https://github.com/Younai2021/CPEER-Dataset,2021,数据来源于CPEER开放数据集，共103条考生记录，其中103人录取
哈尔滨工业大学,黑龙江,0812,计算机科学与技术,专业学位,FULL_TIME,未公开,350,27,27,2021,普通,45,263,CPEER数据集(考研真实录取),https://github.com/Younai2021/CPEER-Dataset,2021,数据来源于CPEER开放数据集，共27条考生记录，其中27人录取
哈尔滨工业大学,黑龙江,0854,电子信息,专业学位,FULL_TIME,未公开,337,176,176,2021,普通,,,CPEER数据集(考研真实录取),https://github.com/Younai2021/CPEER-Dataset,2021,数据来源于CPEER开放数据集，共176条考生记录，其中176人录取
哈尔滨工业大学,黑龙江,0835,软件工程,专业学位,FULL_TIME,未公开,,11,11,2021,普通,,,CPEER数据集(考研真实录取),https://github.com/Younai2021/CPEER-Dataset,2021,数据来源于CPEER开放数据集，共11条考生记录，其中11人录取
哈尔滨工业大学,黑龙江,0839,网络空间安全,专业学位,FULL_TIME,未公开,,13,13,2021,普通,,,CPEER数据集(考研真实录取),https://github.com/Younai2021/CPEER-Dataset,2021,数据来源于CPEER开放数据集，共13条考生记录，其中13人录取
四川大学,四川,0854,电子信息,专业学位,FULL_TIME,未公开,350,87,87,2021,普通,,,CPEER数据集(考研真实录取),https://github.com/Younai2021/CPEER-Dataset,2021,数据来源于CPEER开放数据集，共87条考生记录，其中87人录取
四川大学,四川,0812,计算机科学与技术,专业学位,FULL_TIME,未公开,335,24,24,2021,普通,,,CPEER数据集(考研真实录取),https://github.com/Younai2021/CPEER-Dataset,2021,数据来源于CPEER开放数据集，共24条考生记录，其中24人录取
四川大学,四川,0835,软件工程,专业学位,FULL_TIME,未公开,312,14,14,2021,普通,,,CPEER数据集(考研真实录取),https://github.com/Younai2021/CPEER-Dataset,2021,数据来源于CPEER开放数据集，共14条考生记录，其中14人录取
宁夏大学,宁夏,0854,电子信息,专业学位,FULL_TIME,未公开,255,182,182,2021,普通,,,CPEER数据集(考研真实录取),https://github.com/Younai2021/CPEER-Dataset,2021,数据来源于CPEER开放数据集，共182条考生记录，其中182人录取
宁夏大学,宁夏,0812,计算机科学与技术,专业学位,FULL_TIME,未公开,262,16,16,2021,普通,,,CPEER数据集(考研真实录取),https://github.com/Younai2021/CPEER-Dataset,2021,数据来源于CPEER开放数据集，共16条考生记录，其中16人录取
宁波大学,未知,0854,电子信息,专业学位,FULL_TIME,未公开,348,50,50,2021,普通,,,CPEER数据集(考研真实录取),https://github.com/Younai2021/CPEER-Dataset,2021,数据来源于CPEER开放数据集，共50条考生记录，其中50人录取
宁波大学,未知,0812,计算机科学与技术,专业学位,FULL_TIME,未公开,338,19,19,2021,普通,,,CPEER数据集(考研真实录取),https://github.com/Younai2021/CPEER-Dataset,2021,数据来源于CPEER开放数据集，共19条考生记录，其中19人录取
广西大学,广西,0812,计算机科学与技术,专业学位,FULL_TIME,未公开,259,64,64,2021,普通,,,CPEER数据集(考研真实录取),https://github.com/Younai2021/CPEER-Dataset,2021,数据来源于CPEER开放数据集，共64条考生记录，其中64人录取
广西大学,广西,0854,电子信息,专业学位,FULL_TIME,未公开,255,150,150,2021,普通,,,CPEER数据集(考研真实录取),https://github.com/Younai2021/CPEER-Dataset,2021,数据来源于CPEER开放数据集，共150条考生记录，其中150人录取
延边大学,吉林,0812,计算机科学与技术,专业学位,FULL_TIME,未公开,287,10,10,2021,普通,,,CPEER数据集(考研真实录取),https://github.com/Younai2021/CPEER-Dataset,2021,数据来源于CPEER开放数据集，共10条考生记录，其中10人录取
延边大学,吉林,0854,电子信息,专业学位,FULL_TIME,未公开,263,43,43,2021,普通,,,CPEER数据集(考研真实录取),https://github.com/Younai2021/CPEER-Dataset,2021,数据来源于CPEER开放数据集，共43条考生记录，其中43人录取
新疆大学,新疆,0835,软件工程,专业学位,FULL_TIME,未公开,252,14,14,2021,普通,,,CPEER数据集(考研真实录取),https://github.com/Younai2021/CPEER-Dataset,2021,数据来源于CPEER开放数据集，共14条考生记录，其中14人录取
新疆大学,新疆,0854,电子信息,专业学位,FULL_TIME,未公开,253,34,37,2021,普通,,,CPEER数据集(考研真实录取),https://github.com/Younai2021/CPEER-Dataset,2021,数据来源于CPEER开放数据集，共37条考生记录，其中34人录取
河北工业大学,河北,0812,计算机科学与技术,专业学位,FULL_TIME,未公开,301,56,56,2021,普通,,,CPEER数据集(考研真实录取),https://github.com/Younai2021/CPEER-Dataset,2021,数据来源于CPEER开放数据集，共56条考生记录，其中56人录取
河北工业大学,河北,0854,电子信息,专业学位,FULL_TIME,未公开,263,151,151,2021,普通,,,CPEER数据集(考研真实录取),https://github.com/Younai2021/CPEER-Dataset,2021,数据来源于CPEER开放数据集，共151条考生记录，其中151人录取
清华大学,北京,0812,计算机科学与技术,专业学位,FULL_TIME,未公开,369,15,15,2021,普通,40,263,CPEER数据集(考研真实录取),https://github.com/Younai2021/CPEER-Dataset,2021,数据来源于CPEER开放数据集，共15条考生记录，其中15人录取
西北大学,陕西,0812,计算机科学与技术,专业学位,FULL_TIME,未公开,296,28,33,2021,普通,,,CPEER数据集(考研真实录取),https://github.com/Younai2021/CPEER-Dataset,2021,数据来源于CPEER开放数据集，共33条考生记录，其中28人录取
西北大学,陕西,0854,电子信息,专业学位,FULL_TIME,未公开,267,118,130,2021,普通,,,CPEER数据集(考研真实录取),https://github.com/Younai2021/CPEER-Dataset,2021,数据来源于CPEER开放数据集，共130条考生记录，其中118人录取
西南财经大学,四川,0812,计算机科学与技术,专业学位,FULL_TIME,未公开,301,12,12,2021,普通,,,CPEER数据集(考研真实录取),https://github.com/Younai2021/CPEER-Dataset,2021,数据来源于CPEER开放数据集，共12条考生记录，其中12人录取
西南财经大学,四川,0812,计算机科学与技术,专业学位,FULL_TIME,未公开,312,9,9,2021,普通,,,CPEER数据集(考研真实录取),https://github.com/Younai2021/CPEER-Dataset,2021,数据来源于CPEER开放数据集，共9条考生记录，其中9人录取
贵州大学,贵州,0812,计算机科学与技术,专业学位,FULL_TIME,未公开,257,41,41,2021,普通,,,CPEER数据集(考研真实录取),https://github.com/Younai2021/CPEER-Dataset,2021,数据来源于CPEER开放数据集，共41条考生记录，其中41人录取
贵州大学,贵州,0835,软件工程,专业学位,FULL_TIME,未公开,255,22,22,2021,普通,,,CPEER数据集(考研真实录取),https://github.com/Younai2021/CPEER-Dataset,2021,数据来源于CPEER开放数据集，共22条考生记录，其中22人录取
贵州大学,贵州,0854,电子信息,专业学位,FULL_TIME,未公开,256,278,278,2021,普通,,,CPEER数据集(考研真实录取),https://github.com/Younai2021/CPEER-Dataset,2021,数据来源于CPEER开放数据集，共278条考生记录，其中278人录取
辽宁大学,辽宁,0812,计算机科学与技术,专业学位,FULL_TIME,未公开,273,1,1,2021,普通,,,CPEER数据集(考研真实录取),https://github.com/Younai2021/CPEER-Dataset,2021,数据来源于CPEER开放数据集，共1条考生记录，其中1人录取
辽宁大学,辽宁,0812,计算机科学与技术,专业学位,FULL_TIME,未公开,275,8,8,2021,普通,,,CPEER数据集(考研真实录取),https://github.com/Younai2021/CPEER-Dataset,2021,数据来源于CPEER开放数据集，共8条考生记录，其中8人录取
辽宁大学,辽宁,0812,计算机科学与技术,专业学位,FULL_TIME,未公开,292,23,23,2021,普通,,,CPEER数据集(考研真实录取),https://github.com/Younai2021/CPEER-Dataset,2021,数据来源于CPEER开放数据集，共23条考生记录，其中23人录取
辽宁大学,辽宁,0835,软件工程,专业学位,FULL_TIME,未公开,309,21,21,2021,普通,,,CPEER数据集(考研真实录取),https://github.com/Younai2021/CPEER-Dataset,2021,数据来源于CPEER开放数据集，共21条考生记录，其中21人录取
辽宁大学,辽宁,0854,电子信息,专业学位,FULL_TIME,未公开,324,40,40,2021,普通,,,CPEER数据集(考研真实录取),https://github.com/Younai2021/CPEER-Dataset,2021,数据来源于CPEER开放数据集，共40条考生记录，其中40人录取
长安大学,陕西,0854,电子信息,专业学位,FULL_TIME,未公开,310,192,192,2021,普通,,,CPEER数据集(考研真实录取),https://github.com/Younai2021/CPEER-Dataset,2021,数据来源于CPEER开放数据集，共192条考生记录，其中192人录取
长安大学,陕西,0812,计算机科学与技术,专业学位,FULL_TIME,未公开,299,30,30,2021,普通,,,CPEER数据集(考研真实录取),https://github.com/Younai2021/CPEER-Dataset,2021,数据来源于CPEER开放数据集，共30条考生记录，其中30人录取
长安大学,陕西,0835,软件工程,专业学位,FULL_TIME,未公开,309,12,12,2021,普通,,,CPEER数据集(考研真实录取),https://github.com/Younai2021/CPEER-Dataset,2021,数据来源于CPEER开放数据集，共12条考生记录，其中12人录取
长安大学,陕西,0839,网络空间安全,专业学位,FULL_TIME,未公开,320,2,2,2021,普通,,,CPEER数据集(考研真实录取),https://github.com/Younai2021/CPEER-Dataset,2021,数据来源于CPEER开放数据集，共2条考生记录，其中2人录取
上海财经大学,上海,0835,软件工程,专业学位,FULL_TIME,未公开,289,4,4,2022,普通,,,CPEER数据集(考研真实录取),https://github.com/Younai2021/CPEER-Dataset,2022,数据来源于CPEER开放数据集，共4条考生记录，其中4人录取
上海财经大学,上海,0835,软件工程,专业学位,FULL_TIME,未公开,328,1,1,2022,普通,,,CPEER数据集(考研真实录取),https://github.com/Younai2021/CPEER-Dataset,2022,数据来源于CPEER开放数据集，共1条考生记录，其中1人录取
东北师范大学,吉林,0812,计算机科学与技术,专业学位,FULL_TIME,未公开,375,40,40,2022,普通,,,CPEER数据集(考研真实录取),https://github.com/Younai2021/CPEER-Dataset,2022,数据来源于CPEER开放数据集，共40条考生记录，其中40人录取
东北师范大学,吉林,0854,电子信息,专业学位,FULL_TIME,未公开,309,80,80,2022,普通,,,CPEER数据集(考研真实录取),https://github.com/Younai2021/CPEER-Dataset,2022,数据来源于CPEER开放数据集，共80条考生记录，其中80人录取
中南财经政法大学,湖北,0812,计算机科学与技术,专业学位,FULL_TIME,未公开,320,2,2,2022,普通,,,CPEER数据集(考研真实录取),https://github.com/Younai2021/CPEER-Dataset,2022,数据来源于CPEER开放数据集，共2条考生记录，其中2人录取
中南财经政法大学,湖北,0854,电子信息,专业学位,FULL_TIME,未公开,344,71,95,2022,普通,,,CPEER数据集(考研真实录取),https://github.com/Younai2021/CPEER-Dataset,2022,数据来源于CPEER开放数据集，共95条考生记录，其中71人录取
中国地质大学(武汉),未知,0812,计算机科学与技术,专业学位,FULL_TIME,未公开,342,33,54,2022,普通,,,CPEER数据集(考研真实录取),https://github.com/Younai2021/CPEER-Dataset,2022,数据来源于CPEER开放数据集，共54条考生记录，其中33人录取
中国地质大学(武汉),未知,0854,电子信息,专业学位,FULL_TIME,未公开,312,11,18,2022,普通,,,CPEER数据集(考研真实录取),https://github.com/Younai2021/CPEER-Dataset,2022,数据来源于CPEER开放数据集，共18条考生记录，其中11人录取
中国地质大学(武汉),未知,0854,电子信息,专业学位,FULL_TIME,未公开,340,275,378,2022,普通,,,CPEER数据集(考研真实录取),https://github.com/Younai2021/CPEER-Dataset,2022,数据来源于CPEER开放数据集，共378条考生记录，其中275人录取
中国矿业大学,江苏,0854,电子信息,专业学位,FULL_TIME,未公开,204,205,205,2022,普通,,,CPEER数据集(考研真实录取),https://github.com/Younai2021/CPEER-Dataset,2022,数据来源于CPEER开放数据集，共205条考生记录，其中205人录取
中国矿业大学,江苏,0812,计算机科学与技术,专业学位,FULL_TIME,未公开,334,22,22,2022,普通,,,CPEER数据集(考研真实录取),https://github.com/Younai2021/CPEER-Dataset,2022,数据来源于CPEER开放数据集，共22条考生记录，其中22人录取
中国矿业大学,江苏,0835,软件工程,专业学位,FULL_TIME,未公开,304,12,12,2022,普通,,,CPEER数据集(考研真实录取),https://github.com/Younai2021/CPEER-Dataset,2022,数据来源于CPEER开放数据集，共12条考生记录，其中12人录取
中国矿业大学(北京),未知,0854,电子信息,专业学位,FULL_TIME,未公开,292,28,28,2022,普通,,,CPEER数据集(考研真实录取),https://github.com/Younai2021/CPEER-Dataset,2022,数据来源于CPEER开放数据集，共28条考生记录，其中28人录取
中央财经大学,北京,0854,电子信息,专业学位,FULL_TIME,未公开,372,15,22,2022,普通,,,CPEER数据集(考研真实录取),https://github.com/Younai2021/CPEER-Dataset,2022,数据来源于CPEER开放数据集，共22条考生记录，其中15人录取
北京化工大学,北京,0812,计算机科学与技术,专业学位,FULL_TIME,未公开,315,16,16,2022,普通,,,CPEER数据集(考研真实录取),https://github.com/Younai2021/CPEER-Dataset,2022,数据来源于CPEER开放数据集，共16条考生记录，其中16人录取
北京化工大学,北京,0835,软件工程,专业学位,FULL_TIME,未公开,310,6,6,2022,普通,,,CPEER数据集(考研真实录取),https://github.com/Younai2021/CPEER-Dataset,2022,数据来源于CPEER开放数据集，共6条考生记录，其中6人录取
北京化工大学,北京,0854,电子信息,专业学位,FULL_TIME,未公开,305,9,9,2022,普通,,,CPEER数据集(考研真实录取),https://github.com/Younai2021/CPEER-Dataset,2022,数据来源于CPEER开放数据集，共9条考生记录，其中9人录取
北京化工大学,北京,0854,电子信息,专业学位,FULL_TIME,未公开,341,23,23,2022,普通,,,CPEER数据集(考研真实录取),https://github.com/Younai2021/CPEER-Dataset,2022,数据来源于CPEER开放数据集，共23条考生记录，其中23人录取
北京大学,北京,0812,计算机科学与技术,专业学位,FULL_TIME,未公开,332,5,5,2022,普通,43,273,CPEER数据集(考研真实录取),https://github.com/Younai2021/CPEER-Dataset,2022,数据来源于CPEER开放数据集，共5条考生记录，其中5人录取
北京大学,北京,0812,计算机科学与技术,专业学位,FULL_TIME,未公开,355,8,8,2022,普通,,,CPEER数据集(考研真实录取),https://github.com/Younai2021/CPEER-Dataset,2022,数据来源于CPEER开放数据集，共8条考生记录，其中8人录取
北京大学,北京,0812,计算机科学与技术,专业学位,FULL_TIME,未公开,378,8,8,2022,普通,,,CPEER数据集(考研真实录取),https://github.com/Younai2021/CPEER-Dataset,2022,数据来源于CPEER开放数据集，共8条考生记录，其中8人录取
北京大学,北京,0812,计算机科学与技术,专业学位,FULL_TIME,未公开,354,5,5,2022,普通,,,CPEER数据集(考研真实录取),https://github.com/Younai2021/CPEER-Dataset,2022,数据来源于CPEER开放数据集，共5条考生记录，其中5人录取
北京科技大学,北京,0812,计算机科学与技术,专业学位,FULL_TIME,未公开,354,20,25,2022,普通,,,CPEER数据集(考研真实录取),https://github.com/Younai2021/CPEER-Dataset,2022,数据来源于CPEER开放数据集，共25条考生记录，其中20人录取
北京科技大学,北京,0854,电子信息,专业学位,FULL_TIME,未公开,303,59,66,2022,普通,,,CPEER数据集(考研真实录取),https://github.com/Younai2021/CPEER-Dataset,2022,数据来源于CPEER开放数据集，共66条考生记录，其中59人录取
北京科技大学,北京,0854,电子信息,专业学位,FULL_TIME,未公开,373,35,43,2022,普通,,,CPEER数据集(考研真实录取),https://github.com/Younai2021/CPEER-Dataset,2022,数据来源于CPEER开放数据集，共43条考生记录，其中35人录取
北京邮电大学,北京,0854,电子信息,专业学位,FULL_TIME,未公开,321,136,208,2022,普通,,,CPEER数据集(考研真实录取),https://github.com/Younai2021/CPEER-Dataset,2022,数据来源于CPEER开放数据集，共208条考生记录，其中136人录取
北京邮电大学,北京,0839,网络空间安全,专业学位,FULL_TIME,未公开,325,64,79,2022,普通,,,CPEER数据集(考研真实录取),https://github.com/Younai2021/CPEER-Dataset,2022,数据来源于CPEER开放数据集，共79条考生记录，其中64人录取
北京邮电大学,北京,0854,电子信息,专业学位,FULL_TIME,未公开,356,19,19,2022,普通,,,CPEER数据集(考研真实录取),https://github.com/Younai2021/CPEER-Dataset,2022,数据来源于CPEER开放数据集，共19条考生记录，其中19人录取
华中农业大学,湖北,0812,计算机科学与技术,专业学位,FULL_TIME,未公开,273,27,27,2022,普通,,,CPEER数据集(考研真实录取),https://github.com/Younai2021/CPEER-Dataset,2022,数据来源于CPEER开放数据集，共27条考生记录，其中27人录取
华中师范大学,湖北,0854,电子信息,专业学位,FULL_TIME,未公开,320,115,139,2022,普通,,,CPEER数据集(考研真实录取),https://github.com/Younai2021/CPEER-Dataset,2022,数据来源于CPEER开放数据集，共139条考生记录，其中115人录取
华中师范大学,湖北,0812,计算机科学与技术,专业学位,FULL_TIME,未公开,292,78,97,2022,普通,,,CPEER数据集(考研真实录取),https://github.com/Younai2021/CPEER-Dataset,2022,数据来源于CPEER开放数据集，共97条考生记录，其中78人录取
华南理工大学,广东,0854,电子信息,专业学位,FULL_TIME,未公开,354,68,68,2022,普通,,,CPEER数据集(考研真实录取),https://github.com/Younai2021/CPEER-Dataset,2022,数据来源于CPEER开放数据集，共68条考生记录，其中68人录取
华南理工大学,广东,0812,计算机科学与技术,专业学位,FULL_TIME,未公开,347,24,24,2022,普通,,,CPEER数据集(考研真实录取),https://github.com/Younai2021/CPEER-Dataset,2022,数据来源于CPEER开放数据集，共24条考生记录，其中24人录取
南京理工大学,江苏,0812,计算机科学与技术,专业学位,FULL_TIME,未公开,307,41,41,2022,普通,,,CPEER数据集(考研真实录取),https://github.com/Younai2021/CPEER-Dataset,2022,数据来源于CPEER开放数据集，共41条考生记录，其中41人录取
南京航空航天大学,江苏,0812,计算机科学与技术,专业学位,FULL_TIME,未公开,271,31,31,2022,普通,,,CPEER数据集(考研真实录取),https://github.com/Younai2021/CPEER-Dataset,2022,数据来源于CPEER开放数据集，共31条考生记录，其中31人录取
南开大学,天津,0854,电子信息,专业学位,FULL_TIME,未公开,325,53,62,2022,普通,,,CPEER数据集(考研真实录取),https://github.com/Younai2021/CPEER-Dataset,2022,数据来源于CPEER开放数据集，共62条考生记录，其中53人录取
厦门大学,福建,0835,软件工程,专业学位,FULL_TIME,未公开,329,20,20,2022,普通,,,CPEER数据集(考研真实录取),https://github.com/Younai2021/CPEER-Dataset,2022,数据来源于CPEER开放数据集，共20条考生记录，其中20人录取
厦门大学,福建,0812,计算机科学与技术,专业学位,FULL_TIME,未公开,353,8,8,2022,普通,,,CPEER数据集(考研真实录取),https://github.com/Younai2021/CPEER-Dataset,2022,数据来源于CPEER开放数据集，共8条考生记录，其中8人录取
厦门大学,福建,0854,电子信息,专业学位,FULL_TIME,未公开,359,47,47,2022,普通,,,CPEER数据集(考研真实录取),https://github.com/Younai2021/CPEER-Dataset,2022,数据来源于CPEER开放数据集，共47条考生记录，其中47人录取
哈尔滨工业大学,黑龙江,0812,计算机科学与技术,专业学位,FULL_TIME,未公开,400,30,30,2022,普通,48,273,CPEER数据集(考研真实录取),https://github.com/Younai2021/CPEER-Dataset,2022,数据来源于CPEER开放数据集，共30条考生记录，其中30人录取
哈尔滨工业大学,黑龙江,0835,软件工程,专业学位,FULL_TIME,未公开,,6,6,2022,普通,,,CPEER数据集(考研真实录取),https://github.com/Younai2021/CPEER-Dataset,2022,数据来源于CPEER开放数据集，共6条考生记录，其中6人录取
哈尔滨工业大学,黑龙江,0839,网络空间安全,专业学位,FULL_TIME,未公开,,16,16,2022,普通,,,CPEER数据集(考研真实录取),https://github.com/Younai2021/CPEER-Dataset,2022,数据来源于CPEER开放数据集，共16条考生记录，其中16人录取
哈尔滨工业大学,黑龙江,0854,电子信息,专业学位,FULL_TIME,未公开,,163,163,2022,普通,,,CPEER数据集(考研真实录取),https://github.com/Younai2021/CPEER-Dataset,2022,数据来源于CPEER开放数据集，共163条考生记录，其中163人录取
四川大学,四川,0812,计算机科学与技术,专业学位,FULL_TIME,未公开,364,17,17,2022,普通,,,CPEER数据集(考研真实录取),https://github.com/Younai2021/CPEER-Dataset,2022,数据来源于CPEER开放数据集，共17条考生记录，其中17人录取
四川大学,四川,0835,软件工程,专业学位,FULL_TIME,未公开,341,14,14,2022,普通,,,CPEER数据集(考研真实录取),https://github.com/Younai2021/CPEER-Dataset,2022,数据来源于CPEER开放数据集，共14条考生记录，其中14人录取
四川大学,四川,0854,电子信息,专业学位,FULL_TIME,未公开,360,78,78,2022,普通,,,CPEER数据集(考研真实录取),https://github.com/Younai2021/CPEER-Dataset,2022,数据来源于CPEER开放数据集，共78条考生记录，其中78人录取
大连海事大学,辽宁,0854,电子信息,专业学位,FULL_TIME,未公开,279,218,260,2022,普通,,,CPEER数据集(考研真实录取),https://github.com/Younai2021/CPEER-Dataset,2022,数据来源于CPEER开放数据集，共260条考生记录，其中218人录取
大连海事大学,辽宁,0812,计算机科学与技术,专业学位,FULL_TIME,未公开,285,48,58,2022,普通,,,CPEER数据集(考研真实录取),https://github.com/Younai2021/CPEER-Dataset,2022,数据来源于CPEER开放数据集，共58条考生记录，其中48人录取
大连海事大学,辽宁,0835,软件工程,专业学位,FULL_TIME,未公开,277,3,3,2022,普通,,,CPEER数据集(考研真实录取),https://github.com/Younai2021/CPEER-Dataset,2022,数据来源于CPEER开放数据集，共3条考生记录，其中3人录取
宁夏大学,宁夏,0854,电子信息,专业学位,FULL_TIME,未公开,263,97,97,2022,普通,,,CPEER数据集(考研真实录取),https://github.com/Younai2021/CPEER-Dataset,2022,数据来源于CPEER开放数据集，共97条考生记录，其中97人录取
宁夏大学,宁夏,0812,计算机科学与技术,专业学位,FULL_TIME,未公开,267,19,19,2022,普通,,,CPEER数据集(考研真实录取),https://github.com/Younai2021/CPEER-Dataset,2022,数据来源于CPEER开放数据集，共19条考生记录，其中19人录取
宁夏大学,宁夏,0854,电子信息,专业学位,FULL_TIME,未公开,299,100,100,2022,普通,,,CPEER数据集(考研真实录取),https://github.com/Younai2021/CPEER-Dataset,2022,数据来源于CPEER开放数据集，共100条考生记录，其中100人录取
宁波大学,未知,0854,电子信息,专业学位,FULL_TIME,未公开,297,7,7,2022,普通,,,CPEER数据集(考研真实录取),https://github.com/Younai2021/CPEER-Dataset,2022,数据来源于CPEER开放数据集，共7条考生记录，其中7人录取
宁波大学,未知,0854,电子信息,专业学位,FULL_TIME,未公开,265,72,72,2022,普通,,,CPEER数据集(考研真实录取),https://github.com/Younai2021/CPEER-Dataset,2022,数据来源于CPEER开放数据集，共72条考生记录，其中72人录取
宁波大学,未知,0812,计算机科学与技术,专业学位,FULL_TIME,未公开,291,26,26,2022,普通,,,CPEER数据集(考研真实录取),https://github.com/Younai2021/CPEER-Dataset,2022,数据来源于CPEER开放数据集，共26条考生记录，其中26人录取
广西大学,广西,0812,计算机科学与技术,专业学位,FULL_TIME,未公开,263,35,35,2022,普通,,,CPEER数据集(考研真实录取),https://github.com/Younai2021/CPEER-Dataset,2022,数据来源于CPEER开放数据集，共35条考生记录，其中35人录取
广西大学,广西,0854,电子信息,专业学位,FULL_TIME,未公开,269,9,9,2022,普通,,,CPEER数据集(考研真实录取),https://github.com/Younai2021/CPEER-Dataset,2022,数据来源于CPEER开放数据集，共9条考生记录，其中9人录取
广西大学,广西,0854,电子信息,专业学位,FULL_TIME,未公开,266,79,79,2022,普通,,,CPEER数据集(考研真实录取),https://github.com/Younai2021/CPEER-Dataset,2022,数据来源于CPEER开放数据集，共79条考生记录，其中79人录取
延边大学,吉林,0812,计算机科学与技术,专业学位,FULL_TIME,未公开,285,5,5,2022,普通,,,CPEER数据集(考研真实录取),https://github.com/Younai2021/CPEER-Dataset,2022,数据来源于CPEER开放数据集，共5条考生记录，其中5人录取
延边大学,吉林,0854,电子信息,专业学位,FULL_TIME,未公开,285,21,21,2022,普通,,,CPEER数据集(考研真实录取),https://github.com/Younai2021/CPEER-Dataset,2022,数据来源于CPEER开放数据集，共21条考生记录，其中21人录取
延边大学,吉林,0854,电子信息,专业学位,FULL_TIME,未公开,315,24,24,2022,普通,,,CPEER数据集(考研真实录取),https://github.com/Younai2021/CPEER-Dataset,2022,数据来源于CPEER开放数据集，共24条考生记录，其中24人录取
成都理工大学,未知,0812,计算机科学与技术,专业学位,FULL_TIME,未公开,273,44,44,2022,普通,,,CPEER数据集(考研真实录取),https://github.com/Younai2021/CPEER-Dataset,2022,数据来源于CPEER开放数据集，共44条考生记录，其中44人录取
成都理工大学,未知,0854,电子信息,专业学位,FULL_TIME,未公开,279,11,11,2022,普通,,,CPEER数据集(考研真实录取),https://github.com/Younai2021/CPEER-Dataset,2022,数据来源于CPEER开放数据集，共11条考生记录，其中11人录取
成都理工大学,未知,0835,软件工程,专业学位,FULL_TIME,未公开,294,20,20,2022,普通,,,CPEER数据集(考研真实录取),https://github.com/Younai2021/CPEER-Dataset,2022,数据来源于CPEER开放数据集，共20条考生记录，其中20人录取
成都理工大学,未知,0854,电子信息,专业学位,FULL_TIME,未公开,278,9,9,2022,普通,,,CPEER数据集(考研真实录取),https://github.com/Younai2021/CPEER-Dataset,2022,数据来源于CPEER开放数据集，共9条考生记录，其中9人录取
成都理工大学,未知,0854,电子信息,专业学位,FULL_TIME,未公开,274,18,18,2022,普通,,,CPEER数据集(考研真实录取),https://github.com/Younai2021/CPEER-Dataset,2022,数据来源于CPEER开放数据集，共18条考生记录，其中18人录取
新疆大学,新疆,0835,软件工程,专业学位,FULL_TIME,未公开,350,5,8,2022,普通,,,CPEER数据集(考研真实录取),https://github.com/Younai2021/CPEER-Dataset,2022,数据来源于CPEER开放数据集，共8条考生记录，其中5人录取
新疆大学,新疆,0854,电子信息,专业学位,FULL_TIME,未公开,374,23,28,2022,普通,,,CPEER数据集(考研真实录取),https://github.com/Younai2021/CPEER-Dataset,2022,数据来源于CPEER开放数据集，共28条考生记录，其中23人录取
江南大学,江苏,0854,电子信息,专业学位,FULL_TIME,未公开,297,14,14,2022,普通,,,CPEER数据集(考研真实录取),https://github.com/Younai2021/CPEER-Dataset,2022,数据来源于CPEER开放数据集，共14条考生记录，其中14人录取
河北工业大学,河北,0812,计算机科学与技术,专业学位,FULL_TIME,未公开,301,49,49,2022,普通,,,CPEER数据集(考研真实录取),https://github.com/Younai2021/CPEER-Dataset,2022,数据来源于CPEER开放数据集，共49条考生记录，其中49人录取
河北工业大学,河北,0854,电子信息,专业学位,FULL_TIME,未公开,294,68,68,2022,普通,,,CPEER数据集(考研真实录取),https://github.com/Younai2021/CPEER-Dataset,2022,数据来源于CPEER开放数据集，共68条考生记录，其中68人录取
海南大学,海南,0812,计算机科学与技术,专业学位,FULL_TIME,未公开,265,33,33,2022,普通,,,CPEER数据集(考研真实录取),https://github.com/Younai2021/CPEER-Dataset,2022,数据来源于CPEER开放数据集，共33条考生记录，其中33人录取
海南大学,海南,0854,电子信息,专业学位,FULL_TIME,未公开,276,82,82,2022,普通,,,CPEER数据集(考研真实录取),https://github.com/Younai2021/CPEER-Dataset,2022,数据来源于CPEER开放数据集，共82条考生记录，其中82人录取
福州大学,福建,0835,软件工程,专业学位,FULL_TIME,未公开,315,30,37,2022,普通,,,CPEER数据集(考研真实录取),https://github.com/Younai2021/CPEER-Dataset,2022,数据来源于CPEER开放数据集，共37条考生记录，其中30人录取
福州大学,福建,0812,计算机科学与技术,专业学位,FULL_TIME,未公开,297,9,10,2022,普通,,,CPEER数据集(考研真实录取),https://github.com/Younai2021/CPEER-Dataset,2022,数据来源于CPEER开放数据集，共10条考生记录，其中9人录取
福州大学,福建,0812,计算机科学与技术,专业学位,FULL_TIME,未公开,346,4,5,2022,普通,,,CPEER数据集(考研真实录取),https://github.com/Younai2021/CPEER-Dataset,2022,数据来源于CPEER开放数据集，共5条考生记录，其中4人录取
福州大学,福建,0854,电子信息,专业学位,FULL_TIME,未公开,343,133,159,2022,普通,,,CPEER数据集(考研真实录取),https://github.com/Younai2021/CPEER-Dataset,2022,数据来源于CPEER开放数据集，共159条考生记录，其中133人录取
福州大学,福建,0812,计算机科学与技术,专业学位,FULL_TIME,未公开,320,22,25,2022,普通,,,CPEER数据集(考研真实录取),https://github.com/Younai2021/CPEER-Dataset,2022,数据来源于CPEER开放数据集，共25条考生记录，其中22人录取
福州大学,福建,0854,电子信息,专业学位,FULL_TIME,未公开,313,4,5,2022,普通,,,CPEER数据集(考研真实录取),https://github.com/Younai2021/CPEER-Dataset,2022,数据来源于CPEER开放数据集，共5条考生记录，其中4人录取
西北大学,陕西,0835,软件工程,专业学位,FULL_TIME,未公开,297,165,217,2022,普通,,,CPEER数据集(考研真实录取),https://github.com/Younai2021/CPEER-Dataset,2022,数据来源于CPEER开放数据集，共217条考生记录，其中165人录取
西北大学,陕西,0812,计算机科学与技术,专业学位,FULL_TIME,未公开,340,2,4,2022,普通,,,CPEER数据集(考研真实录取),https://github.com/Younai2021/CPEER-Dataset,2022,数据来源于CPEER开放数据集，共4条考生记录，其中2人录取
西北大学,陕西,0812,计算机科学与技术,专业学位,FULL_TIME,未公开,293,19,24,2022,普通,,,CPEER数据集(考研真实录取),https://github.com/Younai2021/CPEER-Dataset,2022,数据来源于CPEER开放数据集，共24条考生记录，其中19人录取
西南财经大学,四川,0812,计算机科学与技术,专业学位,FULL_TIME,未公开,286,14,14,2022,普通,,,CPEER数据集(考研真实录取),https://github.com/Younai2021/CPEER-Dataset,2022,数据来源于CPEER开放数据集，共14条考生记录，其中14人录取
西南财经大学,四川,0812,计算机科学与技术,专业学位,FULL_TIME,未公开,310,23,23,2022,普通,,,CPEER数据集(考研真实录取),https://github.com/Younai2021/CPEER-Dataset,2022,数据来源于CPEER开放数据集，共23条考生记录，其中23人录取
西藏大学,西藏,0812,计算机科学与技术,专业学位,FULL_TIME,未公开,254,7,7,2022,普通,,,CPEER数据集(考研真实录取),https://github.com/Younai2021/CPEER-Dataset,2022,数据来源于CPEER开放数据集，共7条考生记录，其中7人录取
西藏大学,西藏,0812,计算机科学与技术,专业学位,FULL_TIME,未公开,258,11,11,2022,普通,,,CPEER数据集(考研真实录取),https://github.com/Younai2021/CPEER-Dataset,2022,数据来源于CPEER开放数据集，共11条考生记录，其中11人录取
西藏大学,西藏,0812,计算机科学与技术,专业学位,FULL_TIME,未公开,305,10,10,2022,普通,,,CPEER数据集(考研真实录取),https://github.com/Younai2021/CPEER-Dataset,2022,数据来源于CPEER开放数据集，共10条考生记录，其中10人录取
贵州大学,贵州,0812,计算机科学与技术,专业学位,FULL_TIME,未公开,264,43,43,2022,普通,,,CPEER数据集(考研真实录取),https://github.com/Younai2021/CPEER-Dataset,2022,数据来源于CPEER开放数据集，共43条考生记录，其中43人录取
贵州大学,贵州,0835,软件工程,专业学位,FULL_TIME,未公开,295,30,30,2022,普通,,,CPEER数据集(考研真实录取),https://github.com/Younai2021/CPEER-Dataset,2022,数据来源于CPEER开放数据集，共30条考生记录，其中30人录取
贵州大学,贵州,0854,电子信息,专业学位,FULL_TIME,未公开,264,282,282,2022,普通,,,CPEER数据集(考研真实录取),https://github.com/Younai2021/CPEER-Dataset,2022,数据来源于CPEER开放数据集，共282条考生记录，其中282人录取
辽宁大学,辽宁,0812,计算机科学与技术,专业学位,FULL_TIME,未公开,279,1,1,2022,普通,,,CPEER数据集(考研真实录取),https://github.com/Younai2021/CPEER-Dataset,2022,数据来源于CPEER开放数据集，共1条考生记录，其中1人录取
辽宁大学,辽宁,0812,计算机科学与技术,专业学位,FULL_TIME,未公开,275,4,4,2022,普通,,,CPEER数据集(考研真实录取),https://github.com/Younai2021/CPEER-Dataset,2022,数据来源于CPEER开放数据集，共4条考生记录，其中4人录取
辽宁大学,辽宁,0812,计算机科学与技术,专业学位,FULL_TIME,未公开,274,12,12,2022,普通,,,CPEER数据集(考研真实录取),https://github.com/Younai2021/CPEER-Dataset,2022,数据来源于CPEER开放数据集，共12条考生记录，其中12人录取
辽宁大学,辽宁,0835,软件工程,专业学位,FULL_TIME,未公开,273,35,35,2022,普通,,,CPEER数据集(考研真实录取),https://github.com/Younai2021/CPEER-Dataset,2022,数据来源于CPEER开放数据集，共35条考生记录，其中35人录取
长安大学,陕西,0854,电子信息,专业学位,FULL_TIME,未公开,273,178,178,2022,普通,,,CPEER数据集(考研真实录取),https://github.com/Younai2021/CPEER-Dataset,2022,数据来源于CPEER开放数据集，共178条考生记录，其中178人录取
长安大学,陕西,0812,计算机科学与技术,专业学位,FULL_TIME,未公开,317,32,32,2022,普通,,,CPEER数据集(考研真实录取),https://github.com/Younai2021/CPEER-Dataset,2022,数据来源于CPEER开放数据集，共32条考生记录，其中32人录取
长安大学,陕西,0835,软件工程,专业学位,FULL_TIME,未公开,279,9,9,2022,普通,,,CPEER数据集(考研真实录取),https://github.com/Younai2021/CPEER-Dataset,2022,数据来源于CPEER开放数据集，共9条考生记录，其中9人录取
长安大学,陕西,0839,网络空间安全,专业学位,FULL_TIME,未公开,283,5,5,2022,普通,,,CPEER数据集(考研真实录取),https://github.com/Younai2021/CPEER-Dataset,2022,数据来源于CPEER开放数据集，共5条考生记录，其中5人录取
上海财经大学,上海,0835,软件工程,专业学位,FULL_TIME,未公开,353,1,1,2023,普通,,,CPEER数据集(考研真实录取),https://github.com/Younai2021/CPEER-Dataset,2023,数据来源于CPEER开放数据集，共1条考生记录，其中1人录取
上海财经大学,上海,0854,电子信息,专业学位,FULL_TIME,未公开,339,1,1,2023,普通,,,CPEER数据集(考研真实录取),https://github.com/Younai2021/CPEER-Dataset,2023,数据来源于CPEER开放数据集，共1条考生记录，其中1人录取
上海财经大学,上海,0835,软件工程,专业学位,FULL_TIME,未公开,338,2,2,2023,普通,,,CPEER数据集(考研真实录取),https://github.com/Younai2021/CPEER-Dataset,2023,数据来源于CPEER开放数据集，共2条考生记录，其中2人录取
东北师范大学,吉林,0812,计算机科学与技术,专业学位,FULL_TIME,未公开,314,30,30,2023,普通,,,CPEER数据集(考研真实录取),https://github.com/Younai2021/CPEER-Dataset,2023,数据来源于CPEER开放数据集，共30条考生记录，其中30人录取
东北师范大学,吉林,0854,电子信息,专业学位,FULL_TIME,未公开,279,94,94,2023,普通,,,CPEER数据集(考研真实录取),https://github.com/Younai2021/CPEER-Dataset,2023,数据来源于CPEER开放数据集，共94条考生记录，其中94人录取
中南财经政法大学,湖北,0812,计算机科学与技术,专业学位,FULL_TIME,未公开,294,3,4,2023,普通,,,CPEER数据集(考研真实录取),https://github.com/Younai2021/CPEER-Dataset,2023,数据来源于CPEER开放数据集，共4条考生记录，其中3人录取
中南财经政法大学,湖北,0854,电子信息,专业学位,FULL_TIME,未公开,304,19,27,2023,普通,,,CPEER数据集(考研真实录取),https://github.com/Younai2021/CPEER-Dataset,2023,数据来源于CPEER开放数据集，共27条考生记录，其中19人录取
中南财经政法大学,湖北,0854,电子信息,专业学位,FULL_TIME,未公开,350,20,28,2023,普通,,,CPEER数据集(考研真实录取),https://github.com/Younai2021/CPEER-Dataset,2023,数据来源于CPEER开放数据集，共28条考生记录，其中20人录取
中南财经政法大学,湖北,0854,电子信息,专业学位,FULL_TIME,未公开,356,18,25,2023,普通,,,CPEER数据集(考研真实录取),https://github.com/Younai2021/CPEER-Dataset,2023,数据来源于CPEER开放数据集，共25条考生记录，其中18人录取
中国地质大学(北京),未知,0812,计算机科学与技术,专业学位,FULL_TIME,未公开,286,3,3,2023,普通,,,CPEER数据集(考研真实录取),https://github.com/Younai2021/CPEER-Dataset,2023,数据来源于CPEER开放数据集，共3条考生记录，其中3人录取
中国地质大学(北京),未知,0854,电子信息,专业学位,FULL_TIME,未公开,317,28,28,2023,普通,,,CPEER数据集(考研真实录取),https://github.com/Younai2021/CPEER-Dataset,2023,数据来源于CPEER开放数据集，共28条考生记录，其中28人录取
中国地质大学(北京),未知,0835,软件工程,专业学位,FULL_TIME,未公开,338,16,16,2023,普通,,,CPEER数据集(考研真实录取),https://github.com/Younai2021/CPEER-Dataset,2023,数据来源于CPEER开放数据集，共16条考生记录，其中16人录取
中国地质大学(武汉),未知,0854,电子信息,专业学位,FULL_TIME,未公开,278,392,568,2023,普通,,,CPEER数据集(考研真实录取),https://github.com/Younai2021/CPEER-Dataset,2023,数据来源于CPEER开放数据集，共568条考生记录，其中392人录取
中国矿业大学,江苏,0854,电子信息,专业学位,FULL_TIME,未公开,292,31,31,2023,普通,,,CPEER数据集(考研真实录取),https://github.com/Younai2021/CPEER-Dataset,2023,数据来源于CPEER开放数据集，共31条考生记录，其中31人录取
中国矿业大学,江苏,0812,计算机科学与技术,专业学位,FULL_TIME,未公开,289,16,16,2023,普通,,,CPEER数据集(考研真实录取),https://github.com/Younai2021/CPEER-Dataset,2023,数据来源于CPEER开放数据集，共16条考生记录，其中16人录取
中国矿业大学,江苏,0835,软件工程,专业学位,FULL_TIME,未公开,277,37,37,2023,普通,,,CPEER数据集(考研真实录取),https://github.com/Younai2021/CPEER-Dataset,2023,数据来源于CPEER开放数据集，共37条考生记录，其中37人录取
中国矿业大学,江苏,0854,电子信息,专业学位,FULL_TIME,未公开,273,41,41,2023,普通,,,CPEER数据集(考研真实录取),https://github.com/Younai2021/CPEER-Dataset,2023,数据来源于CPEER开放数据集，共41条考生记录，其中41人录取
中国矿业大学,江苏,0854,电子信息,专业学位,FULL_TIME,未公开,352,1,1,2023,普通,,,CPEER数据集(考研真实录取),https://github.com/Younai2021/CPEER-Dataset,2023,数据来源于CPEER开放数据集，共1条考生记录，其中1人录取
中国矿业大学,江苏,0854,电子信息,专业学位,FULL_TIME,未公开,285,2,2,2023,普通,,,CPEER数据集(考研真实录取),https://github.com/Younai2021/CPEER-Dataset,2023,数据来源于CPEER开放数据集，共2条考生记录，其中2人录取
中国科学院大学,未知,0812,计算机科学与技术,专业学位,FULL_TIME,未公开,274,133,133,2023,普通,,,CPEER数据集(考研真实录取),https://github.com/Younai2021/CPEER-Dataset,2023,数据来源于CPEER开放数据集，共133条考生记录，其中133人录取
中国科学院大学,未知,0839,网络空间安全,专业学位,FULL_TIME,未公开,274,11,11,2023,普通,,,CPEER数据集(考研真实录取),https://github.com/Younai2021/CPEER-Dataset,2023,数据来源于CPEER开放数据集，共11条考生记录，其中11人录取
中国科学院大学,未知,0812,计算机科学与技术,专业学位,FULL_TIME,未公开,285,10,10,2023,普通,,,CPEER数据集(考研真实录取),https://github.com/Younai2021/CPEER-Dataset,2023,数据来源于CPEER开放数据集，共10条考生记录，其中10人录取
中国科学院大学,未知,0835,软件工程,专业学位,FULL_TIME,未公开,337,9,9,2023,普通,,,CPEER数据集(考研真实录取),https://github.com/Younai2021/CPEER-Dataset,2023,数据来源于CPEER开放数据集，共9条考生记录，其中9人录取
中国科学院大学,未知,0854,电子信息,专业学位,FULL_TIME,未公开,277,46,46,2023,普通,,,CPEER数据集(考研真实录取),https://github.com/Younai2021/CPEER-Dataset,2023,数据来源于CPEER开放数据集，共46条考生记录，其中46人录取
中央财经大学,北京,0854,电子信息,专业学位,FULL_TIME,未公开,295,16,21,2023,普通,,,CPEER数据集(考研真实录取),https://github.com/Younai2021/CPEER-Dataset,2023,数据来源于CPEER开放数据集，共21条考生记录，其中16人录取
北京化工大学,北京,0812,计算机科学与技术,专业学位,FULL_TIME,未公开,292,28,28,2023,普通,,,CPEER数据集(考研真实录取),https://github.com/Younai2021/CPEER-Dataset,2023,数据来源于CPEER开放数据集，共28条考生记录，其中28人录取
北京化工大学,北京,0854,电子信息,专业学位,FULL_TIME,未公开,316,23,23,2023,普通,,,CPEER数据集(考研真实录取),https://github.com/Younai2021/CPEER-Dataset,2023,数据来源于CPEER开放数据集，共23条考生记录，其中23人录取
北京化工大学,北京,0854,电子信息,专业学位,FULL_TIME,未公开,291,27,27,2023,普通,,,CPEER数据集(考研真实录取),https://github.com/Younai2021/CPEER-Dataset,2023,数据来源于CPEER开放数据集，共27条考生记录，其中27人录取
北京大学,北京,0812,计算机科学与技术,专业学位,FULL_TIME,未公开,348,8,8,2023,普通,,,CPEER数据集(考研真实录取),https://github.com/Younai2021/CPEER-Dataset,2023,数据来源于CPEER开放数据集，共8条考生记录，其中8人录取
北京大学,北京,0812,计算机科学与技术,专业学位,FULL_TIME,未公开,380,9,9,2023,普通,,,CPEER数据集(考研真实录取),https://github.com/Younai2021/CPEER-Dataset,2023,数据来源于CPEER开放数据集，共9条考生记录，其中9人录取
北京大学,北京,0812,计算机科学与技术,专业学位,FULL_TIME,未公开,379,4,4,2023,普通,,,CPEER数据集(考研真实录取),https://github.com/Younai2021/CPEER-Dataset,2023,数据来源于CPEER开放数据集，共4条考生记录，其中4人录取
北京大学,北京,0812,计算机科学与技术,专业学位,FULL_TIME,未公开,82,19,19,2023,普通,45,273,CPEER数据集(考研真实录取),https://github.com/Younai2021/CPEER-Dataset,2023,数据来源于CPEER开放数据集，共19条考生记录，其中19人录取
北京大学,北京,0854,电子信息,专业学位,FULL_TIME,未公开,348,423,423,2023,普通,,,CPEER数据集(考研真实录取),https://github.com/Younai2021/CPEER-Dataset,2023,数据来源于CPEER开放数据集，共423条考生记录，其中423人录取
北京师范大学,北京,0812,计算机科学与技术,专业学位,FULL_TIME,未公开,333,26,26,2023,普通,,,CPEER数据集(考研真实录取),https://github.com/Younai2021/CPEER-Dataset,2023,数据来源于CPEER开放数据集，共26条考生记录，其中26人录取
北京理工大学,北京,0854,电子信息,专业学位,FULL_TIME,未公开,318,30,30,2023,普通,,,CPEER数据集(考研真实录取),https://github.com/Younai2021/CPEER-Dataset,2023,数据来源于CPEER开放数据集，共30条考生记录，其中30人录取
北京理工大学,北京,0839,网络空间安全,专业学位,FULL_TIME,未公开,310,16,16,2023,普通,,,CPEER数据集(考研真实录取),https://github.com/Younai2021/CPEER-Dataset,2023,数据来源于CPEER开放数据集，共16条考生记录，其中16人录取
北京理工大学,北京,0854,电子信息,专业学位,FULL_TIME,未公开,309,19,19,2023,普通,,,CPEER数据集(考研真实录取),https://github.com/Younai2021/CPEER-Dataset,2023,数据来源于CPEER开放数据集，共19条考生记录，其中19人录取
北京理工大学,北京,0835,软件工程,专业学位,FULL_TIME,未公开,330,74,74,2023,普通,,,CPEER数据集(考研真实录取),https://github.com/Younai2021/CPEER-Dataset,2023,数据来源于CPEER开放数据集，共74条考生记录，其中74人录取
北京理工大学,北京,0854,电子信息,专业学位,FULL_TIME,未公开,329,5,5,2023,普通,,,CPEER数据集(考研真实录取),https://github.com/Younai2021/CPEER-Dataset,2023,数据来源于CPEER开放数据集，共5条考生记录，其中5人录取
北京理工大学,北京,0812,计算机科学与技术,专业学位,FULL_TIME,未公开,335,47,47,2023,普通,,,CPEER数据集(考研真实录取),https://github.com/Younai2021/CPEER-Dataset,2023,数据来源于CPEER开放数据集，共47条考生记录，其中47人录取
北京理工大学,北京,0854,电子信息,专业学位,FULL_TIME,未公开,329,64,64,2023,普通,,,CPEER数据集(考研真实录取),https://github.com/Younai2021/CPEER-Dataset,2023,数据来源于CPEER开放数据集，共64条考生记录，其中64人录取
北京科技大学,北京,0812,计算机科学与技术,专业学位,FULL_TIME,未公开,300,28,39,2023,普通,,,CPEER数据集(考研真实录取),https://github.com/Younai2021/CPEER-Dataset,2023,数据来源于CPEER开放数据集，共39条考生记录，其中28人录取
北京科技大学,北京,0854,电子信息,专业学位,FULL_TIME,未公开,305,40,57,2023,普通,,,CPEER数据集(考研真实录取),https://github.com/Younai2021/CPEER-Dataset,2023,数据来源于CPEER开放数据集，共57条考生记录，其中40人录取
北京航空航天大学,北京,0854,电子信息,专业学位,FULL_TIME,未公开,301,210,245,2023,普通,,,CPEER数据集(考研真实录取),https://github.com/Younai2021/CPEER-Dataset,2023,数据来源于CPEER开放数据集，共245条考生记录，其中210人录取
北京航空航天大学,北京,0812,计算机科学与技术,专业学位,FULL_TIME,未公开,318,46,66,2023,普通,30,273,CPEER数据集(考研真实录取),https://github.com/Younai2021/CPEER-Dataset,2023,数据来源于CPEER开放数据集，共66条考生记录，其中46人录取
北京航空航天大学,北京,0835,软件工程,专业学位,FULL_TIME,未公开,314,18,21,2023,普通,,,CPEER数据集(考研真实录取),https://github.com/Younai2021/CPEER-Dataset,2023,数据来源于CPEER开放数据集，共21条考生记录，其中18人录取
北京邮电大学,北京,0854,电子信息,专业学位,FULL_TIME,未公开,313,214,302,2023,普通,,,CPEER数据集(考研真实录取),https://github.com/Younai2021/CPEER-Dataset,2023,数据来源于CPEER开放数据集，共302条考生记录，其中214人录取
北京邮电大学,北京,0854,电子信息,专业学位,FULL_TIME,未公开,325,4,4,2023,普通,70,273,CPEER数据集(考研真实录取),https://github.com/Younai2021/CPEER-Dataset,2023,数据来源于CPEER开放数据集，共4条考生记录，其中4人录取
北京邮电大学,北京,0835,软件工程,专业学位,FULL_TIME,未公开,277,11,12,2023,普通,,,CPEER数据集(考研真实录取),https://github.com/Younai2021/CPEER-Dataset,2023,数据来源于CPEER开放数据集，共12条考生记录，其中11人录取
北京邮电大学,北京,0839,网络空间安全,专业学位,FULL_TIME,未公开,313,67,90,2023,普通,,,CPEER数据集(考研真实录取),https://github.com/Younai2021/CPEER-Dataset,2023,数据来源于CPEER开放数据集，共90条考生记录，其中67人录取
北京邮电大学,北京,0854,电子信息,专业学位,FULL_TIME,未公开,314,67,85,2023,普通,,,CPEER数据集(考研真实录取),https://github.com/Younai2021/CPEER-Dataset,2023,数据来源于CPEER开放数据集，共85条考生记录，其中67人录取
华东师范大学,上海,0854,电子信息,专业学位,FULL_TIME,未公开,273,70,70,2023,普通,,,CPEER数据集(考研真实录取),https://github.com/Younai2021/CPEER-Dataset,2023,数据来源于CPEER开放数据集，共70条考生记录，其中70人录取
华东师范大学,上海,0812,计算机科学与技术,专业学位,FULL_TIME,未公开,324,71,71,2023,普通,,,CPEER数据集(考研真实录取),https://github.com/Younai2021/CPEER-Dataset,2023,数据来源于CPEER开放数据集，共71条考生记录，其中71人录取
华东师范大学,上海,0835,软件工程,专业学位,FULL_TIME,未公开,275,246,246,2023,普通,,,CPEER数据集(考研真实录取),https://github.com/Younai2021/CPEER-Dataset,2023,数据来源于CPEER开放数据集，共246条考生记录，其中246人录取
华东师范大学,上海,0854,电子信息,专业学位,FULL_TIME,未公开,298,82,82,2023,普通,,,CPEER数据集(考研真实录取),https://github.com/Younai2021/CPEER-Dataset,2023,数据来源于CPEER开放数据集，共82条考生记录，其中82人录取
华中农业大学,湖北,0812,计算机科学与技术,专业学位,FULL_TIME,未公开,275,32,32,2023,普通,,,CPEER数据集(考研真实录取),https://github.com/Younai2021/CPEER-Dataset,2023,数据来源于CPEER开放数据集，共32条考生记录，其中32人录取
华中师范大学,湖北,0812,计算机科学与技术,专业学位,FULL_TIME,未公开,293,81,97,2023,普通,,,CPEER数据集(考研真实录取),https://github.com/Younai2021/CPEER-Dataset,2023,数据来源于CPEER开放数据集，共97条考生记录，其中81人录取
华中师范大学,湖北,0835,软件工程,专业学位,FULL_TIME,未公开,303,62,76,2023,普通,,,CPEER数据集(考研真实录取),https://github.com/Younai2021/CPEER-Dataset,2023,数据来源于CPEER开放数据集，共76条考生记录，其中62人录取
华中师范大学,湖北,0854,电子信息,专业学位,FULL_TIME,未公开,316,31,38,2023,普通,,,CPEER数据集(考研真实录取),https://github.com/Younai2021/CPEER-Dataset,2023,数据来源于CPEER开放数据集，共38条考生记录，其中31人录取
华中科技大学,湖北,0812,计算机科学与技术,专业学位,FULL_TIME,未公开,345,40,42,2023,普通,40,273,CPEER数据集(考研真实录取),https://github.com/Younai2021/CPEER-Dataset,2023,数据来源于CPEER开放数据集，共42条考生记录，其中40人录取
华中科技大学,湖北,0854,电子信息,专业学位,FULL_TIME,未公开,341,209,214,2023,普通,55,273,CPEER数据集(考研真实录取),https://github.com/Younai2021/CPEER-Dataset,2023,数据来源于CPEER开放数据集，共214条考生记录，其中209人录取
华南理工大学,广东,0812,计算机科学与技术,专业学位,FULL_TIME,未公开,337,32,32,2023,普通,,,CPEER数据集(考研真实录取),https://github.com/Younai2021/CPEER-Dataset,2023,数据来源于CPEER开放数据集，共32条考生记录，其中32人录取
华南理工大学,广东,0854,电子信息,专业学位,FULL_TIME,未公开,342,77,77,2023,普通,,,CPEER数据集(考研真实录取),https://github.com/Younai2021/CPEER-Dataset,2023,数据来源于CPEER开放数据集，共77条考生记录，其中77人录取
南京大学,江苏,0835,软件工程,专业学位,FULL_TIME,未公开,312,104,129,2023,普通,,,CPEER数据集(考研真实录取),https://github.com/Younai2021/CPEER-Dataset,2023,数据来源于CPEER开放数据集，共129条考生记录，其中104人录取
南京理工大学,江苏,0812,计算机科学与技术,专业学位,FULL_TIME,未公开,350,8,8,2023,普通,,,CPEER数据集(考研真实录取),https://github.com/Younai2021/CPEER-Dataset,2023,数据来源于CPEER开放数据集，共8条考生记录，其中8人录取
南开大学,天津,0854,电子信息,专业学位,FULL_TIME,未公开,361,49,57,2023,普通,,,CPEER数据集(考研真实录取),https://github.com/Younai2021/CPEER-Dataset,2023,数据来源于CPEER开放数据集，共57条考生记录，其中49人录取
南开大学,天津,0812,计算机科学与技术,专业学位,FULL_TIME,未公开,335,4,4,2023,普通,,,CPEER数据集(考研真实录取),https://github.com/Younai2021/CPEER-Dataset,2023,数据来源于CPEER开放数据集，共4条考生记录，其中4人录取
南开大学,天津,0854,电子信息,专业学位,FULL_TIME,未公开,311,5,5,2023,普通,,,CPEER数据集(考研真实录取),https://github.com/Younai2021/CPEER-Dataset,2023,数据来源于CPEER开放数据集，共5条考生记录，其中5人录取
南开大学,天津,0839,网络空间安全,专业学位,FULL_TIME,未公开,352,1,2,2023,普通,,,CPEER数据集(考研真实录取),https://github.com/Younai2021/CPEER-Dataset,2023,数据来源于CPEER开放数据集，共2条考生记录，其中1人录取
南开大学,天津,0854,电子信息,专业学位,FULL_TIME,未公开,372,2,2,2023,普通,,,CPEER数据集(考研真实录取),https://github.com/Younai2021/CPEER-Dataset,2023,数据来源于CPEER开放数据集，共2条考生记录，其中2人录取
南开大学,天津,0835,软件工程,专业学位,FULL_TIME,未公开,310,56,92,2023,普通,,,CPEER数据集(考研真实录取),https://github.com/Younai2021/CPEER-Dataset,2023,数据来源于CPEER开放数据集，共92条考生记录，其中56人录取
南昌大学,江西,0812,计算机科学与技术,专业学位,FULL_TIME,未公开,303,28,28,2023,普通,,,CPEER数据集(考研真实录取),https://github.com/Younai2021/CPEER-Dataset,2023,数据来源于CPEER开放数据集，共28条考生记录，其中28人录取
南昌大学,江西,0854,电子信息,专业学位,FULL_TIME,未公开,341,100,100,2023,普通,,,CPEER数据集(考研真实录取),https://github.com/Younai2021/CPEER-Dataset,2023,数据来源于CPEER开放数据集，共100条考生记录，其中100人录取
南昌大学,江西,0835,软件工程,专业学位,FULL_TIME,未公开,326,43,43,2023,普通,,,CPEER数据集(考研真实录取),https://github.com/Younai2021/CPEER-Dataset,2023,数据来源于CPEER开放数据集，共43条考生记录，其中43人录取
南昌大学,江西,0854,电子信息,专业学位,FULL_TIME,未公开,331,18,18,2023,普通,,,CPEER数据集(考研真实录取),https://github.com/Younai2021/CPEER-Dataset,2023,数据来源于CPEER开放数据集，共18条考生记录，其中18人录取
厦门大学,福建,0812,计算机科学与技术,专业学位,FULL_TIME,未公开,311,10,10,2023,普通,,,CPEER数据集(考研真实录取),https://github.com/Younai2021/CPEER-Dataset,2023,数据来源于CPEER开放数据集，共10条考生记录，其中10人录取
厦门大学,福建,0854,电子信息,专业学位,FULL_TIME,未公开,350,40,40,2023,普通,,,CPEER数据集(考研真实录取),https://github.com/Younai2021/CPEER-Dataset,2023,数据来源于CPEER开放数据集，共40条考生记录，其中40人录取
厦门大学,福建,0835,软件工程,专业学位,FULL_TIME,未公开,381,9,9,2023,普通,,,CPEER数据集(考研真实录取),https://github.com/Younai2021/CPEER-Dataset,2023,数据来源于CPEER开放数据集，共9条考生记录，其中9人录取
同济大学,上海,0854,电子信息,专业学位,FULL_TIME,未公开,337,63,78,2023,普通,,,CPEER数据集(考研真实录取),https://github.com/Younai2021/CPEER-Dataset,2023,数据来源于CPEER开放数据集，共78条考生记录，其中63人录取
同济大学,上海,0812,计算机科学与技术,专业学位,FULL_TIME,未公开,339,31,33,2023,普通,,,CPEER数据集(考研真实录取),https://github.com/Younai2021/CPEER-Dataset,2023,数据来源于CPEER开放数据集，共33条考生记录，其中31人录取
哈尔滨工业大学,黑龙江,0812,计算机科学与技术,专业学位,FULL_TIME,未公开,375,30,30,2023,普通,50,273,CPEER数据集(考研真实录取),https://github.com/Younai2021/CPEER-Dataset,2023,数据来源于CPEER开放数据集，共30条考生记录，其中30人录取
哈尔滨工业大学,黑龙江,0854,电子信息,专业学位,FULL_TIME,未公开,,184,184,2023,普通,,,CPEER数据集(考研真实录取),https://github.com/Younai2021/CPEER-Dataset,2023,数据来源于CPEER开放数据集，共184条考生记录，其中184人录取
哈尔滨工业大学,黑龙江,0835,软件工程,专业学位,FULL_TIME,未公开,,6,6,2023,普通,,,CPEER数据集(考研真实录取),https://github.com/Younai2021/CPEER-Dataset,2023,数据来源于CPEER开放数据集，共6条考生记录，其中6人录取
哈尔滨工业大学,黑龙江,0839,网络空间安全,专业学位,FULL_TIME,未公开,,5,5,2023,普通,,,CPEER数据集(考研真实录取),https://github.com/Younai2021/CPEER-Dataset,2023,数据来源于CPEER开放数据集，共5条考生记录，其中5人录取
四川大学,四川,0812,计算机科学与技术,专业学位,FULL_TIME,未公开,341,20,20,2023,普通,,,CPEER数据集(考研真实录取),https://github.com/Younai2021/CPEER-Dataset,2023,数据来源于CPEER开放数据集，共20条考生记录，其中20人录取
四川大学,四川,0835,软件工程,专业学位,FULL_TIME,未公开,328,15,15,2023,普通,,,CPEER数据集(考研真实录取),https://github.com/Younai2021/CPEER-Dataset,2023,数据来源于CPEER开放数据集，共15条考生记录，其中15人录取
四川大学,四川,0854,电子信息,专业学位,FULL_TIME,未公开,345,118,118,2023,普通,,,CPEER数据集(考研真实录取),https://github.com/Younai2021/CPEER-Dataset,2023,数据来源于CPEER开放数据集，共118条考生记录，其中118人录取
大连海事大学,辽宁,0812,计算机科学与技术,专业学位,FULL_TIME,未公开,313,41,50,2023,普通,,,CPEER数据集(考研真实录取),https://github.com/Younai2021/CPEER-Dataset,2023,数据来源于CPEER开放数据集，共50条考生记录，其中41人录取
大连海事大学,辽宁,0835,软件工程,专业学位,FULL_TIME,未公开,279,20,22,2023,普通,,,CPEER数据集(考研真实录取),https://github.com/Younai2021/CPEER-Dataset,2023,数据来源于CPEER开放数据集，共22条考生记录，其中20人录取
大连海事大学,辽宁,0854,电子信息,专业学位,FULL_TIME,未公开,274,23,23,2023,普通,,,CPEER数据集(考研真实录取),https://github.com/Younai2021/CPEER-Dataset,2023,数据来源于CPEER开放数据集，共23条考生记录，其中23人录取
大连海事大学,辽宁,0854,电子信息,专业学位,FULL_TIME,未公开,285,39,47,2023,普通,,,CPEER数据集(考研真实录取),https://github.com/Younai2021/CPEER-Dataset,2023,数据来源于CPEER开放数据集，共47条考生记录，其中39人录取
大连海事大学,辽宁,0854,电子信息,专业学位,FULL_TIME,未公开,291,23,32,2023,普通,,,CPEER数据集(考研真实录取),https://github.com/Younai2021/CPEER-Dataset,2023,数据来源于CPEER开放数据集，共32条考生记录，其中23人录取
大连海事大学,辽宁,0854,电子信息,专业学位,FULL_TIME,未公开,333,20,24,2023,普通,,,CPEER数据集(考研真实录取),https://github.com/Younai2021/CPEER-Dataset,2023,数据来源于CPEER开放数据集，共24条考生记录，其中20人录取
天津大学,天津,0854,电子信息,专业学位,FULL_TIME,未公开,319,82,120,2023,普通,,,CPEER数据集(考研真实录取),https://github.com/Younai2021/CPEER-Dataset,2023,数据来源于CPEER开放数据集，共120条考生记录，其中82人录取
天津大学,天津,0812,计算机科学与技术,专业学位,FULL_TIME,未公开,315,1,1,2023,普通,,,CPEER数据集(考研真实录取),https://github.com/Younai2021/CPEER-Dataset,2023,数据来源于CPEER开放数据集，共1条考生记录，其中1人录取
宁夏大学,宁夏,0854,电子信息,专业学位,FULL_TIME,未公开,266,25,25,2023,普通,,,CPEER数据集(考研真实录取),https://github.com/Younai2021/CPEER-Dataset,2023,数据来源于CPEER开放数据集，共25条考生记录，其中25人录取
宁夏大学,宁夏,0812,计算机科学与技术,专业学位,FULL_TIME,未公开,265,19,19,2023,普通,,,CPEER数据集(考研真实录取),https://github.com/Younai2021/CPEER-Dataset,2023,数据来源于CPEER开放数据集，共19条考生记录，其中19人录取
宁夏大学,宁夏,0854,电子信息,专业学位,FULL_TIME,未公开,267,90,90,2023,普通,,,CPEER数据集(考研真实录取),https://github.com/Younai2021/CPEER-Dataset,2023,数据来源于CPEER开放数据集，共90条考生记录，其中90人录取
宁波大学,未知,0854,电子信息,专业学位,FULL_TIME,未公开,273,28,28,2023,普通,,,CPEER数据集(考研真实录取),https://github.com/Younai2021/CPEER-Dataset,2023,数据来源于CPEER开放数据集，共28条考生记录，其中28人录取
宁波大学,未知,0854,电子信息,专业学位,FULL_TIME,未公开,323,63,63,2023,普通,,,CPEER数据集(考研真实录取),https://github.com/Younai2021/CPEER-Dataset,2023,数据来源于CPEER开放数据集，共63条考生记录，其中63人录取
宁波大学,未知,0812,计算机科学与技术,专业学位,FULL_TIME,未公开,289,24,24,2023,普通,,,CPEER数据集(考研真实录取),https://github.com/Younai2021/CPEER-Dataset,2023,数据来源于CPEER开放数据集，共24条考生记录，其中24人录取
安徽大学,安徽,0835,软件工程,专业学位,FULL_TIME,未公开,276,79,79,2023,普通,,,CPEER数据集(考研真实录取),https://github.com/Younai2021/CPEER-Dataset,2023,数据来源于CPEER开放数据集，共79条考生记录，其中79人录取
安徽大学,安徽,0812,计算机科学与技术,专业学位,FULL_TIME,未公开,275,110,110,2023,普通,,,CPEER数据集(考研真实录取),https://github.com/Younai2021/CPEER-Dataset,2023,数据来源于CPEER开放数据集，共110条考生记录，其中110人录取
安徽大学,安徽,0854,电子信息,专业学位,FULL_TIME,未公开,259,143,143,2023,普通,,,CPEER数据集(考研真实录取),https://github.com/Younai2021/CPEER-Dataset,2023,数据来源于CPEER开放数据集，共143条考生记录，其中143人录取
安徽大学,安徽,0854,电子信息,专业学位,FULL_TIME,未公开,278,75,75,2023,普通,,,CPEER数据集(考研真实录取),https://github.com/Younai2021/CPEER-Dataset,2023,数据来源于CPEER开放数据集，共75条考生记录，其中75人录取
广西大学,广西,0812,计算机科学与技术,专业学位,FULL_TIME,未公开,263,48,48,2023,普通,,,CPEER数据集(考研真实录取),https://github.com/Younai2021/CPEER-Dataset,2023,数据来源于CPEER开放数据集，共48条考生记录，其中48人录取
广西大学,广西,0854,电子信息,专业学位,FULL_TIME,未公开,265,15,15,2023,普通,,,CPEER数据集(考研真实录取),https://github.com/Younai2021/CPEER-Dataset,2023,数据来源于CPEER开放数据集，共15条考生记录，其中15人录取
广西大学,广西,0854,电子信息,专业学位,FULL_TIME,未公开,258,97,97,2023,普通,,,CPEER数据集(考研真实录取),https://github.com/Younai2021/CPEER-Dataset,2023,数据来源于CPEER开放数据集，共97条考生记录，其中97人录取
延边大学,吉林,0812,计算机科学与技术,专业学位,FULL_TIME,未公开,276,12,12,2023,普通,,,CPEER数据集(考研真实录取),https://github.com/Younai2021/CPEER-Dataset,2023,数据来源于CPEER开放数据集，共12条考生记录，其中12人录取
延边大学,吉林,0854,电子信息,专业学位,FULL_TIME,未公开,323,20,20,2023,普通,,,CPEER数据集(考研真实录取),https://github.com/Younai2021/CPEER-Dataset,2023,数据来源于CPEER开放数据集，共20条考生记录，其中20人录取
延边大学,吉林,0854,电子信息,专业学位,FULL_TIME,未公开,329,21,21,2023,普通,,,CPEER数据集(考研真实录取),https://github.com/Younai2021/CPEER-Dataset,2023,数据来源于CPEER开放数据集，共21条考生记录，其中21人录取
成都理工大学,未知,0812,计算机科学与技术,专业学位,FULL_TIME,未公开,276,36,36,2023,普通,,,CPEER数据集(考研真实录取),https://github.com/Younai2021/CPEER-Dataset,2023,数据来源于CPEER开放数据集，共36条考生记录，其中36人录取
成都理工大学,未知,0839,网络空间安全,专业学位,FULL_TIME,未公开,288,5,5,2023,普通,,,CPEER数据集(考研真实录取),https://github.com/Younai2021/CPEER-Dataset,2023,数据来源于CPEER开放数据集，共5条考生记录，其中5人录取
成都理工大学,未知,0854,电子信息,专业学位,FULL_TIME,未公开,310,17,17,2023,普通,,,CPEER数据集(考研真实录取),https://github.com/Younai2021/CPEER-Dataset,2023,数据来源于CPEER开放数据集，共17条考生记录，其中17人录取
成都理工大学,未知,0835,软件工程,专业学位,FULL_TIME,未公开,308,22,22,2023,普通,,,CPEER数据集(考研真实录取),https://github.com/Younai2021/CPEER-Dataset,2023,数据来源于CPEER开放数据集，共22条考生记录，其中22人录取
成都理工大学,未知,0854,电子信息,专业学位,FULL_TIME,未公开,286,10,10,2023,普通,,,CPEER数据集(考研真实录取),https://github.com/Younai2021/CPEER-Dataset,2023,数据来源于CPEER开放数据集，共10条考生记录，其中10人录取
成都理工大学,未知,0854,电子信息,专业学位,FULL_TIME,未公开,311,15,15,2023,普通,,,CPEER数据集(考研真实录取),https://github.com/Younai2021/CPEER-Dataset,2023,数据来源于CPEER开放数据集，共15条考生记录，其中15人录取
新疆大学,新疆,0835,软件工程,专业学位,FULL_TIME,未公开,350,19,23,2023,普通,,,CPEER数据集(考研真实录取),https://github.com/Younai2021/CPEER-Dataset,2023,数据来源于CPEER开放数据集，共23条考生记录，其中19人录取
新疆大学,新疆,0854,电子信息,专业学位,FULL_TIME,未公开,257,93,137,2023,普通,,,CPEER数据集(考研真实录取),https://github.com/Younai2021/CPEER-Dataset,2023,数据来源于CPEER开放数据集，共137条考生记录，其中93人录取
新疆大学,新疆,0854,电子信息,专业学位,FULL_TIME,未公开,267,161,236,2023,普通,,,CPEER数据集(考研真实录取),https://github.com/Younai2021/CPEER-Dataset,2023,数据来源于CPEER开放数据集，共236条考生记录，其中161人录取
新疆大学,新疆,0812,计算机科学与技术,专业学位,FULL_TIME,未公开,255,41,52,2023,普通,,,CPEER数据集(考研真实录取),https://github.com/Younai2021/CPEER-Dataset,2023,数据来源于CPEER开放数据集，共52条考生记录，其中41人录取
武汉大学,湖北,0812,计算机科学与技术,专业学位,FULL_TIME,未公开,316,3,3,2023,普通,36,273,CPEER数据集(考研真实录取),https://github.com/Younai2021/CPEER-Dataset,2023,数据来源于CPEER开放数据集，共3条考生记录，其中3人录取
武汉大学,湖北,0854,电子信息,专业学位,FULL_TIME,未公开,333,15,16,2023,普通,50,273,CPEER数据集(考研真实录取),https://github.com/Younai2021/CPEER-Dataset,2023,数据来源于CPEER开放数据集，共16条考生记录，其中15人录取
武汉大学,湖北,0835,软件工程,专业学位,FULL_TIME,未公开,285,22,22,2023,普通,,,CPEER数据集(考研真实录取),https://github.com/Younai2021/CPEER-Dataset,2023,数据来源于CPEER开放数据集，共22条考生记录，其中22人录取
武汉大学,湖北,0854,电子信息,专业学位,FULL_TIME,未公开,279,60,60,2023,普通,,,CPEER数据集(考研真实录取),https://github.com/Younai2021/CPEER-Dataset,2023,数据来源于CPEER开放数据集，共60条考生记录，其中60人录取
武汉大学,湖北,0812,计算机科学与技术,专业学位,FULL_TIME,未公开,342,1,1,2023,普通,,,CPEER数据集(考研真实录取),https://github.com/Younai2021/CPEER-Dataset,2023,数据来源于CPEER开放数据集，共1条考生记录，其中1人录取
武汉大学,湖北,0839,网络空间安全,专业学位,FULL_TIME,未公开,335,39,50,2023,普通,,,CPEER数据集(考研真实录取),https://github.com/Younai2021/CPEER-Dataset,2023,数据来源于CPEER开放数据集，共50条考生记录，其中39人录取
江南大学,江苏,0854,电子信息,专业学位,FULL_TIME,未公开,283,23,23,2023,普通,,,CPEER数据集(考研真实录取),https://github.com/Younai2021/CPEER-Dataset,2023,数据来源于CPEER开放数据集，共23条考生记录，其中23人录取
江南大学,江苏,0812,计算机科学与技术,专业学位,FULL_TIME,未公开,309,36,36,2023,普通,,,CPEER数据集(考研真实录取),https://github.com/Younai2021/CPEER-Dataset,2023,数据来源于CPEER开放数据集，共36条考生记录，其中36人录取
江南大学,江苏,0835,软件工程,专业学位,FULL_TIME,未公开,337,79,79,2023,普通,,,CPEER数据集(考研真实录取),https://github.com/Younai2021/CPEER-Dataset,2023,数据来源于CPEER开放数据集，共79条考生记录，其中79人录取
江南大学,江苏,0854,电子信息,专业学位,FULL_TIME,未公开,351,72,72,2023,普通,,,CPEER数据集(考研真实录取),https://github.com/Younai2021/CPEER-Dataset,2023,数据来源于CPEER开放数据集，共72条考生记录，其中72人录取
河北工业大学,河北,0812,计算机科学与技术,专业学位,FULL_TIME,未公开,302,48,48,2023,普通,,,CPEER数据集(考研真实录取),https://github.com/Younai2021/CPEER-Dataset,2023,数据来源于CPEER开放数据集，共48条考生记录，其中48人录取
河北工业大学,河北,0854,电子信息,专业学位,FULL_TIME,未公开,279,67,67,2023,普通,,,CPEER数据集(考研真实录取),https://github.com/Younai2021/CPEER-Dataset,2023,数据来源于CPEER开放数据集，共67条考生记录，其中67人录取
河海大学,江苏,0812,计算机科学与技术,专业学位,FULL_TIME,未公开,341,21,21,2023,普通,,,CPEER数据集(考研真实录取),https://github.com/Younai2021/CPEER-Dataset,2023,数据来源于CPEER开放数据集，共21条考生记录，其中21人录取
河海大学,江苏,0835,软件工程,专业学位,FULL_TIME,未公开,286,22,22,2023,普通,,,CPEER数据集(考研真实录取),https://github.com/Younai2021/CPEER-Dataset,2023,数据来源于CPEER开放数据集，共22条考生记录，其中22人录取
河海大学,江苏,0854,电子信息,专业学位,FULL_TIME,未公开,252,267,267,2023,普通,,,CPEER数据集(考研真实录取),https://github.com/Younai2021/CPEER-Dataset,2023,数据来源于CPEER开放数据集，共267条考生记录，其中267人录取
海南大学,海南,0812,计算机科学与技术,专业学位,FULL_TIME,未公开,311,20,20,2023,普通,,,CPEER数据集(考研真实录取),https://github.com/Younai2021/CPEER-Dataset,2023,数据来源于CPEER开放数据集，共20条考生记录，其中20人录取
海南大学,海南,0835,软件工程,专业学位,FULL_TIME,未公开,266,45,45,2023,普通,,,CPEER数据集(考研真实录取),https://github.com/Younai2021/CPEER-Dataset,2023,数据来源于CPEER开放数据集，共45条考生记录，其中45人录取
清华大学,北京,0812,计算机科学与技术,专业学位,FULL_TIME,未公开,341,17,17,2023,普通,45,273,CPEER数据集(考研真实录取),https://github.com/Younai2021/CPEER-Dataset,2023,数据来源于CPEER开放数据集，共17条考生记录，其中17人录取
清华大学,北京,0854,电子信息,专业学位,FULL_TIME,未公开,349,29,29,2023,普通,,,CPEER数据集(考研真实录取),https://github.com/Younai2021/CPEER-Dataset,2023,数据来源于CPEER开放数据集，共29条考生记录，其中29人录取
湖南师范大学,湖南,0812,计算机科学与技术,专业学位,FULL_TIME,未公开,336,13,16,2023,普通,,,CPEER数据集(考研真实录取),https://github.com/Younai2021/CPEER-Dataset,2023,数据来源于CPEER开放数据集，共16条考生记录，其中13人录取
湖南师范大学,湖南,0835,软件工程,专业学位,FULL_TIME,未公开,306,37,47,2023,普通,,,CPEER数据集(考研真实录取),https://github.com/Younai2021/CPEER-Dataset,2023,数据来源于CPEER开放数据集，共47条考生记录，其中37人录取
湖南师范大学,湖南,0854,电子信息,专业学位,FULL_TIME,未公开,309,26,30,2023,普通,,,CPEER数据集(考研真实录取),https://github.com/Younai2021/CPEER-Dataset,2023,数据来源于CPEER开放数据集，共30条考生记录，其中26人录取
电子科技大学,四川,0835,软件工程,专业学位,FULL_TIME,未公开,297,150,150,2023,普通,,,CPEER数据集(考研真实录取),https://github.com/Younai2021/CPEER-Dataset,2023,数据来源于CPEER开放数据集，共150条考生记录，其中150人录取
电子科技大学,四川,0854,电子信息,专业学位,FULL_TIME,未公开,290,276,276,2023,普通,,,CPEER数据集(考研真实录取),https://github.com/Younai2021/CPEER-Dataset,2023,数据来源于CPEER开放数据集，共276条考生记录，其中276人录取
电子科技大学,四川,0854,电子信息,专业学位,FULL_TIME,未公开,302,2,2,2023,普通,,,CPEER数据集(考研真实录取),https://github.com/Younai2021/CPEER-Dataset,2023,数据来源于CPEER开放数据集，共2条考生记录，其中2人录取
电子科技大学,四川,0812,计算机科学与技术,专业学位,FULL_TIME,未公开,340,108,108,2023,普通,45,273,CPEER数据集(考研真实录取),https://github.com/Younai2021/CPEER-Dataset,2023,数据来源于CPEER开放数据集，共108条考生记录，其中108人录取
电子科技大学,四川,0839,网络空间安全,专业学位,FULL_TIME,未公开,341,22,22,2023,普通,,,CPEER数据集(考研真实录取),https://github.com/Younai2021/CPEER-Dataset,2023,数据来源于CPEER开放数据集，共22条考生记录，其中22人录取
电子科技大学,四川,0854,电子信息,专业学位,FULL_TIME,未公开,345,128,128,2023,普通,70,273,CPEER数据集(考研真实录取),https://github.com/Younai2021/CPEER-Dataset,2023,数据来源于CPEER开放数据集，共128条考生记录，其中128人录取
福州大学,福建,0835,软件工程,专业学位,FULL_TIME,未公开,278,41,50,2023,普通,,,CPEER数据集(考研真实录取),https://github.com/Younai2021/CPEER-Dataset,2023,数据来源于CPEER开放数据集，共50条考生记录，其中41人录取
福州大学,福建,0812,计算机科学与技术,专业学位,FULL_TIME,未公开,306,40,49,2023,普通,,,CPEER数据集(考研真实录取),https://github.com/Younai2021/CPEER-Dataset,2023,数据来源于CPEER开放数据集，共49条考生记录，其中40人录取
福州大学,福建,0854,电子信息,专业学位,FULL_TIME,未公开,348,125,147,2023,普通,,,CPEER数据集(考研真实录取),https://github.com/Younai2021/CPEER-Dataset,2023,数据来源于CPEER开放数据集，共147条考生记录，其中125人录取
西北大学,陕西,0812,计算机科学与技术,专业学位,FULL_TIME,未公开,288,4,4,2023,普通,,,CPEER数据集(考研真实录取),https://github.com/Younai2021/CPEER-Dataset,2023,数据来源于CPEER开放数据集，共4条考生记录，其中4人录取
西北大学,陕西,0835,软件工程,专业学位,FULL_TIME,未公开,276,154,212,2023,普通,,,CPEER数据集(考研真实录取),https://github.com/Younai2021/CPEER-Dataset,2023,数据来源于CPEER开放数据集，共212条考生记录，其中154人录取
西北大学,陕西,0812,计算机科学与技术,专业学位,FULL_TIME,未公开,273,17,20,2023,普通,,,CPEER数据集(考研真实录取),https://github.com/Younai2021/CPEER-Dataset,2023,数据来源于CPEER开放数据集，共20条考生记录，其中17人录取
西南交通大学,四川,0839,网络空间安全,专业学位,FULL_TIME,未公开,291,2,2,2023,普通,,,CPEER数据集(考研真实录取),https://github.com/Younai2021/CPEER-Dataset,2023,数据来源于CPEER开放数据集，共2条考生记录，其中2人录取
西南交通大学,四川,0854,电子信息,专业学位,FULL_TIME,未公开,358,1,1,2023,普通,,,CPEER数据集(考研真实录取),https://github.com/Younai2021/CPEER-Dataset,2023,数据来源于CPEER开放数据集，共1条考生记录，其中1人录取
西南交通大学,四川,0854,电子信息,专业学位,FULL_TIME,未公开,348,15,15,2023,普通,,,CPEER数据集(考研真实录取),https://github.com/Younai2021/CPEER-Dataset,2023,数据来源于CPEER开放数据集，共15条考生记录，其中15人录取
西南交通大学,四川,0854,电子信息,专业学位,FULL_TIME,未公开,294,4,4,2023,普通,,,CPEER数据集(考研真实录取),https://github.com/Younai2021/CPEER-Dataset,2023,数据来源于CPEER开放数据集，共4条考生记录，其中4人录取
西南财经大学,四川,0812,计算机科学与技术,专业学位,FULL_TIME,未公开,309,53,53,2023,普通,,,CPEER数据集(考研真实录取),https://github.com/Younai2021/CPEER-Dataset,2023,数据来源于CPEER开放数据集，共53条考生记录，其中53人录取
西安电子科技大学,陕西,0839,网络空间安全,专业学位,FULL_TIME,未公开,310,57,57,2023,普通,,,CPEER数据集(考研真实录取),https://github.com/Younai2021/CPEER-Dataset,2023,数据来源于CPEER开放数据集，共57条考生记录，其中57人录取
西安电子科技大学,陕西,0854,电子信息,专业学位,FULL_TIME,未公开,283,30,42,2023,普通,,,CPEER数据集(考研真实录取),https://github.com/Younai2021/CPEER-Dataset,2023,数据来源于CPEER开放数据集，共42条考生记录，其中30人录取
西藏大学,西藏,0812,计算机科学与技术,专业学位,FULL_TIME,未公开,255,8,8,2023,普通,,,CPEER数据集(考研真实录取),https://github.com/Younai2021/CPEER-Dataset,2023,数据来源于CPEER开放数据集，共8条考生记录，其中8人录取
西藏大学,西藏,0812,计算机科学与技术,专业学位,FULL_TIME,未公开,283,11,11,2023,普通,,,CPEER数据集(考研真实录取),https://github.com/Younai2021/CPEER-Dataset,2023,数据来源于CPEER开放数据集，共11条考生记录，其中11人录取
西藏大学,西藏,0812,计算机科学与技术,专业学位,FULL_TIME,未公开,284,4,4,2023,普通,,,CPEER数据集(考研真实录取),https://github.com/Younai2021/CPEER-Dataset,2023,数据来源于CPEER开放数据集，共4条考生记录，其中4人录取
贵州大学,贵州,0812,计算机科学与技术,专业学位,FULL_TIME,未公开,284,41,41,2023,普通,,,CPEER数据集(考研真实录取),https://github.com/Younai2021/CPEER-Dataset,2023,数据来源于CPEER开放数据集，共41条考生记录，其中41人录取
贵州大学,贵州,0835,软件工程,专业学位,FULL_TIME,未公开,312,33,33,2023,普通,,,CPEER数据集(考研真实录取),https://github.com/Younai2021/CPEER-Dataset,2023,数据来源于CPEER开放数据集，共33条考生记录，其中33人录取
贵州大学,贵州,0854,电子信息,专业学位,FULL_TIME,未公开,264,311,311,2023,普通,,,CPEER数据集(考研真实录取),https://github.com/Younai2021/CPEER-Dataset,2023,数据来源于CPEER开放数据集，共311条考生记录，其中311人录取
辽宁大学,辽宁,0812,计算机科学与技术,专业学位,FULL_TIME,未公开,326,1,1,2023,普通,,,CPEER数据集(考研真实录取),https://github.com/Younai2021/CPEER-Dataset,2023,数据来源于CPEER开放数据集，共1条考生记录，其中1人录取
辽宁大学,辽宁,0812,计算机科学与技术,专业学位,FULL_TIME,未公开,276,7,7,2023,普通,,,CPEER数据集(考研真实录取),https://github.com/Younai2021/CPEER-Dataset,2023,数据来源于CPEER开放数据集，共7条考生记录，其中7人录取
辽宁大学,辽宁,0812,计算机科学与技术,专业学位,FULL_TIME,未公开,275,16,16,2023,普通,,,CPEER数据集(考研真实录取),https://github.com/Younai2021/CPEER-Dataset,2023,数据来源于CPEER开放数据集，共16条考生记录，其中16人录取
辽宁大学,辽宁,0835,软件工程,专业学位,FULL_TIME,未公开,281,35,35,2023,普通,,,CPEER数据集(考研真实录取),https://github.com/Younai2021/CPEER-Dataset,2023,数据来源于CPEER开放数据集，共35条考生记录，其中35人录取
长安大学,陕西,0854,电子信息,专业学位,FULL_TIME,未公开,319,178,178,2023,普通,,,CPEER数据集(考研真实录取),https://github.com/Younai2021/CPEER-Dataset,2023,数据来源于CPEER开放数据集，共178条考生记录，其中178人录取
长安大学,陕西,0812,计算机科学与技术,专业学位,FULL_TIME,未公开,339,24,24,2023,普通,,,CPEER数据集(考研真实录取),https://github.com/Younai2021/CPEER-Dataset,2023,数据来源于CPEER开放数据集，共24条考生记录，其中24人录取
长安大学,陕西,0835,软件工程,专业学位,FULL_TIME,未公开,296,9,9,2023,普通,,,CPEER数据集(考研真实录取),https://github.com/Younai2021/CPEER-Dataset,2023,数据来源于CPEER开放数据集，共9条考生记录，其中9人录取
长安大学,陕西,0839,网络空间安全,专业学位,FULL_TIME,未公开,327,6,6,2023,普通,,,CPEER数据集(考研真实录取),https://github.com/Younai2021/CPEER-Dataset,2023,数据来源于CPEER开放数据集，共6条考生记录，其中6人录取
哈尔滨工业大学,黑龙江,0812,计算机科学与技术,学术学位,FULL_TIME,待补充,397,1,1,2023,985,,,CPEER推算(录取最低分),https://github.com/Younai2021/CPEER-Dataset,2023,"推算复试线397分,录取最高397分,平均397.0分,录取1人"
哈尔滨工业大学,黑龙江,0812,计算机科学与技术,学术学位,FULL_TIME,待补充,395,1,1,2023,985,,,CPEER推算(录取最低分),https://github.com/Younai2021/CPEER-Dataset,2023,"推算复试线395分,录取最高395分,平均395.0分,录取1人"
哈尔滨工业大学,黑龙江,0812,计算机科学与技术,学术学位,FULL_TIME,待补充,360,1,1,2023,985,,,CPEER推算(录取最低分),https://github.com/Younai2021/CPEER-Dataset,2023,"推算复试线360分,录取最高360分,平均360.0分,录取1人"
哈尔滨工业大学,黑龙江,0812,计算机科学与技术,学术学位,FULL_TIME,待补充,373,1,1,2023,985,,,CPEER推算(录取最低分),https://github.com/Younai2021/CPEER-Dataset,2023,"推算复试线373分,录取最高373分,平均373.0分,录取1人"
哈尔滨工业大学,黑龙江,0812,计算机科学与技术,学术学位,FULL_TIME,待补充,347,1,1,2023,985,,,CPEER推算(录取最低分),https://github.com/Younai2021/CPEER-Dataset,2023,"推算复试线347分,录取最高347分,平均347.0分,录取1人"
哈尔滨工业大学,黑龙江,0812,计算机科学与技术,学术学位,FULL_TIME,待补充,359,1,1,2023,985,,,CPEER推算(录取最低分),https://github.com/Younai2021/CPEER-Dataset,2023,"推算复试线359分,录取最高359分,平均359.0分,录取1人"
哈尔滨工业大学,黑龙江,0812,计算机科学与技术,学术学位,FULL_TIME,待补充,356,1,1,2023,985,,,CPEER推算(录取最低分),https://github.com/Younai2021/CPEER-Dataset,2023,"推算复试线356分,录取最高356分,平均356.0分,录取1人"
哈尔滨工业大学,黑龙江,0812,计算机科学与技术,学术学位,FULL_TIME,待补充,363,1,1,2023,985,,,CPEER推算(录取最低分),https://github.com/Younai2021/CPEER-Dataset,2023,"推算复试线363分,录取最高363分,平均363.0分,录取1人"
哈尔滨工业大学,黑龙江,0812,计算机科学与技术,学术学位,FULL_TIME,待补充,368,1,1,2023,985,,,CPEER推算(录取最低分),https://github.com/Younai2021/CPEER-Dataset,2023,"推算复试线368分,录取最高368分,平均368.0分,录取1人"
哈尔滨工业大学,黑龙江,0812,计算机科学与技术,学术学位,FULL_TIME,待补充,367,1,1,2023,985,,,CPEER推算(录取最低分),https://github.com/Younai2021/CPEER-Dataset,2023,"推算复试线367分,录取最高367分,平均367.0分,录取1人"
哈尔滨工业大学,黑龙江,0812,计算机科学与技术,学术学位,FULL_TIME,待补充,360,1,1,2023,985,,,CPEER推算(录取最低分),https://github.com/Younai2021/CPEER-Dataset,2023,"推算复试线360分,录取最高360分,平均360.0分,录取1人"
哈尔滨工业大学,黑龙江,0812,计算机科学与技术,学术学位,FULL_TIME,待补充,383,1,1,2023,985,,,CPEER推算(录取最低分),https://github.com/Younai2021/CPEER-Dataset,2023,"推算复试线383分,录取最高383分,平均383.0分,录取1人"
哈尔滨工业大学,黑龙江,0812,计算机科学与技术,学术学位,FULL_TIME,待补充,367,1,1,2023,985,,,CPEER推算(录取最低分),https://github.com/Younai2021/CPEER-Dataset,2023,"推算复试线367分,录取最高367分,平均367.0分,录取1人"
哈尔滨工业大学,黑龙江,0812,计算机科学与技术,学术学位,FULL_TIME,待补充,359,1,1,2023,985,,,CPEER推算(录取最低分),https://github.com/Younai2021/CPEER-Dataset,2023,"推算复试线359分,录取最高359分,平均359.0分,录取1人"
哈尔滨工业大学,黑龙江,0812,计算机科学与技术,学术学位,FULL_TIME,待补充,349,1,1,2023,985,,,CPEER推算(录取最低分),https://github.com/Younai2021/CPEER-Dataset,2023,"推算复试线349分,录取最高349分,平均349.0分,录取1人"
哈尔滨工业大学,黑龙江,0812,计算机科学与技术,学术学位,FULL_TIME,待补充,355,1,1,2023,985,,,CPEER推算(录取最低分),https://github.com/Younai2021/CPEER-Dataset,2023,"推算复试线355分,录取最高355分,平均355.0分,录取1人"
哈尔滨工业大学,黑龙江,0812,计算机科学与技术,学术学位,FULL_TIME,待补充,312,1,1,2023,985,,,CPEER推算(录取最低分),https://github.com/Younai2021/CPEER-Dataset,2023,"推算复试线312分,录取最高312分,平均312.0分,录取1人"
哈尔滨工业大学,黑龙江,0812,计算机科学与技术,学术学位,FULL_TIME,待补充,310,1,1,2023,985,,,CPEER推算(录取最低分),https://github.com/Younai2021/CPEER-Dataset,2023,"推算复试线310分,录取最高310分,平均310.0分,录取1人"
哈尔滨工业大学,黑龙江,0835,软件工程,学术学位,FULL_TIME,待补充,391,1,1,2023,985,,,CPEER推算(录取最低分),https://github.com/Younai2021/CPEER-Dataset,2023,"推算复试线391分,录取最高391分,平均391.0分,录取1人"
哈尔滨工业大学,黑龙江,0835,软件工程,学术学位,FULL_TIME,待补充,381,1,1,2023,985,,,CPEER推算(录取最低分),https://github.com/Younai2021/CPEER-Dataset,2023,"推算复试线381分,录取最高381分,平均381.0分,录取1人"
哈尔滨工业大学,黑龙江,0835,软件工程,学术学位,FULL_TIME,待补充,375,1,1,2023,985,,,CPEER推算(录取最低分),https://github.com/Younai2021/CPEER-Dataset,2023,"推算复试线375分,录取最高375分,平均375.0分,录取1人"
哈尔滨工业大学,黑龙江,0835,软件工程,学术学位,FULL_TIME,待补充,367,1,1,2023,985,,,CPEER推算(录取最低分),https://github.com/Younai2021/CPEER-Dataset,2023,"推算复试线367分,录取最高367分,平均367.0分,录取1人"
哈尔滨工业大学,黑龙江,0835,软件工程,学术学位,FULL_TIME,待补充,373,1,1,2023,985,,,CPEER推算(录取最低分),https://github.com/Younai2021/CPEER-Dataset,2023,"推算复试线373分,录取最高373分,平均373.0分,录取1人"
哈尔滨工业大学,黑龙江,0835,软件工程,学术学位,FULL_TIME,待补充,350,1,1,2023,985,,,CPEER推算(录取最低分),https://github.com/Younai2021/CPEER-Dataset,2023,"推算复试线350分,录取最高350分,平均350.0分,录取1人"
哈尔滨工业大学,黑龙江,0839,网络空间安全,学术学位,FULL_TIME,待补充,398,1,1,2023,985,,,CPEER推算(录取最低分),https://github.com/Younai2021/CPEER-Dataset,2023,"推算复试线398分,录取最高398分,平均398.0分,录取1人"
哈尔滨工业大学,黑龙江,0839,网络空间安全,学术学位,FULL_TIME,待补充,376,1,1,2023,985,,,CPEER推算(录取最低分),https://github.com/Younai2021/CPEER-Dataset,2023,"推算复试线376分,录取最高376分,平均376.0分,录取1人"
哈尔滨工业大学,黑龙江,0839,网络空间安全,学术学位,FULL_TIME,待补充,362,1,1,2023,985,,,CPEER推算(录取最低分),https://github.com/Younai2021/CPEER-Dataset,2023,"推算复试线362分,录取最高362分,平均362.0分,录取1人"
哈尔滨工业大学,黑龙江,0839,网络空间安全,学术学位,FULL_TIME,待补充,374,1,1,2023,985,,,CPEER推算(录取最低分),https://github.com/Younai2021/CPEER-Dataset,2023,"推算复试线374分,录取最高374分,平均374.0分,录取1人"
哈尔滨工业大学,黑龙江,0839,网络空间安全,学术学位,FULL_TIME,待补充,369,1,1,2023,985,,,CPEER推算(录取最低分),https://github.com/Younai2021/CPEER-Dataset,2023,"推算复试线369分,录取最高369分,平均369.0分,录取1人"
哈尔滨工业大学,黑龙江,0854,电子信息,专业学位,FULL_TIME,待补充,400,2,2,2023,985,,,CPEER推算(录取最低分),https://github.com/Younai2021/CPEER-Dataset,2023,"推算复试线400分,录取最高420分,平均410.0分,录取2人"
哈尔滨工业大学,黑龙江,0854,电子信息,专业学位,FULL_TIME,待补充,402,2,2,2023,985,,,CPEER推算(录取最低分),https://github.com/Younai2021/CPEER-Dataset,2023,"推算复试线402分,录取最高422分,平均412.0分,录取2人"
哈尔滨工业大学,黑龙江,0854,电子信息,专业学位,FULL_TIME,待补充,386,2,2,2023,985,,,CPEER推算(录取最低分),https://github.com/Younai2021/CPEER-Dataset,2023,"推算复试线386分,录取最高388分,平均387.0分,录取2人"
哈尔滨工业大学,黑龙江,0854,电子信息,专业学位,FULL_TIME,待补充,408,2,2,2023,985,,,CPEER推算(录取最低分),https://github.com/Younai2021/CPEER-Dataset,2023,"推算复试线408分,录取最高420分,平均414.0分,录取2人"
哈尔滨工业大学,黑龙江,0854,电子信息,专业学位,FULL_TIME,待补充,395,2,2,2023,985,,,CPEER推算(录取最低分),https://github.com/Younai2021/CPEER-Dataset,2023,"推算复试线395分,录取最高399分,平均397.0分,录取2人"
哈尔滨工业大学,黑龙江,0854,电子信息,专业学位,FULL_TIME,待补充,403,2,2,2023,985,,,CPEER推算(录取最低分),https://github.com/Younai2021/CPEER-Dataset,2023,"推算复试线403分,录取最高415分,平均409.0分,录取2人"
哈尔滨工业大学,黑龙江,0854,电子信息,专业学位,FULL_TIME,待补充,397,2,2,2023,985,,,CPEER推算(录取最低分),https://github.com/Younai2021/CPEER-Dataset,2023,"推算复试线397分,录取最高424分,平均410.5分,录取2人"
哈尔滨工业大学,黑龙江,0854,电子信息,专业学位,FULL_TIME,待补充,394,2,2,2023,985,,,CPEER推算(录取最低分),https://github.com/Younai2021/CPEER-Dataset,2023,"推算复试线394分,录取最高405分,平均399.5分,录取2人"
哈尔滨工业大学,黑龙江,0854,电子信息,专业学位,FULL_TIME,待补充,389,2,2,2023,985,,,CPEER推算(录取最低分),https://github.com/Younai2021/CPEER-Dataset,2023,"推算复试线389分,录取最高399分,平均394.0分,录取2人"
哈尔滨工业大学,黑龙江,0854,电子信息,专业学位,FULL_TIME,待补充,389,2,2,2023,985,,,CPEER推算(录取最低分),https://github.com/Younai2021/CPEER-Dataset,2023,"推算复试线389分,录取最高420分,平均404.5分,录取2人"
哈尔滨工业大学,黑龙江,0854,电子信息,专业学位,FULL_TIME,待补充,386,2,2,2023,985,,,CPEER推算(录取最低分),https://github.com/Younai2021/CPEER-Dataset,2023,"推算复试线386分,录取最高410分,平均398.0分,录取2人"
哈尔滨工业大学,黑龙江,0854,电子信息,专业学位,FULL_TIME,待补充,391,2,2,2023,985,,,CPEER推算(录取最低分),https://github.com/Younai2021/CPEER-Dataset,2023,"推算复试线391分,录取最高398分,平均394.5分,录取2人"
哈尔滨工业大学,黑龙江,0854,电子信息,专业学位,FULL_TIME,待补充,374,2,2,2023,985,,,CPEER推算(录取最低分),https://github.com/Younai2021/CPEER-Dataset,2023,"推算复试线374分,录取最高403分,平均388.5分,录取2人"
哈尔滨工业大学,黑龙江,0854,电子信息,专业学位,FULL_TIME,待补充,416,2,2,2023,985,,,CPEER推算(录取最低分),https://github.com/Younai2021/CPEER-Dataset,2023,"推算复试线416分,录取最高422分,平均419.0分,录取2人"
哈尔滨工业大学,黑龙江,0854,电子信息,专业学位,FULL_TIME,待补充,386,2,2,2023,985,,,CPEER推算(录取最低分),https://github.com/Younai2021/CPEER-Dataset,2023,"推算复试线386分,录取最高402分,平均394.0分,录取2人"
哈尔滨工业大学,黑龙江,0854,电子信息,专业学位,FULL_TIME,待补充,397,2,2,2023,985,,,CPEER推算(录取最低分),https://github.com/Younai2021/CPEER-Dataset,2023,"推算复试线397分,录取最高407分,平均402.0分,录取2人"
哈尔滨工业大学,黑龙江,0854,电子信息,专业学位,FULL_TIME,待补充,379,2,2,2023,985,,,CPEER推算(录取最低分),https://github.com/Younai2021/CPEER-Dataset,2023,"推算复试线379分,录取最高387分,平均383.0分,录取2人"
哈尔滨工业大学,黑龙江,0854,电子信息,专业学位,FULL_TIME,待补充,386,2,2,2023,985,,,CPEER推算(录取最低分),https://github.com/Younai2021/CPEER-Dataset,2023,"推算复试线386分,录取最高411分,平均398.5分,录取2人"
哈尔滨工业大学,黑龙江,0854,电子信息,专业学位,FULL_TIME,待补充,376,2,2,2023,985,,,CPEER推算(录取最低分),https://github.com/Younai2021/CPEER-Dataset,2023,"推算复试线376分,录取最高417分,平均396.5分,录取2人"
哈尔滨工业大学,黑龙江,0854,电子信息,专业学位,FULL_TIME,待补充,383,2,2,2023,985,,,CPEER推算(录取最低分),https://github.com/Younai2021/CPEER-Dataset,2023,"推算复试线383分,录取最高404分,平均393.5分,录取2人"
哈尔滨工业大学,黑龙江,0854,电子信息,专业学位,FULL_TIME,待补充,384,2,2,2023,985,,,CPEER推算(录取最低分),https://github.com/Younai2021/CPEER-Dataset,2023,"推算复试线384分,录取最高393分,平均388.5分,录取2人"
哈尔滨工业大学,黑龙江,0854,电子信息,专业学位,FULL_TIME,待补充,376,2,2,2023,985,,,CPEER推算(录取最低分),https://github.com/Younai2021/CPEER-Dataset,2023,"推算复试线376分,录取最高413分,平均394.5分,录取2人"
哈尔滨工业大学,黑龙江,0854,电子信息,专业学位,FULL_TIME,待补充,387,2,2,2023,985,,,CPEER推算(录取最低分),https://github.com/Younai2021/CPEER-Dataset,2023,"推算复试线387分,录取最高394分,平均390.5分,录取2人"
哈尔滨工业大学,黑龙江,0854,电子信息,专业学位,FULL_TIME,待补充,370,2,2,2023,985,,,CPEER推算(录取最低分),https://github.com/Younai2021/CPEER-Dataset,2023,"推算复试线370分,录取最高378分,平均374.0分,录取2人"
哈尔滨工业大学,黑龙江,0854,电子信息,专业学位,FULL_TIME,待补充,373,2,2,2023,985,,,CPEER推算(录取最低分),https://github.com/Younai2021/CPEER-Dataset,2023,"推算复试线373分,录取最高410分,平均391.5分,录取2人"
哈尔滨工业大学,黑龙江,0854,电子信息,专业学位,FULL_TIME,待补充,400,1,1,2023,985,,,CPEER推算(录取最低分),https://github.com/Younai2021/CPEER-Dataset,2023,"推算复试线400分,录取最高400分,平均400.0分,录取1人"
哈尔滨工业大学,黑龙江,0854,电子信息,专业学位,FULL_TIME,待补充,388,1,1,2023,985,,,CPEER推算(录取最低分),https://github.com/Younai2021/CPEER-Dataset,2023,"推算复试线388分,录取最高388分,平均388.0分,录取1人"
哈尔滨工业大学,黑龙江,0854,电子信息,专业学位,FULL_TIME,待补充,402,1,1,2023,985,,,CPEER推算(录取最低分),https://github.com/Younai2021/CPEER-Dataset,2023,"推算复试线402分,录取最高402分,平均402.0分,录取1人"
哈尔滨工业大学,黑龙江,0854,电子信息,专业学位,FULL_TIME,待补充,350,2,2,2023,985,,,CPEER推算(录取最低分),https://github.com/Younai2021/CPEER-Dataset,2023,"推算复试线350分,录取最高395分,平均372.5分,录取2人"
哈尔滨工业大学,黑龙江,0854,电子信息,专业学位,FULL_TIME,待补充,384,2,2,2023,985,,,CPEER推算(录取最低分),https://github.com/Younai2021/CPEER-Dataset,2023,"推算复试线384分,录取最高385分,平均384.5分,录取2人"
哈尔滨工业大学,黑龙江,0854,电子信息,专业学位,FULL_TIME,待补充,374,2,2,2023,985,,,CPEER推算(录取最低分),https://github.com/Younai2021/CPEER-Dataset,2023,"推算复试线374分,录取最高399分,平均386.5分,录取2人"
哈尔滨工业大学,黑龙江,0854,电子信息,专业学位,FULL_TIME,待补充,377,2,2,2023,985,,,CPEER推算(录取最低分),https://github.com/Younai2021/CPEER-Dataset,2023,"推算复试线377分,录取最高390分,平均383.5分,录取2人"
哈尔滨工业大学,黑龙江,0854,电子信息,专业学位,FULL_TIME,待补充,356,2,2,2023,985,,,CPEER推算(录取最低分),https://github.com/Younai2021/CPEER-Dataset,2023,"推算复试线356分,录取最高423分,平均389.5分,录取2人"
哈尔滨工业大学,黑龙江,0854,电子信息,专业学位,FULL_TIME,待补充,369,2,2,2023,985,,,CPEER推算(录取最低分),https://github.com/Younai2021/CPEER-Dataset,2023,"推算复试线369分,录取最高369分,平均369.0分,录取2人"
哈尔滨工业大学,黑龙江,0854,电子信息,专业学位,FULL_TIME,待补充,350,2,2,2023,985,,,CPEER推算(录取最低分),https://github.com/Younai2021/CPEER-Dataset,2023,"推算复试线350分,录取最高387分,平均368.5分,录取2人"
哈尔滨工业大学,黑龙江,0854,电子信息,专业学位,FULL_TIME,待补充,356,2,2,2023,985,,,CPEER推算(录取最低分),https://github.com/Younai2021/CPEER-Dataset,2023,"推算复试线356分,录取最高395分,平均375.5分,录取2人"
哈尔滨工业大学,黑龙江,0854,电子信息,专业学位,FULL_TIME,待补充,355,2,2,2023,985,,,CPEER推算(录取最低分),https://github.com/Younai2021/CPEER-Dataset,2023,"推算复试线355分,录取最高394分,平均374.5分,录取2人"
哈尔滨工业大学,黑龙江,0854,电子信息,专业学位,FULL_TIME,待补充,373,2,2,2023,985,,,CPEER推算(录取最低分),https://github.com/Younai2021/CPEER-Dataset,2023,"推算复试线373分,录取最高379分,平均376.0分,录取2人"
哈尔滨工业大学,黑龙江,0854,电子信息,专业学位,FULL_TIME,待补充,352,2,2,2023,985,,,CPEER推算(录取最低分),https://github.com/Younai2021/CPEER-Dataset,2023,"推算复试线352分,录取最高400分,平均376.0分,录取2人"
哈尔滨工业大学,黑龙江,0854,电子信息,专业学位,FULL_TIME,待补充,356,2,2,2023,985,,,CPEER推算(录取最低分),https://github.com/Younai2021/CPEER-Dataset,2023,"推算复试线356分,录取最高382分,平均369.0分,录取2人"
哈尔滨工业大学,黑龙江,0854,电子信息,专业学位,FULL_TIME,待补充,388,1,1,2023,985,,,CPEER推算(录取最低分),https://github.com/Younai2021/CPEER-Dataset,2023,"推算复试线388分,录取最高388分,平均388.0分,录取1人"
哈尔滨工业大学,黑龙江,0854,电子信息,专业学位,FULL_TIME,待补充,403,1,1,2023,985,,,CPEER推算(录取最低分),https://github.com/Younai2021/CPEER-Dataset,2023,"推算复试线403分,录取最高403分,平均403.0分,录取1人"
哈尔滨工业大学,黑龙江,0854,电子信息,专业学位,FULL_TIME,待补充,363,1,1,2023,985,,,CPEER推算(录取最低分),https://github.com/Younai2021/CPEER-Dataset,2023,"推算复试线363分,录取最高363分,平均363.0分,录取1人"
哈尔滨工业大学,黑龙江,0854,电子信息,专业学位,FULL_TIME,待补充,379,2,2,2023,985,,,CPEER推算(录取最低分),https://github.com/Younai2021/CPEER-Dataset,2023,"推算复试线379分,录取最高403分,平均391.0分,录取2人"
哈尔滨工业大学,黑龙江,0854,电子信息,专业学位,FULL_TIME,待补充,362,2,2,2023,985,,,CPEER推算(录取最低分),https://github.com/Younai2021/CPEER-Dataset,2023,"推算复试线362分,录取最高388分,平均375.0分,录取2人"
哈尔滨工业大学,黑龙江,0854,电子信息,专业学位,FULL_TIME,待补充,373,2,2,2023,985,,,CPEER推算(录取最低分),https://github.com/Younai2021/CPEER-Dataset,2023,"推算复试线373分,录取最高386分,平均379.5分,录取2人"
哈尔滨工业大学,黑龙江,0854,电子信息,专业学位,FULL_TIME,待补充,374,2,2,2023,985,,,CPEER推算(录取最低分),https://github.com/Younai2021/CPEER-Dataset,2023,"推算复试线374分,录取最高385分,平均379.5分,录取2人"
哈尔滨工业大学,黑龙江,0854,电子信息,专业学位,FULL_TIME,待补充,361,2,2,2023,985,,,CPEER推算(录取最低分),https://github.com/Younai2021/CPEER-Dataset,2023,"推算复试线361分,录取最高401分,平均381.0分,录取2人"
哈尔滨工业大学,黑龙江,0854,电子信息,专业学位,FULL_TIME,待补充,355,2,2,2023,985,,,CPEER推算(录取最低分),https://github.com/Younai2021/CPEER-Dataset,2023,"推算复试线355分,录取最高374分,平均364.5分,录取2人"
哈尔滨工业大学,黑龙江,0854,电子信息,专业学位,FULL_TIME,待补充,374,2,2,2023,985,,,CPEER推算(录取最低分),https://github.com/Younai2021/CPEER-Dataset,2023,"推算复试线374分,录取最高395分,平均384.5分,录取2人"
哈尔滨工业大学,黑龙江,0854,电子信息,专业学位,FULL_TIME,待补充,373,2,2,2023,985,,,CPEER推算(录取最低分),https://github.com/Younai2021/CPEER-Dataset,2023,"推算复试线373分,录取最高374分,平均373.5分,录取2人"
哈尔滨工业大学,黑龙江,0854,电子信息,专业学位,FULL_TIME,待补充,374,2,2,2023,985,,,CPEER推算(录取最低分),https://github.com/Younai2021/CPEER-Dataset,2023,"推算复试线374分,录取最高393分,平均383.5分,录取2人"
哈尔滨工业大学,黑龙江,0854,电子信息,专业学位,FULL_TIME,待补充,374,2,2,2023,985,,,CPEER推算(录取最低分),https://github.com/Younai2021/CPEER-Dataset,2023,"推算复试线374分,录取最高396分,平均385.0分,录取2人"
哈尔滨工业大学,黑龙江,0854,电子信息,专业学位,FULL_TIME,待补充,361,2,2,2023,985,,,CPEER推算(录取最低分),https://github.com/Younai2021/CPEER-Dataset,2023,"推算复试线361分,录取最高377分,平均369.0分,录取2人"
哈尔滨工业大学,黑龙江,0854,电子信息,专业学位,FULL_TIME,待补充,381,2,2,2023,985,,,CPEER推算(录取最低分),https://github.com/Younai2021/CPEER-Dataset,2023,"推算复试线381分,录取最高395分,平均388.0分,录取2人"
哈尔滨工业大学,黑龙江,0854,电子信息,专业学位,FULL_TIME,待补充,360,2,2,2023,985,,,CPEER推算(录取最低分),https://github.com/Younai2021/CPEER-Dataset,2023,"推算复试线360分,录取最高365分,平均362.5分,录取2人"
哈尔滨工业大学,黑龙江,0854,电子信息,专业学位,FULL_TIME,待补充,362,2,2,2023,985,,,CPEER推算(录取最低分),https://github.com/Younai2021/CPEER-Dataset,2023,"推算复试线362分,录取最高378分,平均370.0分,录取2人"
哈尔滨工业大学,黑龙江,0854,电子信息,专业学位,FULL_TIME,待补充,349,2,2,2023,985,,,CPEER推算(录取最低分),https://github.com/Younai2021/CPEER-Dataset,2023,"推算复试线349分,录取最高383分,平均366.0分,录取2人"
哈尔滨工业大学,黑龙江,0854,电子信息,专业学位,FULL_TIME,待补充,374,2,2,2023,985,,,CPEER推算(录取最低分),https://github.com/Younai2021/CPEER-Dataset,2023,"推算复试线374分,录取最高387分,平均380.5分,录取2人"
哈尔滨工业大学,黑龙江,0854,电子信息,专业学位,FULL_TIME,待补充,350,2,2,2023,985,,,CPEER推算(录取最低分),https://github.com/Younai2021/CPEER-Dataset,2023,"推算复试线350分,录取最高388分,平均369.0分,录取2人"
哈尔滨工业大学,黑龙江,0854,电子信息,专业学位,FULL_TIME,待补充,350,2,2,2023,985,,,CPEER推算(录取最低分),https://github.com/Younai2021/CPEER-Dataset,2023,"推算复试线350分,录取最高424分,平均387.0分,录取2人"
哈尔滨工业大学,黑龙江,0854,电子信息,专业学位,FULL_TIME,待补充,379,2,2,2023,985,,,CPEER推算(录取最低分),https://github.com/Younai2021/CPEER-Dataset,2023,"推算复试线379分,录取最高386分,平均382.5分,录取2人"
哈尔滨工业大学,黑龙江,0854,电子信息,专业学位,FULL_TIME,待补充,366,2,2,2023,985,,,CPEER推算(录取最低分),https://github.com/Younai2021/CPEER-Dataset,2023,"推算复试线366分,录取最高383分,平均374.5分,录取2人"
哈尔滨工业大学,黑龙江,0854,电子信息,专业学位,FULL_TIME,待补充,380,1,1,2023,985,,,CPEER推算(录取最低分),https://github.com/Younai2021/CPEER-Dataset,2023,"推算复试线380分,录取最高380分,平均380.0分,录取1人"
哈尔滨工业大学,黑龙江,0854,电子信息,专业学位,FULL_TIME,待补充,386,1,1,2023,985,,,CPEER推算(录取最低分),https://github.com/Younai2021/CPEER-Dataset,2023,"推算复试线386分,录取最高386分,平均386.0分,录取1人"
哈尔滨工业大学,黑龙江,0854,电子信息,专业学位,FULL_TIME,待补充,409,1,1,2023,985,,,CPEER推算(录取最低分),https://github.com/Younai2021/CPEER-Dataset,2023,"推算复试线409分,录取最高409分,平均409.0分,录取1人"
哈尔滨工业大学,黑龙江,0854,电子信息,专业学位,FULL_TIME,待补充,375,1,1,2023,985,,,CPEER推算(录取最低分),https://github.com/Younai2021/CPEER-Dataset,2023,"推算复试线375分,录取最高375分,平均375.0分,录取1人"
哈尔滨工业大学,黑龙江,0854,电子信息,专业学位,FULL_TIME,待补充,370,1,1,2023,985,,,CPEER推算(录取最低分),https://github.com/Younai2021/CPEER-Dataset,2023,"推算复试线370分,录取最高370分,平均370.0分,录取1人"
哈尔滨工业大学,黑龙江,0854,电子信息,专业学位,FULL_TIME,待补充,388,1,1,2023,985,,,CPEER推算(录取最低分),https://github.com/Younai2021/CPEER-Dataset,2023,"推算复试线388分,录取最高388分,平均388.0分,录取1人"
哈尔滨工业大学,黑龙江,0854,电子信息,专业学位,FULL_TIME,待补充,396,1,1,2023,985,,,CPEER推算(录取最低分),https://github.com/Younai2021/CPEER-Dataset,2023,"推算复试线396分,录取最高396分,平均396.0分,录取1人"
哈尔滨工业大学,黑龙江,0854,电子信息,专业学位,FULL_TIME,待补充,396,1,1,2023,985,,,CPEER推算(录取最低分),https://github.com/Younai2021/CPEER-Dataset,2023,"推算复试线396分,录取最高396分,平均396.0分,录取1人"
哈尔滨工业大学,黑龙江,0854,电子信息,专业学位,FULL_TIME,待补充,368,1,1,2023,985,,,CPEER推算(录取最低分),https://github.com/Younai2021/CPEER-Dataset,2023,"推算复试线368分,录取最高368分,平均368.0分,录取1人"
哈尔滨工业大学,黑龙江,0854,电子信息,专业学位,FULL_TIME,待补充,390,1,1,2023,985,,,CPEER推算(录取最低分),https://github.com/Younai2021/CPEER-Dataset,2023,"推算复试线390分,录取最高390分,平均390.0分,录取1人"
哈尔滨工业大学,黑龙江,0854,电子信息,专业学位,FULL_TIME,待补充,382,1,1,2023,985,,,CPEER推算(录取最低分),https://github.com/Younai2021/CPEER-Dataset,2023,"推算复试线382分,录取最高382分,平均382.0分,录取1人"
哈尔滨工业大学,黑龙江,0854,电子信息,专业学位,FULL_TIME,待补充,371,1,1,2023,985,,,CPEER推算(录取最低分),https://github.com/Younai2021/CPEER-Dataset,2023,"推算复试线371分,录取最高371分,平均371.0分,录取1人"
哈尔滨工业大学,黑龙江,0854,电子信息,专业学位,FULL_TIME,待补充,383,1,1,2023,985,,,CPEER推算(录取最低分),https://github.com/Younai2021/CPEER-Dataset,2023,"推算复试线383分,录取最高383分,平均383.0分,录取1人"
哈尔滨工业大学,黑龙江,0854,电子信息,专业学位,FULL_TIME,待补充,388,1,1,2023,985,,,CPEER推算(录取最低分),https://github.com/Younai2021/CPEER-Dataset,2023,"推算复试线388分,录取最高388分,平均388.0分,录取1人"
哈尔滨工业大学,黑龙江,0854,电子信息,专业学位,FULL_TIME,待补充,364,1,1,2023,985,,,CPEER推算(录取最低分),https://github.com/Younai2021/CPEER-Dataset,2023,"推算复试线364分,录取最高364分,平均364.0分,录取1人"
哈尔滨工业大学,黑龙江,0854,电子信息,专业学位,FULL_TIME,待补充,396,1,1,2023,985,,,CPEER推算(录取最低分),https://github.com/Younai2021/CPEER-Dataset,2023,"推算复试线396分,录取最高396分,平均396.0分,录取1人"
哈尔滨工业大学,黑龙江,0854,电子信息,专业学位,FULL_TIME,待补充,355,1,1,2023,985,,,CPEER推算(录取最低分),https://github.com/Younai2021/CPEER-Dataset,2023,"推算复试线355分,录取最高355分,平均355.0分,录取1人"
哈尔滨工业大学,黑龙江,0854,电子信息,专业学位,FULL_TIME,待补充,393,1,1,2023,985,,,CPEER推算(录取最低分),https://github.com/Younai2021/CPEER-Dataset,2023,"推算复试线393分,录取最高393分,平均393.0分,录取1人"
哈尔滨工业大学,黑龙江,0854,电子信息,专业学位,FULL_TIME,待补充,376,1,1,2023,985,,,CPEER推算(录取最低分),https://github.com/Younai2021/CPEER-Dataset,2023,"推算复试线376分,录取最高376分,平均376.0分,录取1人"
哈尔滨工业大学,黑龙江,0854,电子信息,专业学位,FULL_TIME,待补充,363,1,1,2023,985,,,CPEER推算(录取最低分),https://github.com/Younai2021/CPEER-Dataset,2023,"推算复试线363分,录取最高363分,平均363.0分,录取1人"
哈尔滨工业大学,黑龙江,0854,电子信息,专业学位,FULL_TIME,待补充,389,1,1,2023,985,,,CPEER推算(录取最低分),https://github.com/Younai2021/CPEER-Dataset,2023,"推算复试线389分,录取最高389分,平均389.0分,录取1人"
哈尔滨工业大学,黑龙江,0854,电子信息,专业学位,FULL_TIME,待补充,363,1,1,2023,985,,,CPEER推算(录取最低分),https://github.com/Younai2021/CPEER-Dataset,2023,"推算复试线363分,录取最高363分,平均363.0分,录取1人"
哈尔滨工业大学,黑龙江,0854,电子信息,专业学位,FULL_TIME,待补充,370,1,1,2023,985,,,CPEER推算(录取最低分),https://github.com/Younai2021/CPEER-Dataset,2023,"推算复试线370分,录取最高370分,平均370.0分,录取1人"
哈尔滨工业大学,黑龙江,0854,电子信息,专业学位,FULL_TIME,待补充,368,1,1,2023,985,,,CPEER推算(录取最低分),https://github.com/Younai2021/CPEER-Dataset,2023,"推算复试线368分,录取最高368分,平均368.0分,录取1人"
哈尔滨工业大学,黑龙江,0854,电子信息,专业学位,FULL_TIME,待补充,369,1,1,2023,985,,,CPEER推算(录取最低分),https://github.com/Younai2021/CPEER-Dataset,2023,"推算复试线369分,录取最高369分,平均369.0分,录取1人"
哈尔滨工业大学,黑龙江,0854,电子信息,专业学位,FULL_TIME,待补充,374,1,1,2023,985,,,CPEER推算(录取最低分),https://github.com/Younai2021/CPEER-Dataset,2023,"推算复试线374分,录取最高374分,平均374.0分,录取1人"
哈尔滨工业大学,黑龙江,0854,电子信息,专业学位,FULL_TIME,待补充,397,1,1,2023,985,,,CPEER推算(录取最低分),https://github.com/Younai2021/CPEER-Dataset,2023,"推算复试线397分,录取最高397分,平均397.0分,录取1人"
哈尔滨工业大学,黑龙江,0854,电子信息,专业学位,FULL_TIME,待补充,368,1,1,2023,985,,,CPEER推算(录取最低分),https://github.com/Younai2021/CPEER-Dataset,2023,"推算复试线368分,录取最高368分,平均368.0分,录取1人"
哈尔滨工业大学,黑龙江,0854,电子信息,专业学位,FULL_TIME,待补充,383,1,1,2023,985,,,CPEER推算(录取最低分),https://github.com/Younai2021/CPEER-Dataset,2023,"推算复试线383分,录取最高383分,平均383.0分,录取1人"
哈尔滨工业大学,黑龙江,0854,电子信息,专业学位,FULL_TIME,待补充,383,1,1,2023,985,,,CPEER推算(录取最低分),https://github.com/Younai2021/CPEER-Dataset,2023,"推算复试线383分,录取最高383分,平均383.0分,录取1人"
哈尔滨工业大学,黑龙江,0854,电子信息,专业学位,FULL_TIME,待补充,387,1,1,2023,985,,,CPEER推算(录取最低分),https://github.com/Younai2021/CPEER-Dataset,2023,"推算复试线387分,录取最高387分,平均387.0分,录取1人"
哈尔滨工业大学,黑龙江,0854,电子信息,专业学位,FULL_TIME,待补充,358,1,1,2023,985,,,CPEER推算(录取最低分),https://github.com/Younai2021/CPEER-Dataset,2023,"推算复试线358分,录取最高358分,平均358.0分,录取1人"
哈尔滨工业大学,黑龙江,0854,电子信息,专业学位,FULL_TIME,待补充,360,1,1,2023,985,,,CPEER推算(录取最低分),https://github.com/Younai2021/CPEER-Dataset,2023,"推算复试线360分,录取最高360分,平均360.0分,录取1人"
哈尔滨工业大学,黑龙江,0854,电子信息,专业学位,FULL_TIME,待补充,355,1,1,2023,985,,,CPEER推算(录取最低分),https://github.com/Younai2021/CPEER-Dataset,2023,"推算复试线355分,录取最高355分,平均355.0分,录取1人"
哈尔滨工业大学,黑龙江,0854,电子信息,专业学位,FULL_TIME,待补充,381,1,1,2023,985,,,CPEER推算(录取最低分),https://github.com/Younai2021/CPEER-Dataset,2023,"推算复试线381分,录取最高381分,平均381.0分,录取1人"
哈尔滨工业大学,黑龙江,0854,电子信息,专业学位,FULL_TIME,待补充,366,1,1,2023,985,,,CPEER推算(录取最低分),https://github.com/Younai2021/CPEER-Dataset,2023,"推算复试线366分,录取最高366分,平均366.0分,录取1人"
哈尔滨工业大学,黑龙江,0854,电子信息,专业学位,FULL_TIME,待补充,382,1,1,2023,985,,,CPEER推算(录取最低分),https://github.com/Younai2021/CPEER-Dataset,2023,"推算复试线382分,录取最高382分,平均382.0分,录取1人"
哈尔滨工业大学,黑龙江,0854,电子信息,专业学位,FULL_TIME,待补充,358,1,1,2023,985,,,CPEER推算(录取最低分),https://github.com/Younai2021/CPEER-Dataset,2023,"推算复试线358分,录取最高358分,平均358.0分,录取1人"
哈尔滨工业大学,黑龙江,0854,电子信息,专业学位,FULL_TIME,待补充,360,1,1,2023,985,,,CPEER推算(录取最低分),https://github.com/Younai2021/CPEER-Dataset,2023,"推算复试线360分,录取最高360分,平均360.0分,录取1人"
哈尔滨工业大学,黑龙江,0854,电子信息,专业学位,FULL_TIME,待补充,370,1,1,2023,985,,,CPEER推算(录取最低分),https://github.com/Younai2021/CPEER-Dataset,2023,"推算复试线370分,录取最高370分,平均370.0分,录取1人"
哈尔滨工业大学,黑龙江,0854,电子信息,专业学位,FULL_TIME,待补充,378,1,1,2023,985,,,CPEER推算(录取最低分),https://github.com/Younai2021/CPEER-Dataset,2023,"推算复试线378分,录取最高378分,平均378.0分,录取1人"
哈尔滨工业大学,黑龙江,0854,电子信息,专业学位,FULL_TIME,待补充,369,1,1,2023,985,,,CPEER推算(录取最低分),https://github.com/Younai2021/CPEER-Dataset,2023,"推算复试线369分,录取最高369分,平均369.0分,录取1人"
哈尔滨工业大学,黑龙江,0854,电子信息,专业学位,FULL_TIME,待补充,379,1,1,2023,985,,,CPEER推算(录取最低分),https://github.com/Younai2021/CPEER-Dataset,2023,"推算复试线379分,录取最高379分,平均379.0分,录取1人"
哈尔滨工业大学,黑龙江,0854,电子信息,专业学位,FULL_TIME,待补充,390,1,1,2023,985,,,CPEER推算(录取最低分),https://github.com/Younai2021/CPEER-Dataset,2023,"推算复试线390分,录取最高390分,平均390.0分,录取1人"
哈尔滨工业大学,黑龙江,0854,电子信息,专业学位,FULL_TIME,待补充,363,1,1,2023,985,,,CPEER推算(录取最低分),https://github.com/Younai2021/CPEER-Dataset,2023,"推算复试线363分,录取最高363分,平均363.0分,录取1人"
哈尔滨工业大学,黑龙江,0854,电子信息,专业学位,FULL_TIME,待补充,377,1,1,2023,985,,,CPEER推算(录取最低分),https://github.com/Younai2021/CPEER-Dataset,2023,"推算复试线377分,录取最高377分,平均377.0分,录取1人"
哈尔滨工业大学,黑龙江,0854,电子信息,专业学位,FULL_TIME,待补充,361,1,1,2023,985,,,CPEER推算(录取最低分),https://github.com/Younai2021/CPEER-Dataset,2023,"推算复试线361分,录取最高361分,平均361.0分,录取1人"
哈尔滨工业大学,黑龙江,0854,电子信息,专业学位,FULL_TIME,待补充,369,1,1,2023,985,,,CPEER推算(录取最低分),https://github.com/Younai2021/CPEER-Dataset,2023,"推算复试线369分,录取最高369分,平均369.0分,录取1人"
哈尔滨工业大学,黑龙江,0854,电子信息,专业学位,FULL_TIME,待补充,359,1,1,2023,985,,,CPEER推算(录取最低分),https://github.com/Younai2021/CPEER-Dataset,2023,"推算复试线359分,录取最高359分,平均359.0分,录取1人"
哈尔滨工业大学,黑龙江,0854,电子信息,专业学位,FULL_TIME,待补充,378,1,1,2023,985,,,CPEER推算(录取最低分),https://github.com/Younai2021/CPEER-Dataset,2023,"推算复试线378分,录取最高378分,平均378.0分,录取1人"
哈尔滨工业大学,黑龙江,0854,电子信息,专业学位,FULL_TIME,待补充,358,1,1,2023,985,,,CPEER推算(录取最低分),https://github.com/Younai2021/CPEER-Dataset,2023,"推算复试线358分,录取最高358分,平均358.0分,录取1人"
哈尔滨工业大学,黑龙江,0854,电子信息,专业学位,FULL_TIME,待补充,367,1,1,2023,985,,,CPEER推算(录取最低分),https://github.com/Younai2021/CPEER-Dataset,2023,"推算复试线367分,录取最高367分,平均367.0分,录取1人"
哈尔滨工业大学,黑龙江,0854,电子信息,专业学位,FULL_TIME,待补充,353,1,1,2023,985,,,CPEER推算(录取最低分),https://github.com/Younai2021/CPEER-Dataset,2023,"推算复试线353分,录取最高353分,平均353.0分,录取1人"
哈尔滨工业大学,黑龙江,0854,电子信息,专业学位,FULL_TIME,待补充,355,1,1,2023,985,,,CPEER推算(录取最低分),https://github.com/Younai2021/CPEER-Dataset,2023,"推算复试线355分,录取最高355分,平均355.0分,录取1人"
哈尔滨工业大学,黑龙江,0854,电子信息,专业学位,FULL_TIME,待补充,352,1,1,2023,985,,,CPEER推算(录取最低分),https://github.com/Younai2021/CPEER-Dataset,2023,"推算复试线352分,录取最高352分,平均352.0分,录取1人"
哈尔滨工业大学,黑龙江,0854,电子信息,专业学位,FULL_TIME,待补充,388,1,1,2023,985,,,CPEER推算(录取最低分),https://github.com/Younai2021/CPEER-Dataset,2023,"推算复试线388分,录取最高388分,平均388.0分,录取1人"
哈尔滨工业大学,黑龙江,0854,电子信息,专业学位,FULL_TIME,待补充,383,1,1,2023,985,,,CPEER推算(录取最低分),https://github.com/Younai2021/CPEER-Dataset,2023,"推算复试线383分,录取最高383分,平均383.0分,录取1人"
哈尔滨工业大学,黑龙江,0854,电子信息,专业学位,FULL_TIME,待补充,355,1,1,2023,985,,,CPEER推算(录取最低分),https://github.com/Younai2021/CPEER-Dataset,2023,"推算复试线355分,录取最高355分,平均355.0分,录取1人"
哈尔滨工业大学,黑龙江,0854,电子信息,专业学位,FULL_TIME,待补充,366,1,1,2023,985,,,CPEER推算(录取最低分),https://github.com/Younai2021/CPEER-Dataset,2023,"推算复试线366分,录取最高366分,平均366.0分,录取1人"
哈尔滨工业大学,黑龙江,0854,电子信息,专业学位,FULL_TIME,待补充,364,1,1,2023,985,,,CPEER推算(录取最低分),https://github.com/Younai2021/CPEER-Dataset,2023,"推算复试线364分,录取最高364分,平均364.0分,录取1人"
哈尔滨工业大学,黑龙江,0854,电子信息,专业学位,FULL_TIME,待补充,351,1,1,2023,985,,,CPEER推算(录取最低分),https://github.com/Younai2021/CPEER-Dataset,2023,"推算复试线351分,录取最高351分,平均351.0分,录取1人"
哈尔滨工业大学,黑龙江,0854,电子信息,专业学位,FULL_TIME,待补充,376,1,1,2023,985,,,CPEER推算(录取最低分),https://github.com/Younai2021/CPEER-Dataset,2023,"推算复试线376分,录取最高376分,平均376.0分,录取1人"
哈尔滨工业大学,黑龙江,0854,电子信息,专业学位,FULL_TIME,待补充,361,1,1,2023,985,,,CPEER推算(录取最低分),https://github.com/Younai2021/CPEER-Dataset,2023,"推算复试线361分,录取最高361分,平均361.0分,录取1人"
哈尔滨工业大学,黑龙江,0854,电子信息,专业学位,FULL_TIME,待补充,399,1,1,2023,985,,,CPEER推算(录取最低分),https://github.com/Younai2021/CPEER-Dataset,2023,"推算复试线399分,录取最高399分,平均399.0分,录取1人"
哈尔滨工业大学,黑龙江,0812,计算机科学与技术,学术学位,FULL_TIME,待补充,376,2,2,2022,985,,,CPEER推算(录取最低分),https://github.com/Younai2021/CPEER-Dataset,2022,"推算复试线376分,录取最高384分,平均380.0分,录取2人"
哈尔滨工业大学,黑龙江,0812,计算机科学与技术,学术学位,FULL_TIME,待补充,354,2,2,2022,985,,,CPEER推算(录取最低分),https://github.com/Younai2021/CPEER-Dataset,2022,"推算复试线354分,录取最高392分,平均373.0分,录取2人"
哈尔滨工业大学,黑龙江,0812,计算机科学与技术,学术学位,FULL_TIME,待补充,356,2,2,2022,985,,,CPEER推算(录取最低分),https://github.com/Younai2021/CPEER-Dataset,2022,"推算复试线356分,录取最高380分,平均368.0分,录取2人"
哈尔滨工业大学,黑龙江,0812,计算机科学与技术,学术学位,FULL_TIME,待补充,319,2,2,2022,985,,,CPEER推算(录取最低分),https://github.com/Younai2021/CPEER-Dataset,2022,"推算复试线319分,录取最高359分,平均339.0分,录取2人"
哈尔滨工业大学,黑龙江,0812,计算机科学与技术,学术学位,FULL_TIME,待补充,391,1,1,2022,985,,,CPEER推算(录取最低分),https://github.com/Younai2021/CPEER-Dataset,2022,"推算复试线391分,录取最高391分,平均391.0分,录取1人"
哈尔滨工业大学,黑龙江,0812,计算机科学与技术,学术学位,FULL_TIME,待补充,352,1,1,2022,985,,,CPEER推算(录取最低分),https://github.com/Younai2021/CPEER-Dataset,2022,"推算复试线352分,录取最高352分,平均352.0分,录取1人"
哈尔滨工业大学,黑龙江,0812,计算机科学与技术,学术学位,FULL_TIME,待补充,350,1,1,2022,985,,,CPEER推算(录取最低分),https://github.com/Younai2021/CPEER-Dataset,2022,"推算复试线350分,录取最高350分,平均350.0分,录取1人"
哈尔滨工业大学,黑龙江,0812,计算机科学与技术,学术学位,FULL_TIME,待补充,355,1,1,2022,985,,,CPEER推算(录取最低分),https://github.com/Younai2021/CPEER-Dataset,2022,"推算复试线355分,录取最高355分,平均355.0分,录取1人"
哈尔滨工业大学,黑龙江,0812,计算机科学与技术,学术学位,FULL_TIME,待补充,366,1,1,2022,985,,,CPEER推算(录取最低分),https://github.com/Younai2021/CPEER-Dataset,2022,"推算复试线366分,录取最高366分,平均366.0分,录取1人"
哈尔滨工业大学,黑龙江,0812,计算机科学与技术,学术学位,FULL_TIME,待补充,355,1,1,2022,985,,,CPEER推算(录取最低分),https://github.com/Younai2021/CPEER-Dataset,2022,"推算复试线355分,录取最高355分,平均355.0分,录取1人"
哈尔滨工业大学,黑龙江,0812,计算机科学与技术,学术学位,FULL_TIME,待补充,375,1,1,2022,985,,,CPEER推算(录取最低分),https://github.com/Younai2021/CPEER-Dataset,2022,"推算复试线375分,录取最高375分,平均375.0分,录取1人"
哈尔滨工业大学,黑龙江,0812,计算机科学与技术,学术学位,FULL_TIME,待补充,358,1,1,2022,985,,,CPEER推算(录取最低分),https://github.com/Younai2021/CPEER-Dataset,2022,"推算复试线358分,录取最高358分,平均358.0分,录取1人"
哈尔滨工业大学,黑龙江,0812,计算机科学与技术,学术学位,FULL_TIME,待补充,346,1,1,2022,985,,,CPEER推算(录取最低分),https://github.com/Younai2021/CPEER-Dataset,2022,"推算复试线346分,录取最高346分,平均346.0分,录取1人"
哈尔滨工业大学,黑龙江,0812,计算机科学与技术,学术学位,FULL_TIME,待补充,370,1,1,2022,985,,,CPEER推算(录取最低分),https://github.com/Younai2021/CPEER-Dataset,2022,"推算复试线370分,录取最高370分,平均370.0分,录取1人"
哈尔滨工业大学,黑龙江,0812,计算机科学与技术,学术学位,FULL_TIME,待补充,364,1,1,2022,985,,,CPEER推算(录取最低分),https://github.com/Younai2021/CPEER-Dataset,2022,"推算复试线364分,录取最高364分,平均364.0分,录取1人"
哈尔滨工业大学,黑龙江,0812,计算机科学与技术,学术学位,FULL_TIME,待补充,371,1,1,2022,985,,,CPEER推算(录取最低分),https://github.com/Younai2021/CPEER-Dataset,2022,"推算复试线371分,录取最高371分,平均371.0分,录取1人"
哈尔滨工业大学,黑龙江,0812,计算机科学与技术,学术学位,FULL_TIME,待补充,350,1,1,2022,985,,,CPEER推算(录取最低分),https://github.com/Younai2021/CPEER-Dataset,2022,"推算复试线350分,录取最高350分,平均350.0分,录取1人"
哈尔滨工业大学,黑龙江,0812,计算机科学与技术,学术学位,FULL_TIME,待补充,359,1,1,2022,985,,,CPEER推算(录取最低分),https://github.com/Younai2021/CPEER-Dataset,2022,"推算复试线359分,录取最高359分,平均359.0分,录取1人"
哈尔滨工业大学,黑龙江,0812,计算机科学与技术,学术学位,FULL_TIME,待补充,346,1,1,2022,985,,,CPEER推算(录取最低分),https://github.com/Younai2021/CPEER-Dataset,2022,"推算复试线346分,录取最高346分,平均346.0分,录取1人"
哈尔滨工业大学,黑龙江,0812,计算机科学与技术,学术学位,FULL_TIME,待补充,356,1,1,2022,985,,,CPEER推算(录取最低分),https://github.com/Younai2021/CPEER-Dataset,2022,"推算复试线356分,录取最高356分,平均356.0分,录取1人"
哈尔滨工业大学,黑龙江,0812,计算机科学与技术,学术学位,FULL_TIME,待补充,355,1,1,2022,985,,,CPEER推算(录取最低分),https://github.com/Younai2021/CPEER-Dataset,2022,"推算复试线355分,录取最高355分,平均355.0分,录取1人"
哈尔滨工业大学,黑龙江,0812,计算机科学与技术,学术学位,FULL_TIME,待补充,354,1,1,2022,985,,,CPEER推算(录取最低分),https://github.com/Younai2021/CPEER-Dataset,2022,"推算复试线354分,录取最高354分,平均354.0分,录取1人"
哈尔滨工业大学,黑龙江,0812,计算机科学与技术,学术学位,FULL_TIME,待补充,345,1,1,2022,985,,,CPEER推算(录取最低分),https://github.com/Younai2021/CPEER-Dataset,2022,"推算复试线345分,录取最高345分,平均345.0分,录取1人"
哈尔滨工业大学,黑龙江,0812,计算机科学与技术,学术学位,FULL_TIME,待补充,276,1,1,2022,985,,,CPEER推算(录取最低分),https://github.com/Younai2021/CPEER-Dataset,2022,"推算复试线276分,录取最高276分,平均276.0分,录取1人"
哈尔滨工业大学,黑龙江,0835,软件工程,学术学位,FULL_TIME,待补充,387,1,1,2022,985,,,CPEER推算(录取最低分),https://github.com/Younai2021/CPEER-Dataset,2022,"推算复试线387分,录取最高387分,平均387.0分,录取1人"
哈尔滨工业大学,黑龙江,0835,软件工程,学术学位,FULL_TIME,待补充,350,1,1,2022,985,,,CPEER推算(录取最低分),https://github.com/Younai2021/CPEER-Dataset,2022,"推算复试线350分,录取最高350分,平均350.0分,录取1人"
哈尔滨工业大学,黑龙江,0835,软件工程,学术学位,FULL_TIME,待补充,361,1,1,2022,985,,,CPEER推算(录取最低分),https://github.com/Younai2021/CPEER-Dataset,2022,"推算复试线361分,录取最高361分,平均361.0分,录取1人"
哈尔滨工业大学,黑龙江,0835,软件工程,学术学位,FULL_TIME,待补充,348,1,1,2022,985,,,CPEER推算(录取最低分),https://github.com/Younai2021/CPEER-Dataset,2022,"推算复试线348分,录取最高348分,平均348.0分,录取1人"
哈尔滨工业大学,黑龙江,0835,软件工程,学术学位,FULL_TIME,待补充,359,1,1,2022,985,,,CPEER推算(录取最低分),https://github.com/Younai2021/CPEER-Dataset,2022,"推算复试线359分,录取最高359分,平均359.0分,录取1人"
哈尔滨工业大学,黑龙江,0835,软件工程,学术学位,FULL_TIME,待补充,359,1,1,2022,985,,,CPEER推算(录取最低分),https://github.com/Younai2021/CPEER-Dataset,2022,"推算复试线359分,录取最高359分,平均359.0分,录取1人"
哈尔滨工业大学,黑龙江,0839,网络空间安全,学术学位,FULL_TIME,待补充,394,1,1,2022,985,,,CPEER推算(录取最低分),https://github.com/Younai2021/CPEER-Dataset,2022,"推算复试线394分,录取最高394分,平均394.0分,录取1人"
哈尔滨工业大学,黑龙江,0839,网络空间安全,学术学位,FULL_TIME,待补充,348,2,2,2022,985,,,CPEER推算(录取最低分),https://github.com/Younai2021/CPEER-Dataset,2022,"推算复试线348分,录取最高387分,平均367.5分,录取2人"
哈尔滨工业大学,黑龙江,0839,网络空间安全,学术学位,FULL_TIME,待补充,356,2,2,2022,985,,,CPEER推算(录取最低分),https://github.com/Younai2021/CPEER-Dataset,2022,"推算复试线356分,录取最高408分,平均382.0分,录取2人"
哈尔滨工业大学,黑龙江,0839,网络空间安全,学术学位,FULL_TIME,待补充,374,1,1,2022,985,,,CPEER推算(录取最低分),https://github.com/Younai2021/CPEER-Dataset,2022,"推算复试线374分,录取最高374分,平均374.0分,录取1人"
哈尔滨工业大学,黑龙江,0839,网络空间安全,学术学位,FULL_TIME,待补充,403,1,1,2022,985,,,CPEER推算(录取最低分),https://github.com/Younai2021/CPEER-Dataset,2022,"推算复试线403分,录取最高403分,平均403.0分,录取1人"
哈尔滨工业大学,黑龙江,0839,网络空间安全,学术学位,FULL_TIME,待补充,371,1,1,2022,985,,,CPEER推算(录取最低分),https://github.com/Younai2021/CPEER-Dataset,2022,"推算复试线371分,录取最高371分,平均371.0分,录取1人"
哈尔滨工业大学,黑龙江,0839,网络空间安全,学术学位,FULL_TIME,待补充,395,1,1,2022,985,,,CPEER推算(录取最低分),https://github.com/Younai2021/CPEER-Dataset,2022,"推算复试线395分,录取最高395分,平均395.0分,录取1人"
哈尔滨工业大学,黑龙江,0839,网络空间安全,学术学位,FULL_TIME,待补充,370,1,1,2022,985,,,CPEER推算(录取最低分),https://github.com/Younai2021/CPEER-Dataset,2022,"推算复试线370分,录取最高370分,平均370.0分,录取1人"
哈尔滨工业大学,黑龙江,0839,网络空间安全,学术学位,FULL_TIME,待补充,360,1,1,2022,985,,,CPEER推算(录取最低分),https://github.com/Younai2021/CPEER-Dataset,2022,"推算复试线360分,录取最高360分,平均360.0分,录取1人"
哈尔滨工业大学,黑龙江,0839,网络空间安全,学术学位,FULL_TIME,待补充,377,1,1,2022,985,,,CPEER推算(录取最低分),https://github.com/Younai2021/CPEER-Dataset,2022,"推算复试线377分,录取最高377分,平均377.0分,录取1人"
哈尔滨工业大学,黑龙江,0839,网络空间安全,学术学位,FULL_TIME,待补充,361,1,1,2022,985,,,CPEER推算(录取最低分),https://github.com/Younai2021/CPEER-Dataset,2022,"推算复试线361分,录取最高361分,平均361.0分,录取1人"
哈尔滨工业大学,黑龙江,0839,网络空间安全,学术学位,FULL_TIME,待补充,368,1,1,2022,985,,,CPEER推算(录取最低分),https://github.com/Younai2021/CPEER-Dataset,2022,"推算复试线368分,录取最高368分,平均368.0分,录取1人"
哈尔滨工业大学,黑龙江,0839,网络空间安全,学术学位,FULL_TIME,待补充,357,1,1,2022,985,,,CPEER推算(录取最低分),https://github.com/Younai2021/CPEER-Dataset,2022,"推算复试线357分,录取最高357分,平均357.0分,录取1人"
哈尔滨工业大学,黑龙江,0839,网络空间安全,学术学位,FULL_TIME,待补充,394,1,1,2022,985,,,CPEER推算(录取最低分),https://github.com/Younai2021/CPEER-Dataset,2022,"推算复试线394分,录取最高394分,平均394.0分,录取1人"
哈尔滨工业大学,黑龙江,0854,电子信息,专业学位,FULL_TIME,待补充,382,3,3,2022,985,,,CPEER推算(录取最低分),https://github.com/Younai2021/CPEER-Dataset,2022,"推算复试线382分,录取最高418分,平均399.0分,录取3人"
哈尔滨工业大学,黑龙江,0854,电子信息,专业学位,FULL_TIME,待补充,362,4,4,2022,985,,,CPEER推算(录取最低分),https://github.com/Younai2021/CPEER-Dataset,2022,"推算复试线362分,录取最高406分,平均391.5分,录取4人"
哈尔滨工业大学,黑龙江,0854,电子信息,专业学位,FULL_TIME,待补充,358,4,4,2022,985,,,CPEER推算(录取最低分),https://github.com/Younai2021/CPEER-Dataset,2022,"推算复试线358分,录取最高418分,平均388.2分,录取4人"
哈尔滨工业大学,黑龙江,0854,电子信息,专业学位,FULL_TIME,待补充,346,4,4,2022,985,,,CPEER推算(录取最低分),https://github.com/Younai2021/CPEER-Dataset,2022,"推算复试线346分,录取最高405分,平均375.2分,录取4人"
哈尔滨工业大学,黑龙江,0854,电子信息,专业学位,FULL_TIME,待补充,355,4,4,2022,985,,,CPEER推算(录取最低分),https://github.com/Younai2021/CPEER-Dataset,2022,"推算复试线355分,录取最高417分,平均379.2分,录取4人"
哈尔滨工业大学,黑龙江,0854,电子信息,专业学位,FULL_TIME,待补充,356,4,4,2022,985,,,CPEER推算(录取最低分),https://github.com/Younai2021/CPEER-Dataset,2022,"推算复试线356分,录取最高397分,平均379.8分,录取4人"
哈尔滨工业大学,黑龙江,0854,电子信息,专业学位,FULL_TIME,待补充,346,4,4,2022,985,,,CPEER推算(录取最低分),https://github.com/Younai2021/CPEER-Dataset,2022,"推算复试线346分,录取最高394分,平均370.0分,录取4人"
哈尔滨工业大学,黑龙江,0854,电子信息,专业学位,FULL_TIME,待补充,350,4,4,2022,985,,,CPEER推算(录取最低分),https://github.com/Younai2021/CPEER-Dataset,2022,"推算复试线350分,录取最高393分,平均369.5分,录取4人"
哈尔滨工业大学,黑龙江,0854,电子信息,专业学位,FULL_TIME,待补充,354,4,4,2022,985,,,CPEER推算(录取最低分),https://github.com/Younai2021/CPEER-Dataset,2022,"推算复试线354分,录取最高388分,平均374.5分,录取4人"
哈尔滨工业大学,黑龙江,0854,电子信息,专业学位,FULL_TIME,待补充,352,4,4,2022,985,,,CPEER推算(录取最低分),https://github.com/Younai2021/CPEER-Dataset,2022,"推算复试线352分,录取最高380分,平均365.5分,录取4人"
哈尔滨工业大学,黑龙江,0854,电子信息,专业学位,FULL_TIME,待补充,354,4,4,2022,985,,,CPEER推算(录取最低分),https://github.com/Younai2021/CPEER-Dataset,2022,"推算复试线354分,录取最高394分,平均368.2分,录取4人"
哈尔滨工业大学,黑龙江,0854,电子信息,专业学位,FULL_TIME,待补充,351,4,4,2022,985,,,CPEER推算(录取最低分),https://github.com/Younai2021/CPEER-Dataset,2022,"推算复试线351分,录取最高382分,平均361.5分,录取4人"
哈尔滨工业大学,黑龙江,0854,电子信息,专业学位,FULL_TIME,待补充,349,4,4,2022,985,,,CPEER推算(录取最低分),https://github.com/Younai2021/CPEER-Dataset,2022,"推算复试线349分,录取最高390分,平均371.2分,录取4人"
哈尔滨工业大学,黑龙江,0854,电子信息,专业学位,FULL_TIME,待补充,347,4,4,2022,985,,,CPEER推算(录取最低分),https://github.com/Younai2021/CPEER-Dataset,2022,"推算复试线347分,录取最高390分,平均362.5分,录取4人"
哈尔滨工业大学,黑龙江,0854,电子信息,专业学位,FULL_TIME,待补充,346,4,4,2022,985,,,CPEER推算(录取最低分),https://github.com/Younai2021/CPEER-Dataset,2022,"推算复试线346分,录取最高389分,平均360.2分,录取4人"
哈尔滨工业大学,黑龙江,0854,电子信息,专业学位,FULL_TIME,待补充,349,4,4,2022,985,,,CPEER推算(录取最低分),https://github.com/Younai2021/CPEER-Dataset,2022,"推算复试线349分,录取最高370分,平均356.0分,录取4人"
哈尔滨工业大学,黑龙江,0854,电子信息,专业学位,FULL_TIME,待补充,356,4,4,2022,985,,,CPEER推算(录取最低分),https://github.com/Younai2021/CPEER-Dataset,2022,"推算复试线356分,录取最高380分,平均363.8分,录取4人"
哈尔滨工业大学,黑龙江,0854,电子信息,专业学位,FULL_TIME,待补充,351,4,4,2022,985,,,CPEER推算(录取最低分),https://github.com/Younai2021/CPEER-Dataset,2022,"推算复试线351分,录取最高382分,平均369.2分,录取4人"
哈尔滨工业大学,黑龙江,0854,电子信息,专业学位,FULL_TIME,待补充,350,4,4,2022,985,,,CPEER推算(录取最低分),https://github.com/Younai2021/CPEER-Dataset,2022,"推算复试线350分,录取最高371分,平均361.5分,录取4人"
哈尔滨工业大学,黑龙江,0854,电子信息,专业学位,FULL_TIME,待补充,347,3,3,2022,985,,,CPEER推算(录取最低分),https://github.com/Younai2021/CPEER-Dataset,2022,"推算复试线347分,录取最高377分,平均358.3分,录取3人"
哈尔滨工业大学,黑龙江,0854,电子信息,专业学位,FULL_TIME,待补充,356,3,3,2022,985,,,CPEER推算(录取最低分),https://github.com/Younai2021/CPEER-Dataset,2022,"推算复试线356分,录取最高385分,平均367.7分,录取3人"
哈尔滨工业大学,黑龙江,0854,电子信息,专业学位,FULL_TIME,待补充,345,3,3,2022,985,,,CPEER推算(录取最低分),https://github.com/Younai2021/CPEER-Dataset,2022,"推算复试线345分,录取最高380分,平均360.7分,录取3人"
哈尔滨工业大学,黑龙江,0854,电子信息,专业学位,FULL_TIME,待补充,351,3,3,2022,985,,,CPEER推算(录取最低分),https://github.com/Younai2021/CPEER-Dataset,2022,"推算复试线351分,录取最高377分,平均360.0分,录取3人"
哈尔滨工业大学,黑龙江,0854,电子信息,专业学位,FULL_TIME,待补充,352,3,3,2022,985,,,CPEER推算(录取最低分),https://github.com/Younai2021/CPEER-Dataset,2022,"推算复试线352分,录取最高391分,平均366.0分,录取3人"
哈尔滨工业大学,黑龙江,0854,电子信息,专业学位,FULL_TIME,待补充,369,3,3,2022,985,,,CPEER推算(录取最低分),https://github.com/Younai2021/CPEER-Dataset,2022,"推算复试线369分,录取最高374分,平均371.3分,录取3人"
哈尔滨工业大学,黑龙江,0854,电子信息,专业学位,FULL_TIME,待补充,357,2,2,2022,985,,,CPEER推算(录取最低分),https://github.com/Younai2021/CPEER-Dataset,2022,"推算复试线357分,录取最高377分,平均367.0分,录取2人"
哈尔滨工业大学,黑龙江,0854,电子信息,专业学位,FULL_TIME,待补充,352,2,2,2022,985,,,CPEER推算(录取最低分),https://github.com/Younai2021/CPEER-Dataset,2022,"推算复试线352分,录取最高369分,平均360.5分,录取2人"
哈尔滨工业大学,黑龙江,0854,电子信息,专业学位,FULL_TIME,待补充,349,2,2,2022,985,,,CPEER推算(录取最低分),https://github.com/Younai2021/CPEER-Dataset,2022,"推算复试线349分,录取最高355分,平均352.0分,录取2人"
哈尔滨工业大学,黑龙江,0854,电子信息,专业学位,FULL_TIME,待补充,358,2,2,2022,985,,,CPEER推算(录取最低分),https://github.com/Younai2021/CPEER-Dataset,2022,"推算复试线358分,录取最高371分,平均364.5分,录取2人"
哈尔滨工业大学,黑龙江,0854,电子信息,专业学位,FULL_TIME,待补充,350,2,2,2022,985,,,CPEER推算(录取最低分),https://github.com/Younai2021/CPEER-Dataset,2022,"推算复试线350分,录取最高358分,平均354.0分,录取2人"
哈尔滨工业大学,黑龙江,0854,电子信息,专业学位,FULL_TIME,待补充,347,2,2,2022,985,,,CPEER推算(录取最低分),https://github.com/Younai2021/CPEER-Dataset,2022,"推算复试线347分,录取最高366分,平均356.5分,录取2人"
哈尔滨工业大学,黑龙江,0854,电子信息,专业学位,FULL_TIME,待补充,349,1,1,2022,985,,,CPEER推算(录取最低分),https://github.com/Younai2021/CPEER-Dataset,2022,"推算复试线349分,录取最高349分,平均349.0分,录取1人"
哈尔滨工业大学,黑龙江,0854,电子信息,专业学位,FULL_TIME,待补充,394,1,1,2022,985,,,CPEER推算(录取最低分),https://github.com/Younai2021/CPEER-Dataset,2022,"推算复试线394分,录取最高394分,平均394.0分,录取1人"
哈尔滨工业大学,黑龙江,0854,电子信息,专业学位,FULL_TIME,待补充,378,1,1,2022,985,,,CPEER推算(录取最低分),https://github.com/Younai2021/CPEER-Dataset,2022,"推算复试线378分,录取最高378分,平均378.0分,录取1人"
哈尔滨工业大学,黑龙江,0854,电子信息,专业学位,FULL_TIME,待补充,366,1,1,2022,985,,,CPEER推算(录取最低分),https://github.com/Younai2021/CPEER-Dataset,2022,"推算复试线366分,录取最高366分,平均366.0分,录取1人"
哈尔滨工业大学,黑龙江,0854,电子信息,专业学位,FULL_TIME,待补充,360,1,1,2022,985,,,CPEER推算(录取最低分),https://github.com/Younai2021/CPEER-Dataset,2022,"推算复试线360分,录取最高360分,平均360.0分,录取1人"
哈尔滨工业大学,黑龙江,0854,电子信息,专业学位,FULL_TIME,待补充,381,1,1,2022,985,,,CPEER推算(录取最低分),https://github.com/Younai2021/CPEER-Dataset,2022,"推算复试线381分,录取最高381分,平均381.0分,录取1人"
哈尔滨工业大学,黑龙江,0854,电子信息,专业学位,FULL_TIME,待补充,371,1,1,2022,985,,,CPEER推算(录取最低分),https://github.com/Younai2021/CPEER-Dataset,2022,"推算复试线371分,录取最高371分,平均371.0分,录取1人"
哈尔滨工业大学,黑龙江,0854,电子信息,专业学位,FULL_TIME,待补充,370,1,1,2022,985,,,CPEER推算(录取最低分),https://github.com/Younai2021/CPEER-Dataset,2022,"推算复试线370分,录取最高370分,平均370.0分,录取1人"
哈尔滨工业大学,黑龙江,0854,电子信息,专业学位,FULL_TIME,待补充,364,1,1,2022,985,,,CPEER推算(录取最低分),https://github.com/Younai2021/CPEER-Dataset,2022,"推算复试线364分,录取最高364分,平均364.0分,录取1人"
哈尔滨工业大学,黑龙江,0854,电子信息,专业学位,FULL_TIME,待补充,363,1,1,2022,985,,,CPEER推算(录取最低分),https://github.com/Younai2021/CPEER-Dataset,2022,"推算复试线363分,录取最高363分,平均363.0分,录取1人"
哈尔滨工业大学,黑龙江,0854,电子信息,专业学位,FULL_TIME,待补充,367,1,1,2022,985,,,CPEER推算(录取最低分),https://github.com/Younai2021/CPEER-Dataset,2022,"推算复试线367分,录取最高367分,平均367.0分,录取1人"
哈尔滨工业大学,黑龙江,0854,电子信息,专业学位,FULL_TIME,待补充,366,1,1,2022,985,,,CPEER推算(录取最低分),https://github.com/Younai2021/CPEER-Dataset,2022,"推算复试线366分,录取最高366分,平均366.0分,录取1人"
哈尔滨工业大学,黑龙江,0854,电子信息,专业学位,FULL_TIME,待补充,355,1,1,2022,985,,,CPEER推算(录取最低分),https://github.com/Younai2021/CPEER-Dataset,2022,"推算复试线355分,录取最高355分,平均355.0分,录取1人"
哈尔滨工业大学,黑龙江,0854,电子信息,专业学位,FULL_TIME,待补充,367,1,1,2022,985,,,CPEER推算(录取最低分),https://github.com/Younai2021/CPEER-Dataset,2022,"推算复试线367分,录取最高367分,平均367.0分,录取1人"
哈尔滨工业大学,黑龙江,0854,电子信息,专业学位,FULL_TIME,待补充,362,1,1,2022,985,,,CPEER推算(录取最低分),https://github.com/Younai2021/CPEER-Dataset,2022,"推算复试线362分,录取最高362分,平均362.0分,录取1人"
哈尔滨工业大学,黑龙江,0854,电子信息,专业学位,FULL_TIME,待补充,378,1,1,2022,985,,,CPEER推算(录取最低分),https://github.com/Younai2021/CPEER-Dataset,2022,"推算复试线378分,录取最高378分,平均378.0分,录取1人"
哈尔滨工业大学,黑龙江,0854,电子信息,专业学位,FULL_TIME,待补充,371,1,1,2022,985,,,CPEER推算(录取最低分),https://github.com/Younai2021/CPEER-Dataset,2022,"推算复试线371分,录取最高371分,平均371.0分,录取1人"
哈尔滨工业大学,黑龙江,0854,电子信息,专业学位,FULL_TIME,待补充,365,1,1,2022,985,,,CPEER推算(录取最低分),https://github.com/Younai2021/CPEER-Dataset,2022,"推算复试线365分,录取最高365分,平均365.0分,录取1人"
哈尔滨工业大学,黑龙江,0854,电子信息,专业学位,FULL_TIME,待补充,352,1,1,2022,985,,,CPEER推算(录取最低分),https://github.com/Younai2021/CPEER-Dataset,2022,"推算复试线352分,录取最高352分,平均352.0分,录取1人"
哈尔滨工业大学,黑龙江,0854,电子信息,专业学位,FULL_TIME,待补充,381,1,1,2022,985,,,CPEER推算(录取最低分),https://github.com/Younai2021/CPEER-Dataset,2022,"推算复试线381分,录取最高381分,平均381.0分,录取1人"
哈尔滨工业大学,黑龙江,0854,电子信息,专业学位,FULL_TIME,待补充,353,1,1,2022,985,,,CPEER推算(录取最低分),https://github.com/Younai2021/CPEER-Dataset,2022,"推算复试线353分,录取最高353分,平均353.0分,录取1人"
哈尔滨工业大学,黑龙江,0854,电子信息,专业学位,FULL_TIME,待补充,352,1,1,2022,985,,,CPEER推算(录取最低分),https://github.com/Younai2021/CPEER-Dataset,2022,"推算复试线352分,录取最高352分,平均352.0分,录取1人"
哈尔滨工业大学,黑龙江,0854,电子信息,专业学位,FULL_TIME,待补充,368,1,1,2022,985,,,CPEER推算(录取最低分),https://github.com/Younai2021/CPEER-Dataset,2022,"推算复试线368分,录取最高368分,平均368.0分,录取1人"
哈尔滨工业大学,黑龙江,0854,电子信息,专业学位,FULL_TIME,待补充,377,1,1,2022,985,,,CPEER推算(录取最低分),https://github.com/Younai2021/CPEER-Dataset,2022,"推算复试线377分,录取最高377分,平均377.0分,录取1人"
哈尔滨工业大学,黑龙江,0854,电子信息,专业学位,FULL_TIME,待补充,382,1,1,2022,985,,,CPEER推算(录取最低分),https://github.com/Younai2021/CPEER-Dataset,2022,"推算复试线382分,录取最高382分,平均382.0分,录取1人"
哈尔滨工业大学,黑龙江,0854,电子信息,专业学位,FULL_TIME,待补充,362,1,1,2022,985,,,CPEER推算(录取最低分),https://github.com/Younai2021/CPEER-Dataset,2022,"推算复试线362分,录取最高362分,平均362.0分,录取1人"
哈尔滨工业大学,黑龙江,0854,电子信息,专业学位,FULL_TIME,待补充,355,1,1,2022,985,,,CPEER推算(录取最低分),https://github.com/Younai2021/CPEER-Dataset,2022,"推算复试线355分,录取最高355分,平均355.0分,录取1人"
哈尔滨工业大学,黑龙江,0854,电子信息,专业学位,FULL_TIME,待补充,360,1,1,2022,985,,,CPEER推算(录取最低分),https://github.com/Younai2021/CPEER-Dataset,2022,"推算复试线360分,录取最高360分,平均360.0分,录取1人"
哈尔滨工业大学,黑龙江,0854,电子信息,专业学位,FULL_TIME,待补充,350,1,1,2022,985,,,CPEER推算(录取最低分),https://github.com/Younai2021/CPEER-Dataset,2022,"推算复试线350分,录取最高350分,平均350.0分,录取1人"
哈尔滨工业大学,黑龙江,0854,电子信息,专业学位,FULL_TIME,待补充,354,1,1,2022,985,,,CPEER推算(录取最低分),https://github.com/Younai2021/CPEER-Dataset,2022,"推算复试线354分,录取最高354分,平均354.0分,录取1人"
哈尔滨工业大学,黑龙江,0854,电子信息,专业学位,FULL_TIME,待补充,371,1,1,2022,985,,,CPEER推算(录取最低分),https://github.com/Younai2021/CPEER-Dataset,2022,"推算复试线371分,录取最高371分,平均371.0分,录取1人"
哈尔滨工业大学,黑龙江,0854,电子信息,专业学位,FULL_TIME,待补充,361,1,1,2022,985,,,CPEER推算(录取最低分),https://github.com/Younai2021/CPEER-Dataset,2022,"推算复试线361分,录取最高361分,平均361.0分,录取1人"
哈尔滨工业大学,黑龙江,0854,电子信息,专业学位,FULL_TIME,待补充,379,1,1,2022,985,,,CPEER推算(录取最低分),https://github.com/Younai2021/CPEER-Dataset,2022,"推算复试线379分,录取最高379分,平均379.0分,录取1人"
哈尔滨工业大学,黑龙江,0854,电子信息,专业学位,FULL_TIME,待补充,346,1,1,2022,985,,,CPEER推算(录取最低分),https://github.com/Younai2021/CPEER-Dataset,2022,"推算复试线346分,录取最高346分,平均346.0分,录取1人"
哈尔滨工业大学,黑龙江,0854,电子信息,专业学位,FULL_TIME,待补充,361,1,1,2022,985,,,CPEER推算(录取最低分),https://github.com/Younai2021/CPEER-Dataset,2022,"推算复试线361分,录取最高361分,平均361.0分,录取1人"
哈尔滨工业大学,黑龙江,0854,电子信息,专业学位,FULL_TIME,待补充,361,1,1,2022,985,,,CPEER推算(录取最低分),https://github.com/Younai2021/CPEER-Dataset,2022,"推算复试线361分,录取最高361分,平均361.0分,录取1人"
哈尔滨工业大学,黑龙江,0854,电子信息,专业学位,FULL_TIME,待补充,379,1,1,2022,985,,,CPEER推算(录取最低分),https://github.com/Younai2021/CPEER-Dataset,2022,"推算复试线379分,录取最高379分,平均379.0分,录取1人"
哈尔滨工业大学,黑龙江,0854,电子信息,专业学位,FULL_TIME,待补充,352,1,1,2022,985,,,CPEER推算(录取最低分),https://github.com/Younai2021/CPEER-Dataset,2022,"推算复试线352分,录取最高352分,平均352.0分,录取1人"
哈尔滨工业大学,黑龙江,0854,电子信息,专业学位,FULL_TIME,待补充,365,1,1,2022,985,,,CPEER推算(录取最低分),https://github.com/Younai2021/CPEER-Dataset,2022,"推算复试线365分,录取最高365分,平均365.0分,录取1人"
哈尔滨工业大学,黑龙江,0854,电子信息,专业学位,FULL_TIME,待补充,386,1,1,2022,985,,,CPEER推算(录取最低分),https://github.com/Younai2021/CPEER-Dataset,2022,"推算复试线386分,录取最高386分,平均386.0分,录取1人"
哈尔滨工业大学,黑龙江,0854,电子信息,专业学位,FULL_TIME,待补充,366,1,1,2022,985,,,CPEER推算(录取最低分),https://github.com/Younai2021/CPEER-Dataset,2022,"推算复试线366分,录取最高366分,平均366.0分,录取1人"
哈尔滨工业大学,黑龙江,0854,电子信息,专业学位,FULL_TIME,待补充,356,1,1,2022,985,,,CPEER推算(录取最低分),https://github.com/Younai2021/CPEER-Dataset,2022,"推算复试线356分,录取最高356分,平均356.0分,录取1人"
哈尔滨工业大学,黑龙江,0854,电子信息,专业学位,FULL_TIME,待补充,365,1,1,2022,985,,,CPEER推算(录取最低分),https://github.com/Younai2021/CPEER-Dataset,2022,"推算复试线365分,录取最高365分,平均365.0分,录取1人"
哈尔滨工业大学,黑龙江,0854,电子信息,专业学位,FULL_TIME,待补充,362,1,1,2022,985,,,CPEER推算(录取最低分),https://github.com/Younai2021/CPEER-Dataset,2022,"推算复试线362分,录取最高362分,平均362.0分,录取1人"
哈尔滨工业大学,黑龙江,0854,电子信息,专业学位,FULL_TIME,待补充,351,1,1,2022,985,,,CPEER推算(录取最低分),https://github.com/Younai2021/CPEER-Dataset,2022,"推算复试线351分,录取最高351分,平均351.0分,录取1人"
哈尔滨工业大学,黑龙江,0854,电子信息,专业学位,FULL_TIME,待补充,364,1,1,2022,985,,,CPEER推算(录取最低分),https://github.com/Younai2021/CPEER-Dataset,2022,"推算复试线364分,录取最高364分,平均364.0分,录取1人"
哈尔滨工业大学,黑龙江,0854,电子信息,专业学位,FULL_TIME,待补充,359,1,1,2022,985,,,CPEER推算(录取最低分),https://github.com/Younai2021/CPEER-Dataset,2022,"推算复试线359分,录取最高359分,平均359.0分,录取1人"
哈尔滨工业大学,黑龙江,0854,电子信息,专业学位,FULL_TIME,待补充,357,1,1,2022,985,,,CPEER推算(录取最低分),https://github.com/Younai2021/CPEER-Dataset,2022,"推算复试线357分,录取最高357分,平均357.0分,录取1人"
哈尔滨工业大学,黑龙江,0854,电子信息,专业学位,FULL_TIME,待补充,350,1,1,2022,985,,,CPEER推算(录取最低分),https://github.com/Younai2021/CPEER-Dataset,2022,"推算复试线350分,录取最高350分,平均350.0分,录取1人"
哈尔滨工业大学,黑龙江,0854,电子信息,专业学位,FULL_TIME,待补充,363,1,1,2022,985,,,CPEER推算(录取最低分),https://github.com/Younai2021/CPEER-Dataset,2022,"推算复试线363分,录取最高363分,平均363.0分,录取1人"
哈尔滨工业大学,黑龙江,0854,电子信息,专业学位,FULL_TIME,待补充,357,1,1,2022,985,,,CPEER推算(录取最低分),https://github.com/Younai2021/CPEER-Dataset,2022,"推算复试线357分,录取最高357分,平均357.0分,录取1人"
哈尔滨工业大学,黑龙江,0854,电子信息,专业学位,FULL_TIME,待补充,356,1,1,2022,985,,,CPEER推算(录取最低分),https://github.com/Younai2021/CPEER-Dataset,2022,"推算复试线356分,录取最高356分,平均356.0分,录取1人"
哈尔滨工业大学,黑龙江,0854,电子信息,专业学位,FULL_TIME,待补充,361,1,1,2022,985,,,CPEER推算(录取最低分),https://github.com/Younai2021/CPEER-Dataset,2022,"推算复试线361分,录取最高361分,平均361.0分,录取1人"
哈尔滨工业大学,黑龙江,0854,电子信息,专业学位,FULL_TIME,待补充,353,1,1,2022,985,,,CPEER推算(录取最低分),https://github.com/Younai2021/CPEER-Dataset,2022,"推算复试线353分,录取最高353分,平均353.0分,录取1人"
哈尔滨工业大学,黑龙江,0854,电子信息,专业学位,FULL_TIME,待补充,345,1,1,2022,985,,,CPEER推算(录取最低分),https://github.com/Younai2021/CPEER-Dataset,2022,"推算复试线345分,录取最高345分,平均345.0分,录取1人"
哈尔滨工业大学,黑龙江,0854,电子信息,专业学位,FULL_TIME,待补充,349,1,1,2022,985,,,CPEER推算(录取最低分),https://github.com/Younai2021/CPEER-Dataset,2022,"推算复试线349分,录取最高349分,平均349.0分,录取1人"
哈尔滨工业大学,黑龙江,0854,电子信息,专业学位,FULL_TIME,待补充,368,1,1,2022,985,,,CPEER推算(录取最低分),https://github.com/Younai2021/CPEER-Dataset,2022,"推算复试线368分,录取最高368分,平均368.0分,录取1人"
哈尔滨工业大学,黑龙江,0854,电子信息,专业学位,FULL_TIME,待补充,364,1,1,2022,985,,,CPEER推算(录取最低分),https://github.com/Younai2021/CPEER-Dataset,2022,"推算复试线364分,录取最高364分,平均364.0分,录取1人"
哈尔滨工业大学,黑龙江,0812,计算机科学与技术,学术学位,FULL_TIME,待补充,382,1,1,2021,985,,,CPEER推算(录取最低分),https://github.com/Younai2021/CPEER-Dataset,2021,"推算复试线382分,录取最高382分,平均382.0分,录取1人"
哈尔滨工业大学,黑龙江,0812,计算机科学与技术,学术学位,FULL_TIME,待补充,418,1,1,2021,985,,,CPEER推算(录取最低分),https://github.com/Younai2021/CPEER-Dataset,2021,"推算复试线418分,录取最高418分,平均418.0分,录取1人"
哈尔滨工业大学,黑龙江,0812,计算机科学与技术,学术学位,FULL_TIME,待补充,394,1,1,2021,985,,,CPEER推算(录取最低分),https://github.com/Younai2021/CPEER-Dataset,2021,"推算复试线394分,录取最高394分,平均394.0分,录取1人"
哈尔滨工业大学,黑龙江,0812,计算机科学与技术,学术学位,FULL_TIME,待补充,404,1,1,2021,985,,,CPEER推算(录取最低分),https://github.com/Younai2021/CPEER-Dataset,2021,"推算复试线404分,录取最高404分,平均404.0分,录取1人"
哈尔滨工业大学,黑龙江,0812,计算机科学与技术,学术学位,FULL_TIME,待补充,383,1,1,2021,985,,,CPEER推算(录取最低分),https://github.com/Younai2021/CPEER-Dataset,2021,"推算复试线383分,录取最高383分,平均383.0分,录取1人"
哈尔滨工业大学,黑龙江,0812,计算机科学与技术,学术学位,FULL_TIME,待补充,346,1,1,2021,985,,,CPEER推算(录取最低分),https://github.com/Younai2021/CPEER-Dataset,2021,"推算复试线346分,录取最高346分,平均346.0分,录取1人"
哈尔滨工业大学,黑龙江,0812,计算机科学与技术,学术学位,FULL_TIME,待补充,385,1,1,2021,985,,,CPEER推算(录取最低分),https://github.com/Younai2021/CPEER-Dataset,2021,"推算复试线385分,录取最高385分,平均385.0分,录取1人"
哈尔滨工业大学,黑龙江,0812,计算机科学与技术,学术学位,FULL_TIME,待补充,367,1,1,2021,985,,,CPEER推算(录取最低分),https://github.com/Younai2021/CPEER-Dataset,2021,"推算复试线367分,录取最高367分,平均367.0分,录取1人"
哈尔滨工业大学,黑龙江,0812,计算机科学与技术,学术学位,FULL_TIME,待补充,365,1,1,2021,985,,,CPEER推算(录取最低分),https://github.com/Younai2021/CPEER-Dataset,2021,"推算复试线365分,录取最高365分,平均365.0分,录取1人"
哈尔滨工业大学,黑龙江,0835,软件工程,学术学位,FULL_TIME,待补充,387,1,1,2021,985,,,CPEER推算(录取最低分),https://github.com/Younai2021/CPEER-Dataset,2021,"推算复试线387分,录取最高387分,平均387.0分,录取1人"
哈尔滨工业大学,黑龙江,0835,软件工程,学术学位,FULL_TIME,待补充,368,1,1,2021,985,,,CPEER推算(录取最低分),https://github.com/Younai2021/CPEER-Dataset,2021,"推算复试线368分,录取最高368分,平均368.0分,录取1人"
哈尔滨工业大学,黑龙江,0835,软件工程,学术学位,FULL_TIME,待补充,360,1,1,2021,985,,,CPEER推算(录取最低分),https://github.com/Younai2021/CPEER-Dataset,2021,"推算复试线360分,录取最高360分,平均360.0分,录取1人"
哈尔滨工业大学,黑龙江,0835,软件工程,学术学位,FULL_TIME,待补充,386,1,1,2021,985,,,CPEER推算(录取最低分),https://github.com/Younai2021/CPEER-Dataset,2021,"推算复试线386分,录取最高386分,平均386.0分,录取1人"
哈尔滨工业大学,黑龙江,0835,软件工程,学术学位,FULL_TIME,待补充,363,1,1,2021,985,,,CPEER推算(录取最低分),https://github.com/Younai2021/CPEER-Dataset,2021,"推算复试线363分,录取最高363分,平均363.0分,录取1人"
哈尔滨工业大学,黑龙江,0835,软件工程,学术学位,FULL_TIME,待补充,362,1,1,2021,985,,,CPEER推算(录取最低分),https://github.com/Younai2021/CPEER-Dataset,2021,"推算复试线362分,录取最高362分,平均362.0分,录取1人"
哈尔滨工业大学,黑龙江,0835,软件工程,学术学位,FULL_TIME,待补充,410,1,1,2021,985,,,CPEER推算(录取最低分),https://github.com/Younai2021/CPEER-Dataset,2021,"推算复试线410分,录取最高410分,平均410.0分,录取1人"
哈尔滨工业大学,黑龙江,0835,软件工程,学术学位,FULL_TIME,待补充,402,1,1,2021,985,,,CPEER推算(录取最低分),https://github.com/Younai2021/CPEER-Dataset,2021,"推算复试线402分,录取最高402分,平均402.0分,录取1人"
哈尔滨工业大学,黑龙江,0835,软件工程,学术学位,FULL_TIME,待补充,387,1,1,2021,985,,,CPEER推算(录取最低分),https://github.com/Younai2021/CPEER-Dataset,2021,"推算复试线387分,录取最高387分,平均387.0分,录取1人"
哈尔滨工业大学,黑龙江,0835,软件工程,学术学位,FULL_TIME,待补充,404,1,1,2021,985,,,CPEER推算(录取最低分),https://github.com/Younai2021/CPEER-Dataset,2021,"推算复试线404分,录取最高404分,平均404.0分,录取1人"
哈尔滨工业大学,黑龙江,0835,软件工程,学术学位,FULL_TIME,待补充,356,1,1,2021,985,,,CPEER推算(录取最低分),https://github.com/Younai2021/CPEER-Dataset,2021,"推算复试线356分,录取最高356分,平均356.0分,录取1人"
哈尔滨工业大学,黑龙江,0839,网络空间安全,学术学位,FULL_TIME,待补充,419,1,1,2021,985,,,CPEER推算(录取最低分),https://github.com/Younai2021/CPEER-Dataset,2021,"推算复试线419分,录取最高419分,平均419.0分,录取1人"
哈尔滨工业大学,黑龙江,0839,网络空间安全,学术学位,FULL_TIME,待补充,410,1,1,2021,985,,,CPEER推算(录取最低分),https://github.com/Younai2021/CPEER-Dataset,2021,"推算复试线410分,录取最高410分,平均410.0分,录取1人"
哈尔滨工业大学,黑龙江,0839,网络空间安全,学术学位,FULL_TIME,待补充,351,1,1,2021,985,,,CPEER推算(录取最低分),https://github.com/Younai2021/CPEER-Dataset,2021,"推算复试线351分,录取最高351分,平均351.0分,录取1人"
哈尔滨工业大学,黑龙江,0839,网络空间安全,学术学位,FULL_TIME,待补充,379,1,1,2021,985,,,CPEER推算(录取最低分),https://github.com/Younai2021/CPEER-Dataset,2021,"推算复试线379分,录取最高379分,平均379.0分,录取1人"
哈尔滨工业大学,黑龙江,0839,网络空间安全,学术学位,FULL_TIME,待补充,366,1,1,2021,985,,,CPEER推算(录取最低分),https://github.com/Younai2021/CPEER-Dataset,2021,"推算复试线366分,录取最高366分,平均366.0分,录取1人"
哈尔滨工业大学,黑龙江,0839,网络空间安全,学术学位,FULL_TIME,待补充,385,1,1,2021,985,,,CPEER推算(录取最低分),https://github.com/Younai2021/CPEER-Dataset,2021,"推算复试线385分,录取最高385分,平均385.0分,录取1人"
哈尔滨工业大学,黑龙江,0839,网络空间安全,学术学位,FULL_TIME,待补充,366,1,1,2021,985,,,CPEER推算(录取最低分),https://github.com/Younai2021/CPEER-Dataset,2021,"推算复试线366分,录取最高366分,平均366.0分,录取1人"
哈尔滨工业大学,黑龙江,0839,网络空间安全,学术学位,FULL_TIME,待补充,379,1,1,2021,985,,,CPEER推算(录取最低分),https://github.com/Younai2021/CPEER-Dataset,2021,"推算复试线379分,录取最高379分,平均379.0分,录取1人"
哈尔滨工业大学,黑龙江,0839,网络空间安全,学术学位,FULL_TIME,待补充,368,1,1,2021,985,,,CPEER推算(录取最低分),https://github.com/Younai2021/CPEER-Dataset,2021,"推算复试线368分,录取最高368分,平均368.0分,录取1人"
哈尔滨工业大学,黑龙江,0839,网络空间安全,学术学位,FULL_TIME,待补充,359,1,1,2021,985,,,CPEER推算(录取最低分),https://github.com/Younai2021/CPEER-Dataset,2021,"推算复试线359分,录取最高359分,平均359.0分,录取1人"
哈尔滨工业大学,黑龙江,0839,网络空间安全,学术学位,FULL_TIME,待补充,343,1,1,2021,985,,,CPEER推算(录取最低分),https://github.com/Younai2021/CPEER-Dataset,2021,"推算复试线343分,录取最高343分,平均343.0分,录取1人"
哈尔滨工业大学,黑龙江,0839,网络空间安全,学术学位,FULL_TIME,待补充,364,1,1,2021,985,,,CPEER推算(录取最低分),https://github.com/Younai2021/CPEER-Dataset,2021,"推算复试线364分,录取最高364分,平均364.0分,录取1人"
哈尔滨工业大学,黑龙江,0839,网络空间安全,学术学位,FULL_TIME,待补充,368,1,1,2021,985,,,CPEER推算(录取最低分),https://github.com/Younai2021/CPEER-Dataset,2021,"推算复试线368分,录取最高368分,平均368.0分,录取1人"
哈尔滨工业大学,黑龙江,0854,电子信息,专业学位,FULL_TIME,待补充,351,2,2,2021,985,,,CPEER推算(录取最低分),https://github.com/Younai2021/CPEER-Dataset,2021,"推算复试线351分,录取最高410分,平均380.5分,录取2人"
哈尔滨工业大学,黑龙江,0854,电子信息,专业学位,FULL_TIME,待补充,398,2,2,2021,985,,,CPEER推算(录取最低分),https://github.com/Younai2021/CPEER-Dataset,2021,"推算复试线398分,录取最高403分,平均400.5分,录取2人"
哈尔滨工业大学,黑龙江,0854,电子信息,专业学位,FULL_TIME,待补充,337,2,2,2021,985,,,CPEER推算(录取最低分),https://github.com/Younai2021/CPEER-Dataset,2021,"推算复试线337分,录取最高364分,平均350.5分,录取2人"
哈尔滨工业大学,黑龙江,0854,电子信息,专业学位,FULL_TIME,待补充,383,2,2,2021,985,,,CPEER推算(录取最低分),https://github.com/Younai2021/CPEER-Dataset,2021,"推算复试线383分,录取最高383分,平均383.0分,录取2人"
哈尔滨工业大学,黑龙江,0854,电子信息,专业学位,FULL_TIME,待补充,379,2,2,2021,985,,,CPEER推算(录取最低分),https://github.com/Younai2021/CPEER-Dataset,2021,"推算复试线379分,录取最高388分,平均383.5分,录取2人"
哈尔滨工业大学,黑龙江,0854,电子信息,专业学位,FULL_TIME,待补充,351,2,2,2021,985,,,CPEER推算(录取最低分),https://github.com/Younai2021/CPEER-Dataset,2021,"推算复试线351分,录取最高391分,平均371.0分,录取2人"
哈尔滨工业大学,黑龙江,0854,电子信息,专业学位,FULL_TIME,待补充,387,2,2,2021,985,,,CPEER推算(录取最低分),https://github.com/Younai2021/CPEER-Dataset,2021,"推算复试线387分,录取最高395分,平均391.0分,录取2人"
哈尔滨工业大学,黑龙江,0854,电子信息,专业学位,FULL_TIME,待补充,384,2,2,2021,985,,,CPEER推算(录取最低分),https://github.com/Younai2021/CPEER-Dataset,2021,"推算复试线384分,录取最高411分,平均397.5分,录取2人"
哈尔滨工业大学,黑龙江,0854,电子信息,专业学位,FULL_TIME,待补充,365,2,2,2021,985,,,CPEER推算(录取最低分),https://github.com/Younai2021/CPEER-Dataset,2021,"推算复试线365分,录取最高377分,平均371.0分,录取2人"
哈尔滨工业大学,黑龙江,0854,电子信息,专业学位,FULL_TIME,待补充,349,2,2,2021,985,,,CPEER推算(录取最低分),https://github.com/Younai2021/CPEER-Dataset,2021,"推算复试线349分,录取最高371分,平均360.0分,录取2人"
哈尔滨工业大学,黑龙江,0854,电子信息,专业学位,FULL_TIME,待补充,355,2,2,2021,985,,,CPEER推算(录取最低分),https://github.com/Younai2021/CPEER-Dataset,2021,"推算复试线355分,录取最高363分,平均359.0分,录取2人"
哈尔滨工业大学,黑龙江,0854,电子信息,专业学位,FULL_TIME,待补充,370,2,2,2021,985,,,CPEER推算(录取最低分),https://github.com/Younai2021/CPEER-Dataset,2021,"推算复试线370分,录取最高382分,平均376.0分,录取2人"
哈尔滨工业大学,黑龙江,0854,电子信息,专业学位,FULL_TIME,待补充,361,2,2,2021,985,,,CPEER推算(录取最低分),https://github.com/Younai2021/CPEER-Dataset,2021,"推算复试线361分,录取最高370分,平均365.5分,录取2人"
哈尔滨工业大学,黑龙江,0854,电子信息,专业学位,FULL_TIME,待补充,353,2,2,2021,985,,,CPEER推算(录取最低分),https://github.com/Younai2021/CPEER-Dataset,2021,"推算复试线353分,录取最高367分,平均360.0分,录取2人"
哈尔滨工业大学,黑龙江,0854,电子信息,专业学位,FULL_TIME,待补充,341,2,2,2021,985,,,CPEER推算(录取最低分),https://github.com/Younai2021/CPEER-Dataset,2021,"推算复试线341分,录取最高364分,平均352.5分,录取2人"
哈尔滨工业大学,黑龙江,0854,电子信息,专业学位,FULL_TIME,待补充,354,2,2,2021,985,,,CPEER推算(录取最低分),https://github.com/Younai2021/CPEER-Dataset,2021,"推算复试线354分,录取最高392分,平均373.0分,录取2人"
哈尔滨工业大学,黑龙江,0854,电子信息,专业学位,FULL_TIME,待补充,351,2,2,2021,985,,,CPEER推算(录取最低分),https://github.com/Younai2021/CPEER-Dataset,2021,"推算复试线351分,录取最高360分,平均355.5分,录取2人"
哈尔滨工业大学,黑龙江,0854,电子信息,专业学位,FULL_TIME,待补充,336,2,2,2021,985,,,CPEER推算(录取最低分),https://github.com/Younai2021/CPEER-Dataset,2021,"推算复试线336分,录取最高353分,平均344.5分,录取2人"
哈尔滨工业大学,黑龙江,0854,电子信息,专业学位,FULL_TIME,待补充,337,2,2,2021,985,,,CPEER推算(录取最低分),https://github.com/Younai2021/CPEER-Dataset,2021,"推算复试线337分,录取最高357分,平均347.0分,录取2人"
哈尔滨工业大学,黑龙江,0854,电子信息,专业学位,FULL_TIME,待补充,353,2,2,2021,985,,,CPEER推算(录取最低分),https://github.com/Younai2021/CPEER-Dataset,2021,"推算复试线353分,录取最高366分,平均359.5分,录取2人"
哈尔滨工业大学,黑龙江,0854,电子信息,专业学位,FULL_TIME,待补充,346,2,2,2021,985,,,CPEER推算(录取最低分),https://github.com/Younai2021/CPEER-Dataset,2021,"推算复试线346分,录取最高375分,平均360.5分,录取2人"
哈尔滨工业大学,黑龙江,0854,电子信息,专业学位,FULL_TIME,待补充,360,2,2,2021,985,,,CPEER推算(录取最低分),https://github.com/Younai2021/CPEER-Dataset,2021,"推算复试线360分,录取最高384分,平均372.0分,录取2人"
哈尔滨工业大学,黑龙江,0854,电子信息,专业学位,FULL_TIME,待补充,402,1,1,2021,985,,,CPEER推算(录取最低分),https://github.com/Younai2021/CPEER-Dataset,2021,"推算复试线402分,录取最高402分,平均402.0分,录取1人"
哈尔滨工业大学,黑龙江,0854,电子信息,专业学位,FULL_TIME,待补充,339,1,1,2021,985,,,CPEER推算(录取最低分),https://github.com/Younai2021/CPEER-Dataset,2021,"推算复试线339分,录取最高339分,平均339.0分,录取1人"
哈尔滨工业大学,黑龙江,0854,电子信息,专业学位,FULL_TIME,待补充,360,1,1,2021,985,,,CPEER推算(录取最低分),https://github.com/Younai2021/CPEER-Dataset,2021,"推算复试线360分,录取最高360分,平均360.0分,录取1人"
哈尔滨工业大学,黑龙江,0854,电子信息,专业学位,FULL_TIME,待补充,353,1,1,2021,985,,,CPEER推算(录取最低分),https://github.com/Younai2021/CPEER-Dataset,2021,"推算复试线353分,录取最高353分,平均353.0分,录取1人"
哈尔滨工业大学,黑龙江,0854,电子信息,专业学位,FULL_TIME,待补充,338,1,1,2021,985,,,CPEER推算(录取最低分),https://github.com/Younai2021/CPEER-Dataset,2021,"推算复试线338分,录取最高338分,平均338.0分,录取1人"
哈尔滨工业大学,黑龙江,0854,电子信息,专业学位,FULL_TIME,待补充,339,1,1,2021,985,,,CPEER推算(录取最低分),https://github.com/Younai2021/CPEER-Dataset,2021,"推算复试线339分,录取最高339分,平均339.0分,录取1人"
哈尔滨工业大学,黑龙江,0854,电子信息,专业学位,FULL_TIME,待补充,372,1,1,2021,985,,,CPEER推算(录取最低分),https://github.com/Younai2021/CPEER-Dataset,2021,"推算复试线372分,录取最高372分,平均372.0分,录取1人"
哈尔滨工业大学,黑龙江,0854,电子信息,专业学位,FULL_TIME,待补充,353,1,1,2021,985,,,CPEER推算(录取最低分),https://github.com/Younai2021/CPEER-Dataset,2021,"推算复试线353分,录取最高353分,平均353.0分,录取1人"
哈尔滨工业大学,黑龙江,0854,电子信息,专业学位,FULL_TIME,待补充,350,1,1,2021,985,,,CPEER推算(录取最低分),https://github.com/Younai2021/CPEER-Dataset,2021,"推算复试线350分,录取最高350分,平均350.0分,录取1人"
哈尔滨工业大学,黑龙江,0854,电子信息,专业学位,FULL_TIME,待补充,361,1,1,2021,985,,,CPEER推算(录取最低分),https://github.com/Younai2021/CPEER-Dataset,2021,"推算复试线361分,录取最高361分,平均361.0分,录取1人"
哈尔滨工业大学,黑龙江,0854,电子信息,专业学位,FULL_TIME,待补充,342,1,1,2021,985,,,CPEER推算(录取最低分),https://github.com/Younai2021/CPEER-Dataset,2021,"推算复试线342分,录取最高342分,平均342.0分,录取1人"
哈尔滨工业大学,黑龙江,0854,电子信息,专业学位,FULL_TIME,待补充,347,1,1,2021,985,,,CPEER推算(录取最低分),https://github.com/Younai2021/CPEER-Dataset,2021,"推算复试线347分,录取最高347分,平均347.0分,录取1人"
哈尔滨工业大学,黑龙江,0854,电子信息,专业学位,FULL_TIME,待补充,347,1,1,2021,985,,,CPEER推算(录取最低分),https://github.com/Younai2021/CPEER-Dataset,2021,"推算复试线347分,录取最高347分,平均347.0分,录取1人"
哈尔滨工业大学,黑龙江,0854,电子信息,专业学位,FULL_TIME,待补充,347,1,1,2021,985,,,CPEER推算(录取最低分),https://github.com/Younai2021/CPEER-Dataset,2021,"推算复试线347分,录取最高347分,平均347.0分,录取1人"
哈尔滨工业大学,黑龙江,0854,电子信息,专业学位,FULL_TIME,待补充,374,1,1,2021,985,,,CPEER推算(录取最低分),https://github.com/Younai2021/CPEER-Dataset,2021,"推算复试线374分,录取最高374分,平均374.0分,录取1人"
哈尔滨工业大学,黑龙江,0854,电子信息,专业学位,FULL_TIME,待补充,373,1,1,2021,985,,,CPEER推算(录取最低分),https://github.com/Younai2021/CPEER-Dataset,2021,"推算复试线373分,录取最高373分,平均373.0分,录取1人"
清华大学,北京,0812,计算机科学与技术,学术学位,FULL_TIME,数学一+408,320,,,2020,985,38,264,高校研究生院官网(2020年),,2020,工学国家线264分
清华大学,北京,0812,计算机科学与技术,学术学位,FULL_TIME,数学一+408,335,,,2022,985,42,273,高校研究生院官网(2022年),,2022,工学国家线273分
清华大学,北京,0812,计算机科学与技术,学术学位,FULL_TIME,数学一+408,345,,,2024,985,45,273,高校研究生院官网(2024年),,2024,工学国家线273分
清华大学,北京,0812,计算机科学与技术,学术学位,FULL_TIME,数学一+408,350,,,2025,985,45,275,高校研究生院官网(2025年),,2025,工学国家线275分
清华大学,北京,0835,软件工程,学术学位,FULL_TIME,数学一+408,330,,,2023,985,28,273,高校研究生院官网(2023年),,2023,工学国家线273分
清华大学,北京,0835,软件工程,学术学位,FULL_TIME,数学一+408,335,,,2024,985,30,273,高校研究生院官网(2024年),,2024,工学国家线273分
清华大学,北京,0835,软件工程,学术学位,FULL_TIME,数学一+408,340,,,2025,985,30,275,高校研究生院官网(2025年),,2025,工学国家线275分
清华大学,北京,0854,电子信息,专业学位,FULL_TIME,数学一+408,325,,,2023,985,50,273,高校研究生院官网(2023年),,2023,工学国家线273分
清华大学,北京,0854,电子信息,专业学位,FULL_TIME,数学一+408,330,,,2024,985,55,273,高校研究生院官网(2024年),,2024,工学国家线273分
清华大学,北京,0854,电子信息,专业学位,FULL_TIME,数学一+408,335,,,2025,985,60,275,高校研究生院官网(2025年),,2025,工学国家线275分
北京大学,北京,0812,计算机科学与技术,学术学位,FULL_TIME,数学一+408,310,,,2020,985,38,264,高校研究生院官网(2020年),,2020,工学国家线264分
北京大学,北京,0812,计算机科学与技术,学术学位,FULL_TIME,数学一+408,325,,,2021,985,40,263,高校研究生院官网(2021年),,2021,工学国家线263分
北京大学,北京,0812,计算机科学与技术,学术学位,FULL_TIME,数学一+408,345,,,2024,985,48,273,高校研究生院官网(2024年),,2024,工学国家线273分
北京大学,北京,0812,计算机科学与技术,学术学位,FULL_TIME,数学一+408,350,,,2025,985,50,275,高校研究生院官网(2025年),,2025,工学国家线275分
北京大学,北京,0835,软件工程,学术学位,FULL_TIME,数学一+408,325,,,2023,985,22,273,高校研究生院官网(2023年),,2023,工学国家线273分
北京大学,北京,0835,软件工程,学术学位,FULL_TIME,数学一+408,330,,,2024,985,25,273,高校研究生院官网(2024年),,2024,工学国家线273分
北京大学,北京,0835,软件工程,学术学位,FULL_TIME,数学一+408,335,,,2025,985,25,275,高校研究生院官网(2025年),,2025,工学国家线275分
北京大学,北京,0854,电子信息,专业学位,FULL_TIME,数学一+408,320,,,2023,985,48,273,高校研究生院官网(2023年),,2023,工学国家线273分
北京大学,北京,0854,电子信息,专业学位,FULL_TIME,数学一+408,325,,,2024,985,50,273,高校研究生院官网(2024年),,2024,工学国家线273分
北京大学,北京,0854,电子信息,专业学位,FULL_TIME,数学一+408,330,,,2025,985,55,275,高校研究生院官网(2025年),,2025,工学国家线275分
浙江大学,浙江,0812,计算机科学与技术,学术学位,FULL_TIME,数学一+408,300,,,2020,985,48,264,高校研究生院官网(2020年),,2020,工学国家线264分
浙江大学,浙江,0812,计算机科学与技术,学术学位,FULL_TIME,数学一+408,310,,,2021,985,50,263,高校研究生院官网(2021年),,2021,工学国家线263分
浙江大学,浙江,0812,计算机科学与技术,学术学位,FULL_TIME,数学一+408,315,,,2022,985,52,273,高校研究生院官网(2022年),,2022,工学国家线273分
浙江大学,浙江,0812,计算机科学与技术,学术学位,FULL_TIME,数学一+408,320,,,2023,985,55,273,高校研究生院官网(2023年),,2023,工学国家线273分
浙江大学,浙江,0812,计算机科学与技术,学术学位,FULL_TIME,数学一+408,325,,,2024,985,58,273,高校研究生院官网(2024年),,2024,工学国家线273分
浙江大学,浙江,0812,计算机科学与技术,学术学位,FULL_TIME,数学一+408,330,,,2025,985,60,275,高校研究生院官网(2025年),,2025,工学国家线275分
浙江大学,浙江,0835,软件工程,学术学位,FULL_TIME,数学一+408,310,,,2023,985,35,273,高校研究生院官网(2023年),,2023,工学国家线273分
浙江大学,浙江,0835,软件工程,学术学位,FULL_TIME,数学一+408,315,,,2024,985,38,273,高校研究生院官网(2024年),,2024,工学国家线273分
浙江大学,浙江,0835,软件工程,学术学位,FULL_TIME,数学一+408,320,,,2025,985,40,275,高校研究生院官网(2025年),,2025,工学国家线275分
浙江大学,浙江,0854,电子信息,专业学位,FULL_TIME,数学一+408,310,,,2023,985,70,273,高校研究生院官网(2023年),,2023,工学国家线273分
浙江大学,浙江,0854,电子信息,专业学位,FULL_TIME,数学一+408,315,,,2024,985,75,273,高校研究生院官网(2024年),,2024,工学国家线273分
浙江大学,浙江,0854,电子信息,专业学位,FULL_TIME,数学一+408,320,,,2025,985,80,275,高校研究生院官网(2025年),,2025,工学国家线275分
上海交通大学,上海,0812,计算机科学与技术,学术学位,FULL_TIME,数学一+408,310,,,2020,985,30,264,高校研究生院官网(2020年),,2020,工学国家线264分
上海交通大学,上海,0812,计算机科学与技术,学术学位,FULL_TIME,数学一+408,320,,,2021,985,33,263,高校研究生院官网(2021年),,2021,工学国家线263分
上海交通大学,上海,0812,计算机科学与技术,学术学位,FULL_TIME,数学一+408,325,,,2022,985,35,273,高校研究生院官网(2022年),,2022,工学国家线273分
上海交通大学,上海,0812,计算机科学与技术,学术学位,FULL_TIME,数学一+408,330,,,2023,985,36,273,高校研究生院官网(2023年),,2023,工学国家线273分
上海交通大学,上海,0812,计算机科学与技术,学术学位,FULL_TIME,数学一+408,335,,,2024,985,38,273,高校研究生院官网(2024年),,2024,工学国家线273分
上海交通大学,上海,0812,计算机科学与技术,学术学位,FULL_TIME,数学一+408,340,,,2025,985,40,275,高校研究生院官网(2025年),,2025,工学国家线275分
上海交通大学,上海,0854,电子信息,专业学位,FULL_TIME,数学一+408,320,,,2023,985,50,273,高校研究生院官网(2023年),,2023,工学国家线273分
上海交通大学,上海,0854,电子信息,专业学位,FULL_TIME,数学一+408,325,,,2024,985,55,273,高校研究生院官网(2024年),,2024,工学国家线273分
上海交通大学,上海,0854,电子信息,专业学位,FULL_TIME,数学一+408,330,,,2025,985,60,275,高校研究生院官网(2025年),,2025,工学国家线275分
复旦大学,上海,0812,计算机科学与技术,学术学位,FULL_TIME,数学一+408,290,,,2023,985,30,273,高校研究生院官网(2023年),,2023,工学国家线273分
复旦大学,上海,0812,计算机科学与技术,学术学位,FULL_TIME,数学一+408,295,,,2024,985,33,273,高校研究生院官网(2024年),,2024,工学国家线273分
复旦大学,上海,0812,计算机科学与技术,学术学位,FULL_TIME,数学一+408,300,,,2025,985,35,275,高校研究生院官网(2025年),,2025,工学国家线275分
复旦大学,上海,0854,电子信息,专业学位,FULL_TIME,数学一+408,300,,,2023,985,45,273,高校研究生院官网(2023年),,2023,工学国家线273分
复旦大学,上海,0854,电子信息,专业学位,FULL_TIME,数学一+408,305,,,2024,985,48,273,高校研究生院官网(2024年),,2024,工学国家线273分
复旦大学,上海,0854,电子信息,专业学位,FULL_TIME,数学一+408,310,,,2025,985,50,275,高校研究生院官网(2025年),,2025,工学国家线275分
南京大学,江苏,0812,计算机科学与技术,学术学位,FULL_TIME,数学一+408,295,,,2020,985,35,264,高校研究生院官网(2020年),,2020,工学国家线264分
南京大学,江苏,0812,计算机科学与技术,学术学位,FULL_TIME,数学一+408,305,,,2021,985,36,263,高校研究生院官网(2021年),,2021,工学国家线263分
南京大学,江苏,0812,计算机科学与技术,学术学位,FULL_TIME,数学一+408,310,,,2022,985,38,273,高校研究生院官网(2022年),,2022,工学国家线273分
南京大学,江苏,0812,计算机科学与技术,学术学位,FULL_TIME,数学一+408,315,,,2023,985,40,273,高校研究生院官网(2023年),,2023,工学国家线273分
南京大学,江苏,0812,计算机科学与技术,学术学位,FULL_TIME,数学一+408,320,,,2024,985,43,273,高校研究生院官网(2024年),,2024,工学国家线273分
南京大学,江苏,0812,计算机科学与技术,学术学位,FULL_TIME,数学一+408,325,,,2025,985,45,275,高校研究生院官网(2025年),,2025,工学国家线275分
南京大学,江苏,0835,软件工程,学术学位,FULL_TIME,数学一+408,315,,,2024,985,28,273,高校研究生院官网(2024年),,2024,工学国家线273分
南京大学,江苏,0835,软件工程,学术学位,FULL_TIME,数学一+408,320,,,2025,985,30,275,高校研究生院官网(2025年),,2025,工学国家线275分
南京大学,江苏,0854,电子信息,专业学位,FULL_TIME,数学一+408,305,,,2023,985,60,273,高校研究生院官网(2023年),,2023,工学国家线273分
南京大学,江苏,0854,电子信息,专业学位,FULL_TIME,数学一+408,310,,,2024,985,65,273,高校研究生院官网(2024年),,2024,工学国家线273分
南京大学,江苏,0854,电子信息,专业学位,FULL_TIME,数学一+408,315,,,2025,985,70,275,高校研究生院官网(2025年),,2025,工学国家线275分
中国科学技术大学,安徽,0812,计算机科学与技术,学术学位,FULL_TIME,数学一+408,320,,,2023,985,45,273,高校研究生院官网(2023年),,2023,工学国家线273分
中国科学技术大学,安徽,0812,计算机科学与技术,学术学位,FULL_TIME,数学一+408,325,,,2024,985,48,273,高校研究生院官网(2024年),,2024,工学国家线273分
中国科学技术大学,安徽,0812,计算机科学与技术,学术学位,FULL_TIME,数学一+408,330,,,2025,985,50,275,高校研究生院官网(2025年),,2025,工学国家线275分
中国科学技术大学,安徽,0854,电子信息,专业学位,FULL_TIME,数学一+408,310,,,2023,985,50,273,高校研究生院官网(2023年),,2023,工学国家线273分
中国科学技术大学,安徽,0854,电子信息,专业学位,FULL_TIME,数学一+408,315,,,2024,985,55,273,高校研究生院官网(2024年),,2024,工学国家线273分
中国科学技术大学,安徽,0854,电子信息,专业学位,FULL_TIME,数学一+408,320,,,2025,985,60,275,高校研究生院官网(2025年),,2025,工学国家线275分
哈尔滨工业大学,黑龙江,0812,计算机科学与技术,学术学位,FULL_TIME,数学一+408,295,,,2020,985,43,264,高校研究生院官网(2020年),,2020,工学国家线264分
哈尔滨工业大学,黑龙江,0812,计算机科学与技术,学术学位,FULL_TIME,数学一+408,320,,,2024,985,52,273,高校研究生院官网(2024年),,2024,工学国家线273分
哈尔滨工业大学,黑龙江,0812,计算机科学与技术,学术学位,FULL_TIME,数学一+408,327,,,2025,985,55,275,高校研究生院官网(2025年),,2025,工学国家线275分
哈尔滨工业大学,黑龙江,0854,电子信息,专业学位,FULL_TIME,数学一+408,305,,,2023,985,60,273,高校研究生院官网(2023年),,2023,工学国家线273分
哈尔滨工业大学,黑龙江,0854,电子信息,专业学位,FULL_TIME,数学一+408,310,,,2024,985,65,273,高校研究生院官网(2024年),,2024,工学国家线273分
哈尔滨工业大学,黑龙江,0854,电子信息,专业学位,FULL_TIME,数学一+408,315,,,2025,985,70,275,高校研究生院官网(2025年),,2025,工学国家线275分
西安交通大学,陕西,0812,计算机科学与技术,学术学位,FULL_TIME,数学一+408,310,,,2023,985,36,273,高校研究生院官网(2023年),,2023,工学国家线273分
西安交通大学,陕西,0812,计算机科学与技术,学术学位,FULL_TIME,数学一+408,315,,,2024,985,38,273,高校研究生院官网(2024年),,2024,工学国家线273分
西安交通大学,陕西,0812,计算机科学与技术,学术学位,FULL_TIME,数学一+408,320,,,2025,985,40,275,高校研究生院官网(2025年),,2025,工学国家线275分
西安交通大学,陕西,0854,电子信息,专业学位,FULL_TIME,数学一+408,300,,,2023,985,50,273,高校研究生院官网(2023年),,2023,工学国家线273分
西安交通大学,陕西,0854,电子信息,专业学位,FULL_TIME,数学一+408,305,,,2024,985,55,273,高校研究生院官网(2024年),,2024,工学国家线273分
西安交通大学,陕西,0854,电子信息,专业学位,FULL_TIME,数学一+408,310,,,2025,985,60,275,高校研究生院官网(2025年),,2025,工学国家线275分
北京航空航天大学,北京,0812,计算机科学与技术,学术学位,FULL_TIME,数学一+408,330,,,2024,985,33,273,高校研究生院官网(2024年),,2024,工学国家线273分
北京航空航天大学,北京,0812,计算机科学与技术,学术学位,FULL_TIME,数学一+408,335,,,2025,985,35,275,高校研究生院官网(2025年),,2025,工学国家线275分
北京航空航天大学,北京,0854,电子信息,专业学位,FULL_TIME,数学一+408,315,,,2023,985,45,273,高校研究生院官网(2023年),,2023,工学国家线273分
北京航空航天大学,北京,0854,电子信息,专业学位,FULL_TIME,数学一+408,320,,,2024,985,48,273,高校研究生院官网(2024年),,2024,工学国家线273分
北京航空航天大学,北京,0854,电子信息,专业学位,FULL_TIME,数学一+408,325,,,2025,985,50,275,高校研究生院官网(2025年),,2025,工学国家线275分
华中科技大学,湖北,0812,计算机科学与技术,学术学位,FULL_TIME,数学一+408,320,,,2024,985,43,273,高校研究生院官网(2024年),,2024,工学国家线273分
华中科技大学,湖北,0812,计算机科学与技术,学术学位,FULL_TIME,数学一+408,325,,,2025,985,45,275,高校研究生院官网(2025年),,2025,工学国家线275分
华中科技大学,湖北,0854,电子信息,专业学位,FULL_TIME,数学一+408,310,,,2024,985,60,273,高校研究生院官网(2024年),,2024,工学国家线273分
华中科技大学,湖北,0854,电子信息,专业学位,FULL_TIME,数学一+408,315,,,2025,985,65,275,高校研究生院官网(2025年),,2025,工学国家线275分
武汉大学,湖北,0812,计算机科学与技术,学术学位,FULL_TIME,数学一+408,315,,,2024,985,38,273,高校研究生院官网(2024年),,2024,工学国家线273分
武汉大学,湖北,0812,计算机科学与技术,学术学位,FULL_TIME,数学一+408,320,,,2025,985,40,275,高校研究生院官网(2025年),,2025,工学国家线275分
武汉大学,湖北,0854,电子信息,专业学位,FULL_TIME,数学一+408,305,,,2024,985,52,273,高校研究生院官网(2024年),,2024,工学国家线273分
武汉大学,湖北,0854,电子信息,专业学位,FULL_TIME,数学一+408,310,,,2025,985,55,275,高校研究生院官网(2025年),,2025,工学国家线275分
电子科技大学,四川,0812,计算机科学与技术,学术学位,FULL_TIME,数学一+408,325,,,2024,985,48,273,高校研究生院官网(2024年),,2024,工学国家线273分
电子科技大学,四川,0812,计算机科学与技术,学术学位,FULL_TIME,数学一+408,330,,,2025,985,50,275,高校研究生院官网(2025年),,2025,工学国家线275分
电子科技大学,四川,0854,电子信息,专业学位,FULL_TIME,数学一+408,315,,,2024,985,75,273,高校研究生院官网(2024年),,2024,工学国家线273分
电子科技大学,四川,0854,电子信息,专业学位,FULL_TIME,数学一+408,320,,,2025,985,80,275,高校研究生院官网(2025年),,2025,工学国家线275分
北京邮电大学,北京,0812,计算机科学与技术,学术学位,FULL_TIME,数学一+408,310,,,2023,211,55,273,高校研究生院官网(2023年),,2023,工学国家线273分
北京邮电大学,北京,0812,计算机科学与技术,学术学位,FULL_TIME,数学一+408,315,,,2024,211,58,273,高校研究生院官网(2024年),,2024,工学国家线273分
北京邮电大学,北京,0812,计算机科学与技术,学术学位,FULL_TIME,数学一+408,320,,,2025,211,60,275,高校研究生院官网(2025年),,2025,工学国家线275分
北京邮电大学,北京,0854,电子信息,专业学位,FULL_TIME,数学一+408,305,,,2024,211,75,273,高校研究生院官网(2024年),,2024,工学国家线273分
北京邮电大学,北京,0854,电子信息,专业学位,FULL_TIME,数学一+408,310,,,2025,211,80,275,高校研究生院官网(2025年),,2025,工学国家线275分
西安电子科技大学,陕西,0812,计算机科学与技术,学术学位,FULL_TIME,数学一+408,305,,,2023,211,50,273,高校研究生院官网(2023年),,2023,工学国家线273分
西安电子科技大学,陕西,0812,计算机科学与技术,学术学位,FULL_TIME,数学一+408,310,,,2024,211,52,273,高校研究生院官网(2024年),,2024,工学国家线273分
西安电子科技大学,陕西,0812,计算机科学与技术,学术学位,FULL_TIME,数学一+408,315,,,2025,211,55,275,高校研究生院官网(2025年),,2025,工学国家线275分
西安电子科技大学,陕西,0854,电子信息,专业学位,FULL_TIME,数学一+408,300,,,2023,211,60,273,高校研究生院官网(2023年),,2023,工学国家线273分
西安电子科技大学,陕西,0854,电子信息,专业学位,FULL_TIME,数学一+408,305,,,2024,211,65,273,高校研究生院官网(2024年),,2024,工学国家线273分
西安电子科技大学,陕西,0854,电子信息,专业学位,FULL_TIME,数学一+408,310,,,2025,211,70,275,高校研究生院官网(2025年),,2025,工学国家线275分
南京邮电大学,江苏,0854,电子信息,专业学位,FULL_TIME,数学二+408,305,,,2023,双非,80,273,高校研究生院官网(2023年),,2023,工学国家线273分
南京邮电大学,江苏,0854,电子信息,专业学位,FULL_TIME,数学二+408,310,,,2024,双非,85,273,高校研究生院官网(2024年),,2024,工学国家线273分
南京邮电大学,江苏,0854,电子信息,专业学位,FULL_TIME,数学二+408,315,,,2025,双非,90,275,高校研究生院官网(2025年),,2025,工学国家线275分
重庆邮电大学,重庆,0854,电子信息,专业学位,FULL_TIME,数学二+408,300,,,2023,双非,90,273,高校研究生院官网(2023年),,2023,工学国家线273分
重庆邮电大学,重庆,0854,电子信息,专业学位,FULL_TIME,数学二+408,305,,,2024,双非,95,273,高校研究生院官网(2024年),,2024,工学国家线273分
重庆邮电大学,重庆,0854,电子信息,专业学位,FULL_TIME,数学二+408,310,,,2025,双非,100,275,高校研究生院官网(2025年),,2025,工学国家线275分
杭州电子科技大学,浙江,0812,计算机科学与技术,学术学位,FULL_TIME,数学一+408,310,,,2023,双非,40,273,高校研究生院官网(2023年),,2023,工学国家线273分
杭州电子科技大学,浙江,0812,计算机科学与技术,学术学位,FULL_TIME,数学一+408,315,,,2024,双非,42,273,高校研究生院官网(2024年),,2024,工学国家线273分
杭州电子科技大学,浙江,0812,计算机科学与技术,学术学位,FULL_TIME,数学一+408,320,,,2025,双非,45,275,高校研究生院官网(2025年),,2025,工学国家线275分
杭州电子科技大学,浙江,0854,电子信息,专业学位,FULL_TIME,数学二+408,320,,,2023,双非,100,273,高校研究生院官网(2023年),,2023,工学国家线273分
杭州电子科技大学,浙江,0854,电子信息,专业学位,FULL_TIME,数学二+408,325,,,2024,双非,110,273,高校研究生院官网(2024年),,2024,工学国家线273分
杭州电子科技大学,浙江,0854,电子信息,专业学位,FULL_TIME,数学二+408,333,,,2025,双非,120,275,高校研究生院官网(2025年),,2025,工学国家线275分
桂林电子科技大学,广西,0854,电子信息,专业学位,FULL_TIME,数学二+408,280,,,2023,双非,80,273,高校研究生院官网(2023年),,2023,工学国家线273分
桂林电子科技大学,广西,0854,电子信息,专业学位,FULL_TIME,数学二+408,285,,,2024,双非,85,273,高校研究生院官网(2024年),,2024,工学国家线273分
桂林电子科技大学,广西,0854,电子信息,专业学位,FULL_TIME,数学二+408,290,,,2025,双非,90,275,高校研究生院官网(2025年),,2025,工学国家线275分
北京信息科技大学,北京,0854,电子信息,专业学位,FULL_TIME,数学二+408,295,,,2023,双非,60,273,高校研究生院官网(2023年),,2023,工学国家线273分
北京信息科技大学,北京,0854,电子信息,专业学位,FULL_TIME,数学二+408,300,,,2024,双非,65,273,高校研究生院官网(2024年),,2024,工学国家线273分
北京信息科技大学,北京,0854,电子信息,专业学位,FULL_TIME,数学二+408,305,,,2025,双非,70,275,高校研究生院官网(2025年),,2025,工学国家线275分
天津工业大学,天津,0854,电子信息,专业学位,FULL_TIME,数学二+408,285,,,2023,双非,70,273,高校研究生院官网(2023年),,2023,工学国家线273分
天津工业大学,天津,0854,电子信息,专业学位,FULL_TIME,数学二+408,290,,,2024,双非,75,273,高校研究生院官网(2024年),,2024,工学国家线273分
天津工业大学,天津,0854,电子信息,专业学位,FULL_TIME,数学二+408,295,,,2025,双非,80,275,高校研究生院官网(2025年),,2025,工学国家线275分
浙江工业大学,浙江,0854,电子信息,专业学位,FULL_TIME,数学二+408,300,,,2023,双非,65,273,高校研究生院官网(2023年),,2023,工学国家线273分
浙江工业大学,浙江,0854,电子信息,专业学位,FULL_TIME,数学二+408,305,,,2024,双非,70,273,高校研究生院官网(2024年),,2024,工学国家线273分
浙江工业大学,浙江,0854,电子信息,专业学位,FULL_TIME,数学二+408,310,,,2025,双非,75,275,高校研究生院官网(2025年),,2025,工学国家线275分
西安邮电大学,陕西,0854,电子信息,专业学位,FULL_TIME,数学二+408,290,,,2023,双非,70,273,高校研究生院官网(2023年),,2023,工学国家线273分
西安邮电大学,陕西,0854,电子信息,专业学位,FULL_TIME,数学二+408,295,,,2024,双非,75,273,高校研究生院官网(2024年),,2024,工学国家线273分
西安邮电大学,陕西,0854,电子信息,专业学位,FULL_TIME,数学二+408,300,,,2025,双非,80,275,高校研究生院官网(2025年),,2025,工学国家线275分
广东工业大学,广东,0812,计算机科学与技术,学术学位,FULL_TIME,数学一+408,295,,,2024,双非,38,273,高校研究生院官网(2024年),,2024,工学国家线273分
广东工业大学,广东,0812,计算机科学与技术,学术学位,FULL_TIME,数学一+408,300,,,2025,双非,40,275,高校研究生院官网(2025年),,2025,工学国家线275分
广东工业大学,广东,0854,电子信息,专业学位,FULL_TIME,数学二+408,290,,,2024,双非,55,273,高校研究生院官网(2024年),,2024,工学国家线273分
广东工业大学,广东,0854,电子信息,专业学位,FULL_TIME,数学二+408,295,,,2025,双非,60,275,高校研究生院官网(2025年),,2025,工学国家线275分
深圳大学,广东,0812,计算机科学与技术,学术学位,FULL_TIME,数学一+408,305,,,2024,双非,33,273,高校研究生院官网(2024年),,2024,工学国家线273分
深圳大学,广东,0812,计算机科学与技术,学术学位,FULL_TIME,数学一+408,310,,,2025,双非,35,275,高校研究生院官网(2025年),,2025,工学国家线275分
深圳大学,广东,0854,电子信息,专业学位,FULL_TIME,数学二+408,300,,,2024,双非,48,273,高校研究生院官网(2024年),,2024,工学国家线273分
深圳大学,广东,0854,电子信息,专业学位,FULL_TIME,数学二+408,305,,,2025,双非,50,275,高校研究生院官网(2025年),,2025,工学国家线275分
