universityName,province,majorCode,majorName,degreeType,studyMode,examSubjects,reexaminationLine,actualEnrollment,registrationCount,admissionYear,universityLevel,plannedEnrollment,nationalLine,sourceName,sourceUrl,sourceYear,remarks
中国矿业大学(北京),未知,085400,电子信息,专业学位,FULL_TIME,未公开,,79,79,2020,普通,,,CPEER数据集(考研真实录取),https://github.com/Younai2021/CPEER-Dataset,2020,数据来源于CPEER开放数据集，共79条考生记录，其中79人录取
中国矿业大学(北京),未知,081200,计算机科学与技术,专业学位,FULL_TIME,未公开,,16,16,2020,普通,,,CPEER数据集(考研真实录取),https://github.com/Younai2021/CPEER-Dataset,2020,数据来源于CPEER开放数据集，共16条考生记录，其中16人录取
中国矿业大学(北京),未知,085400,检测技术与自动化装置,专业学位,FULL_TIME,未公开,,4,4,2020,普通,,,CPEER数据集(考研真实录取),https://github.com/Younai2021/CPEER-Dataset,2020,数据来源于CPEER开放数据集，共4条考生记录，其中4人录取
中国矿业大学(北京),未知,085400,控制理论与控制工程,专业学位,FULL_TIME,未公开,,3,3,2020,普通,,,CPEER数据集(考研真实录取),https://github.com/Younai2021/CPEER-Dataset,2020,数据来源于CPEER开放数据集，共3条考生记录，其中3人录取
中国矿业大学(北京),未知,085400,模式识别与智能系统,专业学位,FULL_TIME,未公开,,6,6,2020,普通,,,CPEER数据集(考研真实录取),https://github.com/Younai2021/CPEER-Dataset,2020,数据来源于CPEER开放数据集，共6条考生记录，其中6人录取
中国矿业大学(北京),未知,083500,软件工程,专业学位,FULL_TIME,未公开,,5,5,2020,普通,,,CPEER数据集(考研真实录取),https://github.com/Younai2021/CPEER-Dataset,2020,数据来源于CPEER开放数据集，共5条考生记录，其中5人录取
中国矿业大学(北京),未知,085400,通信与信息系统,专业学位,FULL_TIME,未公开,,9,9,2020,普通,,,CPEER数据集(考研真实录取),https://github.com/Younai2021/CPEER-Dataset,2020,数据来源于CPEER开放数据集，共9条考生记录，其中9人录取
中国矿业大学(北京),未知,085400,信号与信息处理,专业学位,FULL_TIME,未公开,,3,3,2020,普通,,,CPEER数据集(考研真实录取),https://github.com/Younai2021/CPEER-Dataset,2020,数据来源于CPEER开放数据集，共3条考生记录，其中3人录取
广西大学,广西,081200,计算机科学与技术,专业学位,FULL_TIME,未公开,,67,67,2020,普通,,,CPEER数据集(考研真实录取),https://github.com/Younai2021/CPEER-Dataset,2020,数据来源于CPEER开放数据集，共67条考生记录，其中67人录取
广西大学,广西,085400,电子信息,专业学位,FULL_TIME,未公开,,165,165,2020,普通,,,CPEER数据集(考研真实录取),https://github.com/Younai2021/CPEER-Dataset,2020,数据来源于CPEER开放数据集，共165条考生记录，其中165人录取
河北工业大学,河北,081200,计算机科学与技术,专业学位,FULL_TIME,未公开,,48,48,2020,普通,,,CPEER数据集(考研真实录取),https://github.com/Younai2021/CPEER-Dataset,2020,数据来源于CPEER开放数据集，共48条考生记录，其中48人录取
河北工业大学,河北,085400,电子信息,专业学位,FULL_TIME,未公开,,41,41,2020,普通,,,CPEER数据集(考研真实录取),https://github.com/Younai2021/CPEER-Dataset,2020,数据来源于CPEER开放数据集，共41条考生记录，其中41人录取
西北大学,陕西,081203,计算机应用技术,专业学位,FULL_TIME,未公开,,2,2,2020,普通,,,CPEER数据集(考研真实录取),https://github.com/Younai2021/CPEER-Dataset,2020,数据来源于CPEER开放数据集，共2条考生记录，其中2人录取
西北大学,陕西,085400,电子信息,专业学位,FULL_TIME,未公开,,109,150,2020,普通,,,CPEER数据集(考研真实录取),https://github.com/Younai2021/CPEER-Dataset,2020,数据来源于CPEER开放数据集，共150条考生记录，其中109人录取
西北大学,陕西,083500,软件工程,专业学位,FULL_TIME,未公开,,18,22,2020,普通,,,CPEER数据集(考研真实录取),https://github.com/Younai2021/CPEER-Dataset,2020,数据来源于CPEER开放数据集，共22条考生记录，其中18人录取
西北大学,陕西,081200,计算机科学与技术,专业学位,FULL_TIME,未公开,,13,16,2020,普通,,,CPEER数据集(考研真实录取),https://github.com/Younai2021/CPEER-Dataset,2020,数据来源于CPEER开放数据集，共16条考生记录，其中13人录取
上海大学,上海,085400,通信与信息系统,专业学位,FULL_TIME,未公开,,91,91,2021,普通,,,CPEER数据集(考研真实录取),https://github.com/Younai2021/CPEER-Dataset,2021,数据来源于CPEER开放数据集，共91条考生记录，其中91人录取
上海大学,上海,085400,信号与信息处理,专业学位,FULL_TIME,未公开,,19,19,2021,普通,,,CPEER数据集(考研真实录取),https://github.com/Younai2021/CPEER-Dataset,2021,数据来源于CPEER开放数据集，共19条考生记录，其中19人录取
上海大学,上海,081200,计算机科学与技术,专业学位,FULL_TIME,未公开,,46,46,2021,普通,,,CPEER数据集(考研真实录取),https://github.com/Younai2021/CPEER-Dataset,2021,数据来源于CPEER开放数据集，共46条考生记录，其中46人录取
上海大学,上海,085400,数字媒体创意工程,专业学位,FULL_TIME,未公开,,8,8,2021,普通,,,CPEER数据集(考研真实录取),https://github.com/Younai2021/CPEER-Dataset,2021,数据来源于CPEER开放数据集，共8条考生记录，其中8人录取
上海财经大学,上海,085400,工程管理硕士,专业学位,FULL_TIME,未公开,,103,103,2021,普通,,,CPEER数据集(考研真实录取),https://github.com/Younai2021/CPEER-Dataset,2021,数据来源于CPEER开放数据集，共103条考生记录，其中103人录取
上海财经大学,上海,085400,管理科学与工程,专业学位,FULL_TIME,未公开,,8,8,2021,普通,,,CPEER数据集(考研真实录取),https://github.com/Younai2021/CPEER-Dataset,2021,数据来源于CPEER开放数据集，共8条考生记录，其中8人录取
上海财经大学,上海,085400,电子商务,专业学位,FULL_TIME,未公开,,1,1,2021,普通,,,CPEER数据集(考研真实录取),https://github.com/Younai2021/CPEER-Dataset,2021,数据来源于CPEER开放数据集，共1条考生记录，其中1人录取
上海财经大学,上海,085400,金融信息工程,专业学位,FULL_TIME,未公开,,8,8,2021,普通,,,CPEER数据集(考研真实录取),https://github.com/Younai2021/CPEER-Dataset,2021,数据来源于CPEER开放数据集，共8条考生记录，其中8人录取
上海财经大学,上海,085400,信息管理与商务智能,专业学位,FULL_TIME,未公开,,2,2,2021,普通,,,CPEER数据集(考研真实录取),https://github.com/Younai2021/CPEER-Dataset,2021,数据来源于CPEER开放数据集，共2条考生记录，其中2人录取
上海财经大学,上海,083500,软件工程,专业学位,FULL_TIME,未公开,,3,3,2021,普通,,,CPEER数据集(考研真实录取),https://github.com/Younai2021/CPEER-Dataset,2021,数据来源于CPEER开放数据集，共3条考生记录，其中3人录取
上海财经大学,上海,085400,软件服务工程,专业学位,FULL_TIME,未公开,,2,2,2021,普通,,,CPEER数据集(考研真实录取),https://github.com/Younai2021/CPEER-Dataset,2021,数据来源于CPEER开放数据集，共2条考生记录，其中2人录取
上海财经大学,上海,083500,软件工程理论与计算复杂性,专业学位,FULL_TIME,未公开,,2,2,2021,普通,,,CPEER数据集(考研真实录取),https://github.com/Younai2021/CPEER-Dataset,2021,数据来源于CPEER开放数据集，共2条考生记录，其中2人录取
上海财经大学,上海,083500,金融领域软件工程,专业学位,FULL_TIME,未公开,,5,5,2021,普通,,,CPEER数据集(考研真实录取),https://github.com/Younai2021/CPEER-Dataset,2021,数据来源于CPEER开放数据集，共5条考生记录，其中5人录取
中南财经政法大学,湖北,085400,管理科学与工程,专业学位,FULL_TIME,未公开,,18,29,2021,普通,,,CPEER数据集(考研真实录取),https://github.com/Younai2021/CPEER-Dataset,2021,数据来源于CPEER开放数据集，共29条考生记录，其中18人录取
中南财经政法大学,湖北,085400,环境科学与工程,专业学位,FULL_TIME,未公开,,4,5,2021,普通,,,CPEER数据集(考研真实录取),https://github.com/Younai2021/CPEER-Dataset,2021,数据来源于CPEER开放数据集，共5条考生记录，其中4人录取
中南财经政法大学,湖北,081200,计算机科学与技术,专业学位,FULL_TIME,未公开,,3,4,2021,普通,,,CPEER数据集(考研真实录取),https://github.com/Younai2021/CPEER-Dataset,2021,数据来源于CPEER开放数据集，共4条考生记录，其中3人录取
中南财经政法大学,湖北,085400,电子信息,专业学位,FULL_TIME,未公开,,67,89,2021,普通,,,CPEER数据集(考研真实录取),https://github.com/Younai2021/CPEER-Dataset,2021,数据来源于CPEER开放数据集，共89条考生记录，其中67人录取
中国矿业大学(北京),未知,081000,信息与通信工程,专业学位,FULL_TIME,未公开,,7,7,2021,普通,,,CPEER数据集(考研真实录取),https://github.com/Younai2021/CPEER-Dataset,2021,数据来源于CPEER开放数据集，共7条考生记录，其中7人录取
中国矿业大学(北京),未知,081100,控制科学与工程,专业学位,FULL_TIME,未公开,,13,13,2021,普通,,,CPEER数据集(考研真实录取),https://github.com/Younai2021/CPEER-Dataset,2021,数据来源于CPEER开放数据集，共13条考生记录，其中13人录取
中国矿业大学(北京),未知,081200,计算机科学与技术,专业学位,FULL_TIME,未公开,,20,20,2021,普通,,,CPEER数据集(考研真实录取),https://github.com/Younai2021/CPEER-Dataset,2021,数据来源于CPEER开放数据集，共20条考生记录，其中20人录取
中国矿业大学(北京),未知,085400,电子信息,专业学位,FULL_TIME,未公开,,82,82,2021,普通,,,CPEER数据集(考研真实录取),https://github.com/Younai2021/CPEER-Dataset,2021,数据来源于CPEER开放数据集，共82条考生记录，其中82人录取
中央财经大学,北京,085400,电子信息,专业学位,FULL_TIME,未公开,,29,39,2021,普通,,,CPEER数据集(考研真实录取),https://github.com/Younai2021/CPEER-Dataset,2021,数据来源于CPEER开放数据集，共39条考生记录，其中29人录取
中央音乐学院,北京,085400,电子音乐作曲,专业学位,FULL_TIME,未公开,,6,6,2021,普通,,,CPEER数据集(考研真实录取),https://github.com/Younai2021/CPEER-Dataset,2021,数据来源于CPEER开放数据集，共6条考生记录，其中6人录取
中央音乐学院,北京,085400,音乐录音艺术,专业学位,FULL_TIME,未公开,,2,2,2021,普通,,,CPEER数据集(考研真实录取),https://github.com/Younai2021/CPEER-Dataset,2021,数据来源于CPEER开放数据集，共2条考生记录，其中2人录取
北京化工大学,北京,085400,电子信息,专业学位,FULL_TIME,未公开,,97,97,2021,普通,,,CPEER数据集(考研真实录取),https://github.com/Younai2021/CPEER-Dataset,2021,数据来源于CPEER开放数据集，共97条考生记录，其中97人录取
北京化工大学,北京,081200,计算机科学与技术,专业学位,FULL_TIME,未公开,,15,15,2021,普通,,,CPEER数据集(考研真实录取),https://github.com/Younai2021/CPEER-Dataset,2021,数据来源于CPEER开放数据集，共15条考生记录，其中15人录取
北京化工大学,北京,083500,软件工程,专业学位,FULL_TIME,未公开,,10,10,2021,普通,,,CPEER数据集(考研真实录取),https://github.com/Younai2021/CPEER-Dataset,2021,数据来源于CPEER开放数据集，共10条考生记录，其中10人录取
北京化工大学,北京,081000,信息与通信工程,专业学位,FULL_TIME,未公开,,12,12,2021,普通,,,CPEER数据集(考研真实录取),https://github.com/Younai2021/CPEER-Dataset,2021,数据来源于CPEER开放数据集，共12条考生记录，其中12人录取
北京化工大学,北京,081100,控制科学与工程,专业学位,FULL_TIME,未公开,,43,43,2021,普通,,,CPEER数据集(考研真实录取),https://github.com/Younai2021/CPEER-Dataset,2021,数据来源于CPEER开放数据集，共43条考生记录，其中43人录取
北京科技大学,北京,081000,信息与通信工程,专业学位,FULL_TIME,未公开,,29,34,2021,普通,,,CPEER数据集(考研真实录取),https://github.com/Younai2021/CPEER-Dataset,2021,数据来源于CPEER开放数据集，共34条考生记录，其中29人录取
北京科技大学,北京,081200,计算机科学与技术,专业学位,FULL_TIME,未公开,,23,29,2021,普通,,,CPEER数据集(考研真实录取),https://github.com/Younai2021/CPEER-Dataset,2021,数据来源于CPEER开放数据集，共29条考生记录，其中23人录取
北京科技大学,北京,085400,电子信息,专业学位,FULL_TIME,未公开,,95,101,2021,普通,,,CPEER数据集(考研真实录取),https://github.com/Younai2021/CPEER-Dataset,2021,数据来源于CPEER开放数据集，共101条考生记录，其中95人录取
北京邮电大学,北京,085400,电子信息,专业学位,FULL_TIME,未公开,,134,163,2021,普通,,,CPEER数据集(考研真实录取),https://github.com/Younai2021/CPEER-Dataset,2021,数据来源于CPEER开放数据集，共163条考生记录，其中134人录取
北京邮电大学,北京,085400,光学工程,专业学位,FULL_TIME,未公开,,35,50,2021,普通,,,CPEER数据集(考研真实录取),https://github.com/Younai2021/CPEER-Dataset,2021,数据来源于CPEER开放数据集，共50条考生记录，其中35人录取
北京邮电大学,北京,085400,生物医学工程,专业学位,FULL_TIME,未公开,,16,26,2021,普通,,,CPEER数据集(考研真实录取),https://github.com/Younai2021/CPEER-Dataset,2021,数据来源于CPEER开放数据集，共26条考生记录，其中16人录取
北京邮电大学,北京,085400,电子科学与技术,专业学位,FULL_TIME,未公开,,504,642,2021,普通,,,CPEER数据集(考研真实录取),https://github.com/Younai2021/CPEER-Dataset,2021,数据来源于CPEER开放数据集，共642条考生记录，其中504人录取
北京邮电大学,北京,081000,信息与通信工程,专业学位,FULL_TIME,未公开,,47,54,2021,普通,,,CPEER数据集(考研真实录取),https://github.com/Younai2021/CPEER-Dataset,2021,数据来源于CPEER开放数据集，共54条考生记录，其中47人录取
北京邮电大学,北京,081100,控制科学与工程,专业学位,FULL_TIME,未公开,,28,34,2021,普通,,,CPEER数据集(考研真实录取),https://github.com/Younai2021/CPEER-Dataset,2021,数据来源于CPEER开放数据集，共34条考生记录，其中28人录取
北京邮电大学,北京,085400,智能科学与技术,专业学位,FULL_TIME,未公开,,12,14,2021,普通,,,CPEER数据集(考研真实录取),https://github.com/Younai2021/CPEER-Dataset,2021,数据来源于CPEER开放数据集，共14条考生记录，其中12人录取
北京邮电大学,北京,083900,网络空间安全,专业学位,FULL_TIME,未公开,,73,94,2021,普通,,,CPEER数据集(考研真实录取),https://github.com/Younai2021/CPEER-Dataset,2021,数据来源于CPEER开放数据集，共94条考生记录，其中73人录取
华中师范大学,湖北,085400,教育学,专业学位,FULL_TIME,未公开,,3,3,2021,普通,,,CPEER数据集(考研真实录取),https://github.com/Younai2021/CPEER-Dataset,2021,数据来源于CPEER开放数据集，共3条考生记录，其中3人录取
华中师范大学,湖北,085400,科学传播与科学教育,专业学位,FULL_TIME,未公开,,10,10,2021,普通,,,CPEER数据集(考研真实录取),https://github.com/Younai2021/CPEER-Dataset,2021,数据来源于CPEER开放数据集，共10条考生记录，其中10人录取
华中师范大学,湖北,085400,教育技术学,专业学位,FULL_TIME,未公开,,42,51,2021,普通,,,CPEER数据集(考研真实录取),https://github.com/Younai2021/CPEER-Dataset,2021,数据来源于CPEER开放数据集，共51条考生记录，其中42人录取
华中师范大学,湖北,081200,计算机科学与技术,专业学位,FULL_TIME,未公开,,54,60,2021,普通,,,CPEER数据集(考研真实录取),https://github.com/Younai2021/CPEER-Dataset,2021,数据来源于CPEER开放数据集，共60条考生记录，其中54人录取
华中师范大学,湖北,085400,数字媒体技术,专业学位,FULL_TIME,未公开,,11,14,2021,普通,,,CPEER数据集(考研真实录取),https://github.com/Younai2021/CPEER-Dataset,2021,数据来源于CPEER开放数据集，共14条考生记录，其中11人录取
华中师范大学,湖北,085400,教育信息技术,专业学位,FULL_TIME,未公开,,5,5,2021,普通,,,CPEER数据集(考研真实录取),https://github.com/Younai2021/CPEER-Dataset,2021,数据来源于CPEER开放数据集，共5条考生记录，其中5人录取
华中师范大学,湖北,085400,电子信息,专业学位,FULL_TIME,未公开,,67,81,2021,普通,,,CPEER数据集(考研真实录取),https://github.com/Younai2021/CPEER-Dataset,2021,数据来源于CPEER开放数据集，共81条考生记录，其中67人录取
华中师范大学,湖北,085400,现代教育技术,专业学位,FULL_TIME,未公开,,48,52,2021,普通,,,CPEER数据集(考研真实录取),https://github.com/Younai2021/CPEER-Dataset,2021,数据来源于CPEER开放数据集，共52条考生记录，其中48人录取
华中科技大学,湖北,081203,计算机应用技术,专业学位,FULL_TIME,未公开,,12,19,2021,普通,,,CPEER数据集(考研真实录取),https://github.com/Younai2021/CPEER-Dataset,2021,数据来源于CPEER开放数据集，共19条考生记录，其中12人录取
华中科技大学,湖北,081202,计算机软件与理论,专业学位,FULL_TIME,未公开,,6,6,2021,普通,,,CPEER数据集(考研真实录取),https://github.com/Younai2021/CPEER-Dataset,2021,数据来源于CPEER开放数据集，共6条考生记录，其中6人录取
华中科技大学,湖北,081201,计算机系统结构,专业学位,FULL_TIME,未公开,,3,4,2021,普通,,,CPEER数据集(考研真实录取),https://github.com/Younai2021/CPEER-Dataset,2021,数据来源于CPEER开放数据集，共4条考生记录，其中3人录取
华中科技大学,湖北,085400,电子信息,专业学位,FULL_TIME,未公开,,143,192,2021,普通,,,CPEER数据集(考研真实录取),https://github.com/Younai2021/CPEER-Dataset,2021,数据来源于CPEER开放数据集，共192条考生记录，其中143人录取
华南理工大学,广东,081200,计算机科学与技术,专业学位,FULL_TIME,未公开,,22,22,2021,普通,,,CPEER数据集(考研真实录取),https://github.com/Younai2021/CPEER-Dataset,2021,数据来源于CPEER开放数据集，共22条考生记录，其中22人录取
南京理工大学,江苏,085400,通信与信息系统,专业学位,FULL_TIME,未公开,,63,63,2021,普通,,,CPEER数据集(考研真实录取),https://github.com/Younai2021/CPEER-Dataset,2021,数据来源于CPEER开放数据集，共63条考生记录，其中63人录取
南京理工大学,江苏,085400,信号与信息处理,专业学位,FULL_TIME,未公开,,27,27,2021,普通,,,CPEER数据集(考研真实录取),https://github.com/Younai2021/CPEER-Dataset,2021,数据来源于CPEER开放数据集，共27条考生记录，其中27人录取
南京理工大学,江苏,085400,模式识别与智能系统,专业学位,FULL_TIME,未公开,,11,11,2021,普通,,,CPEER数据集(考研真实录取),https://github.com/Younai2021/CPEER-Dataset,2021,数据来源于CPEER开放数据集，共11条考生记录，其中11人录取
南京理工大学,江苏,081200,计算机科学与技术,专业学位,FULL_TIME,未公开,,31,31,2021,普通,,,CPEER数据集(考研真实录取),https://github.com/Younai2021/CPEER-Dataset,2021,数据来源于CPEER开放数据集，共31条考生记录，其中31人录取
南京航空航天大学,江苏,081000,信息与通信工程,专业学位,FULL_TIME,未公开,,19,19,2021,普通,,,CPEER数据集(考研真实录取),https://github.com/Younai2021/CPEER-Dataset,2021,数据来源于CPEER开放数据集，共19条考生记录，其中19人录取
南京航空航天大学,江苏,081200,计算机科学与技术,专业学位,FULL_TIME,未公开,,25,25,2021,普通,,,CPEER数据集(考研真实录取),https://github.com/Younai2021/CPEER-Dataset,2021,数据来源于CPEER开放数据集，共25条考生记录，其中25人录取
厦门大学,福建,085400,电子信息,专业学位,FULL_TIME,未公开,,103,103,2021,普通,,,CPEER数据集(考研真实录取),https://github.com/Younai2021/CPEER-Dataset,2021,数据来源于CPEER开放数据集，共103条考生记录，其中103人录取
哈尔滨工业大学,黑龙江,081200,计算机科学与技术,专业学位,FULL_TIME,未公开,,27,27,2021,普通,,,CPEER数据集(考研真实录取),https://github.com/Younai2021/CPEER-Dataset,2021,数据来源于CPEER开放数据集，共27条考生记录，其中27人录取
哈尔滨工业大学,黑龙江,085400,电子信息,专业学位,FULL_TIME,未公开,,176,176,2021,普通,,,CPEER数据集(考研真实录取),https://github.com/Younai2021/CPEER-Dataset,2021,数据来源于CPEER开放数据集，共176条考生记录，其中176人录取
哈尔滨工业大学,黑龙江,083500,软件工程,专业学位,FULL_TIME,未公开,,11,11,2021,普通,,,CPEER数据集(考研真实录取),https://github.com/Younai2021/CPEER-Dataset,2021,数据来源于CPEER开放数据集，共11条考生记录，其中11人录取
哈尔滨工业大学,黑龙江,083900,网络空间安全,专业学位,FULL_TIME,未公开,,13,13,2021,普通,,,CPEER数据集(考研真实录取),https://github.com/Younai2021/CPEER-Dataset,2021,数据来源于CPEER开放数据集，共13条考生记录，其中13人录取
四川大学,四川,085400,电子信息,专业学位,FULL_TIME,未公开,,87,87,2021,普通,,,CPEER数据集(考研真实录取),https://github.com/Younai2021/CPEER-Dataset,2021,数据来源于CPEER开放数据集，共87条考生记录，其中87人录取
四川大学,四川,081200,计算机科学与技术,专业学位,FULL_TIME,未公开,,24,24,2021,普通,,,CPEER数据集(考研真实录取),https://github.com/Younai2021/CPEER-Dataset,2021,数据来源于CPEER开放数据集，共24条考生记录，其中24人录取
四川大学,四川,083500,软件工程,专业学位,FULL_TIME,未公开,,14,14,2021,普通,,,CPEER数据集(考研真实录取),https://github.com/Younai2021/CPEER-Dataset,2021,数据来源于CPEER开放数据集，共14条考生记录，其中14人录取
四川大学,四川,081104,人工智能,专业学位,FULL_TIME,未公开,,4,4,2021,普通,,,CPEER数据集(考研真实录取),https://github.com/Younai2021/CPEER-Dataset,2021,数据来源于CPEER开放数据集，共4条考生记录，其中4人录取
宁夏大学,宁夏,085400,电子科学与技术,专业学位,FULL_TIME,未公开,,18,18,2021,普通,,,CPEER数据集(考研真实录取),https://github.com/Younai2021/CPEER-Dataset,2021,数据来源于CPEER开放数据集，共18条考生记录，其中18人录取
宁夏大学,宁夏,085400,电子信息,专业学位,FULL_TIME,未公开,,182,182,2021,普通,,,CPEER数据集(考研真实录取),https://github.com/Younai2021/CPEER-Dataset,2021,数据来源于CPEER开放数据集，共182条考生记录，其中182人录取
宁夏大学,宁夏,081200,计算机科学与技术,专业学位,FULL_TIME,未公开,,16,16,2021,普通,,,CPEER数据集(考研真实录取),https://github.com/Younai2021/CPEER-Dataset,2021,数据来源于CPEER开放数据集，共16条考生记录，其中16人录取
宁波大学,未知,085400,电子科学与技术,专业学位,FULL_TIME,未公开,,24,24,2021,普通,,,CPEER数据集(考研真实录取),https://github.com/Younai2021/CPEER-Dataset,2021,数据来源于CPEER开放数据集，共24条考生记录，其中24人录取
宁波大学,未知,085400,电子信息,专业学位,FULL_TIME,未公开,,50,50,2021,普通,,,CPEER数据集(考研真实录取),https://github.com/Younai2021/CPEER-Dataset,2021,数据来源于CPEER开放数据集，共50条考生记录，其中50人录取
宁波大学,未知,081200,计算机科学与技术,专业学位,FULL_TIME,未公开,,19,19,2021,普通,,,CPEER数据集(考研真实录取),https://github.com/Younai2021/CPEER-Dataset,2021,数据来源于CPEER开放数据集，共19条考生记录，其中19人录取
宁波大学,未知,081000,信息与通信工程,专业学位,FULL_TIME,未公开,,16,16,2021,普通,,,CPEER数据集(考研真实录取),https://github.com/Younai2021/CPEER-Dataset,2021,数据来源于CPEER开放数据集，共16条考生记录，其中16人录取
广西大学,广西,081200,计算机科学与技术,专业学位,FULL_TIME,未公开,,64,64,2021,普通,,,CPEER数据集(考研真实录取),https://github.com/Younai2021/CPEER-Dataset,2021,数据来源于CPEER开放数据集，共64条考生记录，其中64人录取
广西大学,广西,085400,电子信息,专业学位,FULL_TIME,未公开,,150,150,2021,普通,,,CPEER数据集(考研真实录取),https://github.com/Younai2021/CPEER-Dataset,2021,数据来源于CPEER开放数据集，共150条考生记录，其中150人录取
延边大学,吉林,081200,计算机科学与技术,专业学位,FULL_TIME,未公开,,10,10,2021,普通,,,CPEER数据集(考研真实录取),https://github.com/Younai2021/CPEER-Dataset,2021,数据来源于CPEER开放数据集，共10条考生记录，其中10人录取
延边大学,吉林,085400,电子信息,专业学位,FULL_TIME,未公开,,43,43,2021,普通,,,CPEER数据集(考研真实录取),https://github.com/Younai2021/CPEER-Dataset,2021,数据来源于CPEER开放数据集，共43条考生记录，其中43人录取
新疆大学,新疆,083500,软件工程,专业学位,FULL_TIME,未公开,,14,14,2021,普通,,,CPEER数据集(考研真实录取),https://github.com/Younai2021/CPEER-Dataset,2021,数据来源于CPEER开放数据集，共14条考生记录，其中14人录取
新疆大学,新疆,085400,电子信息,专业学位,FULL_TIME,未公开,,34,37,2021,普通,,,CPEER数据集(考研真实录取),https://github.com/Younai2021/CPEER-Dataset,2021,数据来源于CPEER开放数据集，共37条考生记录，其中34人录取
河北工业大学,河北,081200,计算机科学与技术,专业学位,FULL_TIME,未公开,,56,56,2021,普通,,,CPEER数据集(考研真实录取),https://github.com/Younai2021/CPEER-Dataset,2021,数据来源于CPEER开放数据集，共56条考生记录，其中56人录取
河北工业大学,河北,085400,电子信息,专业学位,FULL_TIME,未公开,,151,151,2021,普通,,,CPEER数据集(考研真实录取),https://github.com/Younai2021/CPEER-Dataset,2021,数据来源于CPEER开放数据集，共151条考生记录，其中151人录取
清华大学,北京,081200,计算机科学与技术,专业学位,FULL_TIME,未公开,,15,15,2021,普通,,,CPEER数据集(考研真实录取),https://github.com/Younai2021/CPEER-Dataset,2021,数据来源于CPEER开放数据集，共15条考生记录，其中15人录取
西北大学,陕西,081200,计算机科学与技术,专业学位,FULL_TIME,未公开,,28,33,2021,普通,,,CPEER数据集(考研真实录取),https://github.com/Younai2021/CPEER-Dataset,2021,数据来源于CPEER开放数据集，共33条考生记录，其中28人录取
西北大学,陕西,085400,电子信息,专业学位,FULL_TIME,未公开,,118,130,2021,普通,,,CPEER数据集(考研真实录取),https://github.com/Younai2021/CPEER-Dataset,2021,数据来源于CPEER开放数据集，共130条考生记录，其中118人录取
西南财经大学,四川,081202,计算机软件与理论,专业学位,FULL_TIME,未公开,,12,12,2021,普通,,,CPEER数据集(考研真实录取),https://github.com/Younai2021/CPEER-Dataset,2021,数据来源于CPEER开放数据集，共12条考生记录，其中12人录取
西南财经大学,四川,081203,计算机应用技术,专业学位,FULL_TIME,未公开,,9,9,2021,普通,,,CPEER数据集(考研真实录取),https://github.com/Younai2021/CPEER-Dataset,2021,数据来源于CPEER开放数据集，共9条考生记录，其中9人录取
贵州大学,贵州,081200,计算机科学与技术,专业学位,FULL_TIME,未公开,,41,41,2021,普通,,,CPEER数据集(考研真实录取),https://github.com/Younai2021/CPEER-Dataset,2021,数据来源于CPEER开放数据集，共41条考生记录，其中41人录取
贵州大学,贵州,083500,软件工程,专业学位,FULL_TIME,未公开,,22,22,2021,普通,,,CPEER数据集(考研真实录取),https://github.com/Younai2021/CPEER-Dataset,2021,数据来源于CPEER开放数据集，共22条考生记录，其中22人录取
贵州大学,贵州,085400,电子信息,专业学位,FULL_TIME,未公开,,278,278,2021,普通,,,CPEER数据集(考研真实录取),https://github.com/Younai2021/CPEER-Dataset,2021,数据来源于CPEER开放数据集，共278条考生记录，其中278人录取
贵州大学,贵州,085400,电子科学与技术,专业学位,FULL_TIME,未公开,,31,31,2021,普通,,,CPEER数据集(考研真实录取),https://github.com/Younai2021/CPEER-Dataset,2021,数据来源于CPEER开放数据集，共31条考生记录，其中31人录取
贵州大学,贵州,081000,信息与通信工程,专业学位,FULL_TIME,未公开,,28,28,2021,普通,,,CPEER数据集(考研真实录取),https://github.com/Younai2021/CPEER-Dataset,2021,数据来源于CPEER开放数据集，共28条考生记录，其中28人录取
辽宁大学,辽宁,081201,计算机系统结构,专业学位,FULL_TIME,未公开,,1,1,2021,普通,,,CPEER数据集(考研真实录取),https://github.com/Younai2021/CPEER-Dataset,2021,数据来源于CPEER开放数据集，共1条考生记录，其中1人录取
辽宁大学,辽宁,081202,计算机软件与理论,专业学位,FULL_TIME,未公开,,8,8,2021,普通,,,CPEER数据集(考研真实录取),https://github.com/Younai2021/CPEER-Dataset,2021,数据来源于CPEER开放数据集，共8条考生记录，其中8人录取
辽宁大学,辽宁,081203,计算机应用技术,专业学位,FULL_TIME,未公开,,23,23,2021,普通,,,CPEER数据集(考研真实录取),https://github.com/Younai2021/CPEER-Dataset,2021,数据来源于CPEER开放数据集，共23条考生记录，其中23人录取
辽宁大学,辽宁,083500,软件工程,专业学位,FULL_TIME,未公开,,21,21,2021,普通,,,CPEER数据集(考研真实录取),https://github.com/Younai2021/CPEER-Dataset,2021,数据来源于CPEER开放数据集，共21条考生记录，其中21人录取
辽宁大学,辽宁,085400,电子信息,专业学位,FULL_TIME,未公开,,40,40,2021,普通,,,CPEER数据集(考研真实录取),https://github.com/Younai2021/CPEER-Dataset,2021,数据来源于CPEER开放数据集，共40条考生记录，其中40人录取
长安大学,陕西,085400,电子信息,专业学位,FULL_TIME,未公开,,192,192,2021,普通,,,CPEER数据集(考研真实录取),https://github.com/Younai2021/CPEER-Dataset,2021,数据来源于CPEER开放数据集，共192条考生记录，其中192人录取
长安大学,陕西,081000,信息与通信工程,专业学位,FULL_TIME,未公开,,29,29,2021,普通,,,CPEER数据集(考研真实录取),https://github.com/Younai2021/CPEER-Dataset,2021,数据来源于CPEER开放数据集，共29条考生记录，其中29人录取
长安大学,陕西,081200,计算机科学与技术,专业学位,FULL_TIME,未公开,,30,30,2021,普通,,,CPEER数据集(考研真实录取),https://github.com/Younai2021/CPEER-Dataset,2021,数据来源于CPEER开放数据集，共30条考生记录，其中30人录取
长安大学,陕西,083500,软件工程,专业学位,FULL_TIME,未公开,,12,12,2021,普通,,,CPEER数据集(考研真实录取),https://github.com/Younai2021/CPEER-Dataset,2021,数据来源于CPEER开放数据集，共12条考生记录，其中12人录取
长安大学,陕西,083900,网络空间安全,专业学位,FULL_TIME,未公开,,2,2,2021,普通,,,CPEER数据集(考研真实录取),https://github.com/Younai2021/CPEER-Dataset,2021,数据来源于CPEER开放数据集，共2条考生记录，其中2人录取
上海财经大学,上海,083500,软件工程,专业学位,FULL_TIME,未公开,,4,4,2022,普通,,,CPEER数据集(考研真实录取),https://github.com/Younai2021/CPEER-Dataset,2022,数据来源于CPEER开放数据集，共4条考生记录，其中4人录取
上海财经大学,上海,083500,软件工程理论与计算复杂性,专业学位,FULL_TIME,未公开,,1,1,2022,普通,,,CPEER数据集(考研真实录取),https://github.com/Younai2021/CPEER-Dataset,2022,数据来源于CPEER开放数据集，共1条考生记录，其中1人录取
上海财经大学,上海,083500,金融领域软件工程,专业学位,FULL_TIME,未公开,,4,4,2022,普通,,,CPEER数据集(考研真实录取),https://github.com/Younai2021/CPEER-Dataset,2022,数据来源于CPEER开放数据集，共4条考生记录，其中4人录取
上海财经大学,上海,085400,管理科学与工程,专业学位,FULL_TIME,未公开,,8,8,2022,普通,,,CPEER数据集(考研真实录取),https://github.com/Younai2021/CPEER-Dataset,2022,数据来源于CPEER开放数据集，共8条考生记录，其中8人录取
上海财经大学,上海,085400,金融信息工程,专业学位,FULL_TIME,未公开,,9,9,2022,普通,,,CPEER数据集(考研真实录取),https://github.com/Younai2021/CPEER-Dataset,2022,数据来源于CPEER开放数据集，共9条考生记录，其中9人录取
上海财经大学,上海,085400,工程管理硕士,专业学位,FULL_TIME,未公开,,78,78,2022,普通,,,CPEER数据集(考研真实录取),https://github.com/Younai2021/CPEER-Dataset,2022,数据来源于CPEER开放数据集，共78条考生记录，其中78人录取
东北师范大学,吉林,081200,计算机科学与技术,专业学位,FULL_TIME,未公开,,40,40,2022,普通,,,CPEER数据集(考研真实录取),https://github.com/Younai2021/CPEER-Dataset,2022,数据来源于CPEER开放数据集，共40条考生记录，其中40人录取
东北师范大学,吉林,085400,电子信息,专业学位,FULL_TIME,未公开,,80,80,2022,普通,,,CPEER数据集(考研真实录取),https://github.com/Younai2021/CPEER-Dataset,2022,数据来源于CPEER开放数据集，共80条考生记录，其中80人录取
中南财经政法大学,湖北,081200,计算机科学与技术,专业学位,FULL_TIME,未公开,,2,2,2022,普通,,,CPEER数据集(考研真实录取),https://github.com/Younai2021/CPEER-Dataset,2022,数据来源于CPEER开放数据集，共2条考生记录，其中2人录取
中南财经政法大学,湖北,085400,管理科学与工程,专业学位,FULL_TIME,未公开,,14,19,2022,普通,,,CPEER数据集(考研真实录取),https://github.com/Younai2021/CPEER-Dataset,2022,数据来源于CPEER开放数据集，共19条考生记录，其中14人录取
中南财经政法大学,湖北,085400,环境科学与工程,专业学位,FULL_TIME,未公开,,7,8,2022,普通,,,CPEER数据集(考研真实录取),https://github.com/Younai2021/CPEER-Dataset,2022,数据来源于CPEER开放数据集，共8条考生记录，其中7人录取
中南财经政法大学,湖北,085400,电子信息,专业学位,FULL_TIME,未公开,,71,95,2022,普通,,,CPEER数据集(考研真实录取),https://github.com/Younai2021/CPEER-Dataset,2022,数据来源于CPEER开放数据集，共95条考生记录，其中71人录取
中国地质大学(武汉),未知,081200,计算机科学与技术,专业学位,FULL_TIME,未公开,,33,54,2022,普通,,,CPEER数据集(考研真实录取),https://github.com/Younai2021/CPEER-Dataset,2022,数据来源于CPEER开放数据集，共54条考生记录，其中33人录取
中国地质大学(武汉),未知,085400,信息安全,专业学位,FULL_TIME,未公开,,11,18,2022,普通,,,CPEER数据集(考研真实录取),https://github.com/Younai2021/CPEER-Dataset,2022,数据来源于CPEER开放数据集，共18条考生记录，其中11人录取
中国地质大学(武汉),未知,085400,地学信息工程,专业学位,FULL_TIME,未公开,,8,13,2022,普通,,,CPEER数据集(考研真实录取),https://github.com/Younai2021/CPEER-Dataset,2022,数据来源于CPEER开放数据集，共13条考生记录，其中8人录取
中国地质大学(武汉),未知,085400,电子信息,专业学位,FULL_TIME,未公开,,275,378,2022,普通,,,CPEER数据集(考研真实录取),https://github.com/Younai2021/CPEER-Dataset,2022,数据来源于CPEER开放数据集，共378条考生记录，其中275人录取
中国地质大学(武汉),未知,081100,控制科学与工程,专业学位,FULL_TIME,未公开,,30,35,2022,普通,,,CPEER数据集(考研真实录取),https://github.com/Younai2021/CPEER-Dataset,2022,数据来源于CPEER开放数据集，共35条考生记录，其中30人录取
中国矿业大学,江苏,085400,电子科学与技术,专业学位,FULL_TIME,未公开,,16,16,2022,普通,,,CPEER数据集(考研真实录取),https://github.com/Younai2021/CPEER-Dataset,2022,数据来源于CPEER开放数据集，共16条考生记录，其中16人录取
中国矿业大学,江苏,081000,信息与通信工程,专业学位,FULL_TIME,未公开,,34,34,2022,普通,,,CPEER数据集(考研真实录取),https://github.com/Younai2021/CPEER-Dataset,2022,数据来源于CPEER开放数据集，共34条考生记录，其中34人录取
中国矿业大学,江苏,081100,控制科学与工程,专业学位,FULL_TIME,未公开,,32,32,2022,普通,,,CPEER数据集(考研真实录取),https://github.com/Younai2021/CPEER-Dataset,2022,数据来源于CPEER开放数据集，共32条考生记录，其中32人录取
中国矿业大学,江苏,085400,电子信息,专业学位,FULL_TIME,未公开,,205,205,2022,普通,,,CPEER数据集(考研真实录取),https://github.com/Younai2021/CPEER-Dataset,2022,数据来源于CPEER开放数据集，共205条考生记录，其中205人录取
中国矿业大学,江苏,081200,计算机科学与技术,专业学位,FULL_TIME,未公开,,22,22,2022,普通,,,CPEER数据集(考研真实录取),https://github.com/Younai2021/CPEER-Dataset,2022,数据来源于CPEER开放数据集，共22条考生记录，其中22人录取
中国矿业大学,江苏,083500,软件工程,专业学位,FULL_TIME,未公开,,12,12,2022,普通,,,CPEER数据集(考研真实录取),https://github.com/Younai2021/CPEER-Dataset,2022,数据来源于CPEER开放数据集，共12条考生记录，其中12人录取
中国矿业大学(北京),未知,081000,信息与通信工程,专业学位,FULL_TIME,未公开,,9,9,2022,普通,,,CPEER数据集(考研真实录取),https://github.com/Younai2021/CPEER-Dataset,2022,数据来源于CPEER开放数据集，共9条考生记录，其中9人录取
中国矿业大学(北京),未知,081100,控制科学与工程,专业学位,FULL_TIME,未公开,,15,15,2022,普通,,,CPEER数据集(考研真实录取),https://github.com/Younai2021/CPEER-Dataset,2022,数据来源于CPEER开放数据集，共15条考生记录，其中15人录取
中国矿业大学(北京),未知,081200,计算机科学与技术,专业学位,FULL_TIME,未公开,,13,13,2022,普通,,,CPEER数据集(考研真实录取),https://github.com/Younai2021/CPEER-Dataset,2022,数据来源于CPEER开放数据集，共13条考生记录，其中13人录取
中国矿业大学(北京),未知,085400,计算机技术,专业学位,FULL_TIME,未公开,,28,28,2022,普通,,,CPEER数据集(考研真实录取),https://github.com/Younai2021/CPEER-Dataset,2022,数据来源于CPEER开放数据集，共28条考生记录，其中28人录取
中央财经大学,北京,085400,电子信息,专业学位,FULL_TIME,未公开,,15,22,2022,普通,,,CPEER数据集(考研真实录取),https://github.com/Younai2021/CPEER-Dataset,2022,数据来源于CPEER开放数据集，共22条考生记录，其中15人录取
中央音乐学院,北京,085400,电子音乐作曲,专业学位,FULL_TIME,未公开,,6,12,2022,普通,,,CPEER数据集(考研真实录取),https://github.com/Younai2021/CPEER-Dataset,2022,数据来源于CPEER开放数据集，共12条考生记录，其中6人录取
中央音乐学院,北京,085400,音乐录音艺术,专业学位,FULL_TIME,未公开,,2,2,2022,普通,,,CPEER数据集(考研真实录取),https://github.com/Younai2021/CPEER-Dataset,2022,数据来源于CPEER开放数据集，共2条考生记录，其中2人录取
中央音乐学院,北京,085400,音乐治疗学,专业学位,FULL_TIME,未公开,,1,4,2022,普通,,,CPEER数据集(考研真实录取),https://github.com/Younai2021/CPEER-Dataset,2022,数据来源于CPEER开放数据集，共4条考生记录，其中1人录取
北京化工大学,北京,081000,信息与通信工程,专业学位,FULL_TIME,未公开,,11,11,2022,普通,,,CPEER数据集(考研真实录取),https://github.com/Younai2021/CPEER-Dataset,2022,数据来源于CPEER开放数据集，共11条考生记录，其中11人录取
北京化工大学,北京,081100,控制科学与工程,专业学位,FULL_TIME,未公开,,29,29,2022,普通,,,CPEER数据集(考研真实录取),https://github.com/Younai2021/CPEER-Dataset,2022,数据来源于CPEER开放数据集，共29条考生记录，其中29人录取
北京化工大学,北京,081200,计算机科学与技术,专业学位,FULL_TIME,未公开,,16,16,2022,普通,,,CPEER数据集(考研真实录取),https://github.com/Younai2021/CPEER-Dataset,2022,数据来源于CPEER开放数据集，共16条考生记录，其中16人录取
北京化工大学,北京,083500,软件工程,专业学位,FULL_TIME,未公开,,6,6,2022,普通,,,CPEER数据集(考研真实录取),https://github.com/Younai2021/CPEER-Dataset,2022,数据来源于CPEER开放数据集，共6条考生记录，其中6人录取
北京化工大学,北京,085400,新一代电子信息技术,专业学位,FULL_TIME,未公开,,9,9,2022,普通,,,CPEER数据集(考研真实录取),https://github.com/Younai2021/CPEER-Dataset,2022,数据来源于CPEER开放数据集，共9条考生记录，其中9人录取
北京化工大学,北京,085400,计算机技术,专业学位,FULL_TIME,未公开,,23,23,2022,普通,,,CPEER数据集(考研真实录取),https://github.com/Younai2021/CPEER-Dataset,2022,数据来源于CPEER开放数据集，共23条考生记录，其中23人录取
北京化工大学,北京,085400,控制工程,专业学位,FULL_TIME,未公开,,53,53,2022,普通,,,CPEER数据集(考研真实录取),https://github.com/Younai2021/CPEER-Dataset,2022,数据来源于CPEER开放数据集，共53条考生记录，其中53人录取
北京大学,北京,081200,计算机科学与技术,专业学位,FULL_TIME,未公开,,5,5,2022,普通,,,CPEER数据集(考研真实录取),https://github.com/Younai2021/CPEER-Dataset,2022,数据来源于CPEER开放数据集，共5条考生记录，其中5人录取
北京大学,北京,081201,计算机系统结构,专业学位,FULL_TIME,未公开,,8,8,2022,普通,,,CPEER数据集(考研真实录取),https://github.com/Younai2021/CPEER-Dataset,2022,数据来源于CPEER开放数据集，共8条考生记录，其中8人录取
北京大学,北京,081202,计算机软件与理论,专业学位,FULL_TIME,未公开,,8,8,2022,普通,,,CPEER数据集(考研真实录取),https://github.com/Younai2021/CPEER-Dataset,2022,数据来源于CPEER开放数据集，共8条考生记录，其中8人录取
北京大学,北京,081203,计算机应用技术,专业学位,FULL_TIME,未公开,,5,5,2022,普通,,,CPEER数据集(考研真实录取),https://github.com/Younai2021/CPEER-Dataset,2022,数据来源于CPEER开放数据集，共5条考生记录，其中5人录取
北京科技大学,北京,085400,仪器科学与技术,专业学位,FULL_TIME,未公开,,13,15,2022,普通,,,CPEER数据集(考研真实录取),https://github.com/Younai2021/CPEER-Dataset,2022,数据来源于CPEER开放数据集，共15条考生记录，其中13人录取
北京科技大学,北京,081100,控制科学与工程,专业学位,FULL_TIME,未公开,,24,35,2022,普通,,,CPEER数据集(考研真实录取),https://github.com/Younai2021/CPEER-Dataset,2022,数据来源于CPEER开放数据集，共35条考生记录，其中24人录取
北京科技大学,北京,085400,控制工程,专业学位,FULL_TIME,未公开,,55,77,2022,普通,,,CPEER数据集(考研真实录取),https://github.com/Younai2021/CPEER-Dataset,2022,数据来源于CPEER开放数据集，共77条考生记录，其中55人录取
北京科技大学,北京,085400,仪器仪表工程,专业学位,FULL_TIME,未公开,,21,21,2022,普通,,,CPEER数据集(考研真实录取),https://github.com/Younai2021/CPEER-Dataset,2022,数据来源于CPEER开放数据集，共21条考生记录，其中21人录取
北京科技大学,北京,081000,信息与通信工程,专业学位,FULL_TIME,未公开,,20,25,2022,普通,,,CPEER数据集(考研真实录取),https://github.com/Younai2021/CPEER-Dataset,2022,数据来源于CPEER开放数据集，共25条考生记录，其中20人录取
北京科技大学,北京,081200,计算机科学与技术,专业学位,FULL_TIME,未公开,,20,25,2022,普通,,,CPEER数据集(考研真实录取),https://github.com/Younai2021/CPEER-Dataset,2022,数据来源于CPEER开放数据集，共25条考生记录，其中20人录取
北京科技大学,北京,085400,电子信息,专业学位,FULL_TIME,未公开,,59,66,2022,普通,,,CPEER数据集(考研真实录取),https://github.com/Younai2021/CPEER-Dataset,2022,数据来源于CPEER开放数据集，共66条考生记录，其中59人录取
北京科技大学,北京,085400,计算机技术,专业学位,FULL_TIME,未公开,,35,43,2022,普通,,,CPEER数据集(考研真实录取),https://github.com/Younai2021/CPEER-Dataset,2022,数据来源于CPEER开放数据集，共43条考生记录，其中35人录取
北京邮电大学,北京,085400,电子科学与技术,专业学位,FULL_TIME,未公开,,231,276,2022,普通,,,CPEER数据集(考研真实录取),https://github.com/Younai2021/CPEER-Dataset,2022,数据来源于CPEER开放数据集，共276条考生记录，其中231人录取
北京邮电大学,北京,085400,生物医学工程,专业学位,FULL_TIME,未公开,,7,15,2022,普通,,,CPEER数据集(考研真实录取),https://github.com/Younai2021/CPEER-Dataset,2022,数据来源于CPEER开放数据集，共15条考生记录，其中7人录取
北京邮电大学,北京,085400,新一代电子信息技术,专业学位,FULL_TIME,未公开,,136,208,2022,普通,,,CPEER数据集(考研真实录取),https://github.com/Younai2021/CPEER-Dataset,2022,数据来源于CPEER开放数据集，共208条考生记录，其中136人录取
北京邮电大学,北京,085400,集成电路工程,专业学位,FULL_TIME,未公开,,2,3,2022,普通,,,CPEER数据集(考研真实录取),https://github.com/Younai2021/CPEER-Dataset,2022,数据来源于CPEER开放数据集，共3条考生记录，其中2人录取
北京邮电大学,北京,085400,光电信息工程,专业学位,FULL_TIME,未公开,,109,125,2022,普通,,,CPEER数据集(考研真实录取),https://github.com/Younai2021/CPEER-Dataset,2022,数据来源于CPEER开放数据集，共125条考生记录，其中109人录取
北京邮电大学,北京,081104,人工智能,专业学位,FULL_TIME,未公开,,125,175,2022,普通,,,CPEER数据集(考研真实录取),https://github.com/Younai2021/CPEER-Dataset,2022,数据来源于CPEER开放数据集，共175条考生记录，其中125人录取
北京邮电大学,北京,081100,控制科学与工程,专业学位,FULL_TIME,未公开,,23,32,2022,普通,,,CPEER数据集(考研真实录取),https://github.com/Younai2021/CPEER-Dataset,2022,数据来源于CPEER开放数据集，共32条考生记录，其中23人录取
北京邮电大学,北京,085400,智能科学与技术,专业学位,FULL_TIME,未公开,,15,19,2022,普通,,,CPEER数据集(考研真实录取),https://github.com/Younai2021/CPEER-Dataset,2022,数据来源于CPEER开放数据集，共19条考生记录，其中15人录取
北京邮电大学,北京,083900,网络空间安全,专业学位,FULL_TIME,未公开,,64,79,2022,普通,,,CPEER数据集(考研真实录取),https://github.com/Younai2021/CPEER-Dataset,2022,数据来源于CPEER开放数据集，共79条考生记录，其中64人录取
北京邮电大学,北京,085400,网络与信息安全,专业学位,FULL_TIME,未公开,,19,19,2022,普通,,,CPEER数据集(考研真实录取),https://github.com/Younai2021/CPEER-Dataset,2022,数据来源于CPEER开放数据集，共19条考生记录，其中19人录取
华中农业大学,湖北,081200,计算机科学与技术,专业学位,FULL_TIME,未公开,,27,27,2022,普通,,,CPEER数据集(考研真实录取),https://github.com/Younai2021/CPEER-Dataset,2022,数据来源于CPEER开放数据集，共27条考生记录，其中27人录取
华中师范大学,湖北,085400,电子信息,专业学位,FULL_TIME,未公开,,115,139,2022,普通,,,CPEER数据集(考研真实录取),https://github.com/Younai2021/CPEER-Dataset,2022,数据来源于CPEER开放数据集，共139条考生记录，其中115人录取
华中师范大学,湖北,085400,现代教育技术,专业学位,FULL_TIME,未公开,,46,57,2022,普通,,,CPEER数据集(考研真实录取),https://github.com/Younai2021/CPEER-Dataset,2022,数据来源于CPEER开放数据集，共57条考生记录，其中46人录取
华中师范大学,湖北,085400,数字媒体技术,专业学位,FULL_TIME,未公开,,10,12,2022,普通,,,CPEER数据集(考研真实录取),https://github.com/Younai2021/CPEER-Dataset,2022,数据来源于CPEER开放数据集，共12条考生记录，其中10人录取
华中师范大学,湖北,081200,计算机科学与技术,专业学位,FULL_TIME,未公开,,78,97,2022,普通,,,CPEER数据集(考研真实录取),https://github.com/Younai2021/CPEER-Dataset,2022,数据来源于CPEER开放数据集，共97条考生记录，其中78人录取
华中师范大学,湖北,085400,教育信息技术,专业学位,FULL_TIME,未公开,,3,3,2022,普通,,,CPEER数据集(考研真实录取),https://github.com/Younai2021/CPEER-Dataset,2022,数据来源于CPEER开放数据集，共3条考生记录，其中3人录取
华中师范大学,湖北,085400,教育技术学,专业学位,FULL_TIME,未公开,,31,36,2022,普通,,,CPEER数据集(考研真实录取),https://github.com/Younai2021/CPEER-Dataset,2022,数据来源于CPEER开放数据集，共36条考生记录，其中31人录取
华中师范大学,湖北,085400,科学传播与科学教育,专业学位,FULL_TIME,未公开,,6,8,2022,普通,,,CPEER数据集(考研真实录取),https://github.com/Younai2021/CPEER-Dataset,2022,数据来源于CPEER开放数据集，共8条考生记录，其中6人录取
华中科技大学,湖北,081100,控制科学与工程,专业学位,FULL_TIME,未公开,,33,33,2022,普通,,,CPEER数据集(考研真实录取),https://github.com/Younai2021/CPEER-Dataset,2022,数据来源于CPEER开放数据集，共33条考生记录，其中33人录取
华中科技大学,湖北,085400,控制工程,专业学位,FULL_TIME,未公开,,100,100,2022,普通,,,CPEER数据集(考研真实录取),https://github.com/Younai2021/CPEER-Dataset,2022,数据来源于CPEER开放数据集，共100条考生记录，其中100人录取
华中科技大学,湖北,081104,人工智能,专业学位,FULL_TIME,未公开,,30,30,2022,普通,,,CPEER数据集(考研真实录取),https://github.com/Younai2021/CPEER-Dataset,2022,数据来源于CPEER开放数据集，共30条考生记录，其中30人录取
华南理工大学,广东,085400,电子信息,专业学位,FULL_TIME,未公开,,68,68,2022,普通,,,CPEER数据集(考研真实录取),https://github.com/Younai2021/CPEER-Dataset,2022,数据来源于CPEER开放数据集，共68条考生记录，其中68人录取
华南理工大学,广东,081200,计算机科学与技术,专业学位,FULL_TIME,未公开,,24,24,2022,普通,,,CPEER数据集(考研真实录取),https://github.com/Younai2021/CPEER-Dataset,2022,数据来源于CPEER开放数据集，共24条考生记录，其中24人录取
南京理工大学,江苏,085400,通信与信息系统,专业学位,FULL_TIME,未公开,,56,56,2022,普通,,,CPEER数据集(考研真实录取),https://github.com/Younai2021/CPEER-Dataset,2022,数据来源于CPEER开放数据集，共56条考生记录，其中56人录取
南京理工大学,江苏,085400,信号与信息处理,专业学位,FULL_TIME,未公开,,16,16,2022,普通,,,CPEER数据集(考研真实录取),https://github.com/Younai2021/CPEER-Dataset,2022,数据来源于CPEER开放数据集，共16条考生记录，其中16人录取
南京理工大学,江苏,085400,模式识别与智能系统,专业学位,FULL_TIME,未公开,,12,12,2022,普通,,,CPEER数据集(考研真实录取),https://github.com/Younai2021/CPEER-Dataset,2022,数据来源于CPEER开放数据集，共12条考生记录，其中12人录取
南京理工大学,江苏,081200,计算机科学与技术,专业学位,FULL_TIME,未公开,,41,41,2022,普通,,,CPEER数据集(考研真实录取),https://github.com/Younai2021/CPEER-Dataset,2022,数据来源于CPEER开放数据集，共41条考生记录，其中41人录取
南京航空航天大学,江苏,081000,信息与通信工程,专业学位,FULL_TIME,未公开,,14,14,2022,普通,,,CPEER数据集(考研真实录取),https://github.com/Younai2021/CPEER-Dataset,2022,数据来源于CPEER开放数据集，共14条考生记录，其中14人录取
南京航空航天大学,江苏,081200,计算机科学与技术,专业学位,FULL_TIME,未公开,,31,31,2022,普通,,,CPEER数据集(考研真实录取),https://github.com/Younai2021/CPEER-Dataset,2022,数据来源于CPEER开放数据集，共31条考生记录，其中31人录取
南开大学,天津,085400,运筹学与控制论,专业学位,FULL_TIME,未公开,,1,1,2022,普通,,,CPEER数据集(考研真实录取),https://github.com/Younai2021/CPEER-Dataset,2022,数据来源于CPEER开放数据集，共1条考生记录，其中1人录取
南开大学,天津,081100,控制科学与工程,专业学位,FULL_TIME,未公开,,12,15,2022,普通,,,CPEER数据集(考研真实录取),https://github.com/Younai2021/CPEER-Dataset,2022,数据来源于CPEER开放数据集，共15条考生记录，其中12人录取
南开大学,天津,085400,电子信息,专业学位,FULL_TIME,未公开,,53,62,2022,普通,,,CPEER数据集(考研真实录取),https://github.com/Younai2021/CPEER-Dataset,2022,数据来源于CPEER开放数据集，共62条考生记录，其中53人录取
厦门大学,福建,081104,人工智能,专业学位,FULL_TIME,未公开,,52,52,2022,普通,,,CPEER数据集(考研真实录取),https://github.com/Younai2021/CPEER-Dataset,2022,数据来源于CPEER开放数据集，共52条考生记录，其中52人录取
厦门大学,福建,083500,软件工程,专业学位,FULL_TIME,未公开,,20,20,2022,普通,,,CPEER数据集(考研真实录取),https://github.com/Younai2021/CPEER-Dataset,2022,数据来源于CPEER开放数据集，共20条考生记录，其中20人录取
厦门大学,福建,081200,计算机科学与技术,专业学位,FULL_TIME,未公开,,8,8,2022,普通,,,CPEER数据集(考研真实录取),https://github.com/Younai2021/CPEER-Dataset,2022,数据来源于CPEER开放数据集，共8条考生记录，其中8人录取
厦门大学,福建,085400,智能科学与技术,专业学位,FULL_TIME,未公开,,3,3,2022,普通,,,CPEER数据集(考研真实录取),https://github.com/Younai2021/CPEER-Dataset,2022,数据来源于CPEER开放数据集，共3条考生记录，其中3人录取
厦门大学,福建,085400,模式识别与智能系统,专业学位,FULL_TIME,未公开,,2,2,2022,普通,,,CPEER数据集(考研真实录取),https://github.com/Younai2021/CPEER-Dataset,2022,数据来源于CPEER开放数据集，共2条考生记录，其中2人录取
厦门大学,福建,085400,计算机技术,专业学位,FULL_TIME,未公开,,47,47,2022,普通,,,CPEER数据集(考研真实录取),https://github.com/Younai2021/CPEER-Dataset,2022,数据来源于CPEER开放数据集，共47条考生记录，其中47人录取
哈尔滨工业大学,黑龙江,081200,计算机科学与技术,专业学位,FULL_TIME,未公开,,30,30,2022,普通,,,CPEER数据集(考研真实录取),https://github.com/Younai2021/CPEER-Dataset,2022,数据来源于CPEER开放数据集，共30条考生记录，其中30人录取
哈尔滨工业大学,黑龙江,083500,软件工程,专业学位,FULL_TIME,未公开,,6,6,2022,普通,,,CPEER数据集(考研真实录取),https://github.com/Younai2021/CPEER-Dataset,2022,数据来源于CPEER开放数据集，共6条考生记录，其中6人录取
哈尔滨工业大学,黑龙江,083900,网络空间安全,专业学位,FULL_TIME,未公开,,16,16,2022,普通,,,CPEER数据集(考研真实录取),https://github.com/Younai2021/CPEER-Dataset,2022,数据来源于CPEER开放数据集，共16条考生记录，其中16人录取
哈尔滨工业大学,黑龙江,085400,电子信息,专业学位,FULL_TIME,未公开,,163,163,2022,普通,,,CPEER数据集(考研真实录取),https://github.com/Younai2021/CPEER-Dataset,2022,数据来源于CPEER开放数据集，共163条考生记录，其中163人录取
四川大学,四川,081200,计算机科学与技术,专业学位,FULL_TIME,未公开,,17,17,2022,普通,,,CPEER数据集(考研真实录取),https://github.com/Younai2021/CPEER-Dataset,2022,数据来源于CPEER开放数据集，共17条考生记录，其中17人录取
四川大学,四川,081104,人工智能,专业学位,FULL_TIME,未公开,,7,7,2022,普通,,,CPEER数据集(考研真实录取),https://github.com/Younai2021/CPEER-Dataset,2022,数据来源于CPEER开放数据集，共7条考生记录，其中7人录取
四川大学,四川,083500,软件工程,专业学位,FULL_TIME,未公开,,14,14,2022,普通,,,CPEER数据集(考研真实录取),https://github.com/Younai2021/CPEER-Dataset,2022,数据来源于CPEER开放数据集，共14条考生记录，其中14人录取
四川大学,四川,085400,电子信息,专业学位,FULL_TIME,未公开,,78,78,2022,普通,,,CPEER数据集(考研真实录取),https://github.com/Younai2021/CPEER-Dataset,2022,数据来源于CPEER开放数据集，共78条考生记录，其中78人录取
大连海事大学,辽宁,081000,信息与通信工程,专业学位,FULL_TIME,未公开,,70,84,2022,普通,,,CPEER数据集(考研真实录取),https://github.com/Younai2021/CPEER-Dataset,2022,数据来源于CPEER开放数据集，共84条考生记录，其中70人录取
大连海事大学,辽宁,085400,电子信息,专业学位,FULL_TIME,未公开,,218,260,2022,普通,,,CPEER数据集(考研真实录取),https://github.com/Younai2021/CPEER-Dataset,2022,数据来源于CPEER开放数据集，共260条考生记录，其中218人录取
大连海事大学,辽宁,081200,计算机科学与技术,专业学位,FULL_TIME,未公开,,48,58,2022,普通,,,CPEER数据集(考研真实录取),https://github.com/Younai2021/CPEER-Dataset,2022,数据来源于CPEER开放数据集，共58条考生记录，其中48人录取
大连海事大学,辽宁,083500,软件工程,专业学位,FULL_TIME,未公开,,3,3,2022,普通,,,CPEER数据集(考研真实录取),https://github.com/Younai2021/CPEER-Dataset,2022,数据来源于CPEER开放数据集，共3条考生记录，其中3人录取
大连海事大学,辽宁,081104,人工智能,专业学位,FULL_TIME,未公开,,11,14,2022,普通,,,CPEER数据集(考研真实录取),https://github.com/Younai2021/CPEER-Dataset,2022,数据来源于CPEER开放数据集，共14条考生记录，其中11人录取
宁夏大学,宁夏,085400,电子科学与技术,专业学位,FULL_TIME,未公开,,18,18,2022,普通,,,CPEER数据集(考研真实录取),https://github.com/Younai2021/CPEER-Dataset,2022,数据来源于CPEER开放数据集，共18条考生记录，其中18人录取
宁夏大学,宁夏,085400,电子信息,专业学位,FULL_TIME,未公开,,97,97,2022,普通,,,CPEER数据集(考研真实录取),https://github.com/Younai2021/CPEER-Dataset,2022,数据来源于CPEER开放数据集，共97条考生记录，其中97人录取
宁夏大学,宁夏,081200,计算机科学与技术,专业学位,FULL_TIME,未公开,,19,19,2022,普通,,,CPEER数据集(考研真实录取),https://github.com/Younai2021/CPEER-Dataset,2022,数据来源于CPEER开放数据集，共19条考生记录，其中19人录取
宁夏大学,宁夏,085400,计算机技术,专业学位,FULL_TIME,未公开,,100,100,2022,普通,,,CPEER数据集(考研真实录取),https://github.com/Younai2021/CPEER-Dataset,2022,数据来源于CPEER开放数据集，共100条考生记录，其中100人录取
宁波大学,未知,085400,电子科学与技术,专业学位,FULL_TIME,未公开,,30,30,2022,普通,,,CPEER数据集(考研真实录取),https://github.com/Younai2021/CPEER-Dataset,2022,数据来源于CPEER开放数据集，共30条考生记录，其中30人录取
宁波大学,未知,085400,电子信息,专业学位,FULL_TIME,未公开,,7,7,2022,普通,,,CPEER数据集(考研真实录取),https://github.com/Younai2021/CPEER-Dataset,2022,数据来源于CPEER开放数据集，共7条考生记录，其中7人录取
宁波大学,未知,085400,光电信息工程,专业学位,FULL_TIME,未公开,,59,59,2022,普通,,,CPEER数据集(考研真实录取),https://github.com/Younai2021/CPEER-Dataset,2022,数据来源于CPEER开放数据集，共59条考生记录，其中59人录取
宁波大学,未知,085400,集成电路工程,专业学位,FULL_TIME,未公开,,81,81,2022,普通,,,CPEER数据集(考研真实录取),https://github.com/Younai2021/CPEER-Dataset,2022,数据来源于CPEER开放数据集，共81条考生记录，其中81人录取
宁波大学,未知,085400,计算机技术,专业学位,FULL_TIME,未公开,,72,72,2022,普通,,,CPEER数据集(考研真实录取),https://github.com/Younai2021/CPEER-Dataset,2022,数据来源于CPEER开放数据集，共72条考生记录，其中72人录取
宁波大学,未知,081200,计算机科学与技术,专业学位,FULL_TIME,未公开,,26,26,2022,普通,,,CPEER数据集(考研真实录取),https://github.com/Younai2021/CPEER-Dataset,2022,数据来源于CPEER开放数据集，共26条考生记录，其中26人录取
宁波大学,未知,081000,通信工程,专业学位,FULL_TIME,未公开,,112,112,2022,普通,,,CPEER数据集(考研真实录取),https://github.com/Younai2021/CPEER-Dataset,2022,数据来源于CPEER开放数据集，共112条考生记录，其中112人录取
宁波大学,未知,081000,信息与通信工程,专业学位,FULL_TIME,未公开,,52,52,2022,普通,,,CPEER数据集(考研真实录取),https://github.com/Younai2021/CPEER-Dataset,2022,数据来源于CPEER开放数据集，共52条考生记录，其中52人录取
广西大学,广西,081200,计算机科学与技术,专业学位,FULL_TIME,未公开,,35,35,2022,普通,,,CPEER数据集(考研真实录取),https://github.com/Younai2021/CPEER-Dataset,2022,数据来源于CPEER开放数据集，共35条考生记录，其中35人录取
广西大学,广西,085400,新一代电子信息技术,专业学位,FULL_TIME,未公开,,9,9,2022,普通,,,CPEER数据集(考研真实录取),https://github.com/Younai2021/CPEER-Dataset,2022,数据来源于CPEER开放数据集，共9条考生记录，其中9人录取
广西大学,广西,081000,通信工程,专业学位,FULL_TIME,未公开,,20,20,2022,普通,,,CPEER数据集(考研真实录取),https://github.com/Younai2021/CPEER-Dataset,2022,数据来源于CPEER开放数据集，共20条考生记录，其中20人录取
广西大学,广西,085400,计算机技术,专业学位,FULL_TIME,未公开,,79,79,2022,普通,,,CPEER数据集(考研真实录取),https://github.com/Younai2021/CPEER-Dataset,2022,数据来源于CPEER开放数据集，共79条考生记录，其中79人录取
广西大学,广西,081104,人工智能,专业学位,FULL_TIME,未公开,,19,19,2022,普通,,,CPEER数据集(考研真实录取),https://github.com/Younai2021/CPEER-Dataset,2022,数据来源于CPEER开放数据集，共19条考生记录，其中19人录取
延边大学,吉林,081200,计算机科学与技术,专业学位,FULL_TIME,未公开,,5,5,2022,普通,,,CPEER数据集(考研真实录取),https://github.com/Younai2021/CPEER-Dataset,2022,数据来源于CPEER开放数据集，共5条考生记录，其中5人录取
延边大学,吉林,085400,新一代电子信息技术,专业学位,FULL_TIME,未公开,,21,21,2022,普通,,,CPEER数据集(考研真实录取),https://github.com/Younai2021/CPEER-Dataset,2022,数据来源于CPEER开放数据集，共21条考生记录，其中21人录取
延边大学,吉林,085400,计算机技术,专业学位,FULL_TIME,未公开,,24,24,2022,普通,,,CPEER数据集(考研真实录取),https://github.com/Younai2021/CPEER-Dataset,2022,数据来源于CPEER开放数据集，共24条考生记录，其中24人录取
成都理工大学,未知,081200,计算机科学与技术,专业学位,FULL_TIME,未公开,,44,44,2022,普通,,,CPEER数据集(考研真实录取),https://github.com/Younai2021/CPEER-Dataset,2022,数据来源于CPEER开放数据集，共44条考生记录，其中44人录取
成都理工大学,未知,085400,计算机技术,专业学位,FULL_TIME,未公开,,11,11,2022,普通,,,CPEER数据集(考研真实录取),https://github.com/Younai2021/CPEER-Dataset,2022,数据来源于CPEER开放数据集，共11条考生记录，其中11人录取
成都理工大学,未知,083500,软件工程,专业学位,FULL_TIME,未公开,,20,20,2022,普通,,,CPEER数据集(考研真实录取),https://github.com/Younai2021/CPEER-Dataset,2022,数据来源于CPEER开放数据集，共20条考生记录，其中20人录取
成都理工大学,未知,081104,人工智能,专业学位,FULL_TIME,未公开,,15,15,2022,普通,,,CPEER数据集(考研真实录取),https://github.com/Younai2021/CPEER-Dataset,2022,数据来源于CPEER开放数据集，共15条考生记录，其中15人录取
成都理工大学,未知,085400,大数据技术与工程,专业学位,FULL_TIME,未公开,,9,9,2022,普通,,,CPEER数据集(考研真实录取),https://github.com/Younai2021/CPEER-Dataset,2022,数据来源于CPEER开放数据集，共9条考生记录，其中9人录取
成都理工大学,未知,085400,网络与信息安全,专业学位,FULL_TIME,未公开,,18,18,2022,普通,,,CPEER数据集(考研真实录取),https://github.com/Younai2021/CPEER-Dataset,2022,数据来源于CPEER开放数据集，共18条考生记录，其中18人录取
新疆大学,新疆,083500,软件工程,专业学位,FULL_TIME,未公开,,5,8,2022,普通,,,CPEER数据集(考研真实录取),https://github.com/Younai2021/CPEER-Dataset,2022,数据来源于CPEER开放数据集，共8条考生记录，其中5人录取
新疆大学,新疆,085400,电子信息,专业学位,FULL_TIME,未公开,,23,28,2022,普通,,,CPEER数据集(考研真实录取),https://github.com/Younai2021/CPEER-Dataset,2022,数据来源于CPEER开放数据集，共28条考生记录，其中23人录取
江南大学,江苏,085400,电气工程,专业学位,FULL_TIME,未公开,,38,38,2022,普通,,,CPEER数据集(考研真实录取),https://github.com/Younai2021/CPEER-Dataset,2022,数据来源于CPEER开放数据集，共38条考生记录，其中38人录取
江南大学,江苏,085400,电子科学与技术,专业学位,FULL_TIME,未公开,,6,6,2022,普通,,,CPEER数据集(考研真实录取),https://github.com/Younai2021/CPEER-Dataset,2022,数据来源于CPEER开放数据集，共6条考生记录，其中6人录取
江南大学,江苏,081100,控制科学与工程,专业学位,FULL_TIME,未公开,,45,45,2022,普通,,,CPEER数据集(考研真实录取),https://github.com/Younai2021/CPEER-Dataset,2022,数据来源于CPEER开放数据集，共45条考生记录，其中45人录取
江南大学,江苏,085400,新一代电子信息技术,专业学位,FULL_TIME,未公开,,14,14,2022,普通,,,CPEER数据集(考研真实录取),https://github.com/Younai2021/CPEER-Dataset,2022,数据来源于CPEER开放数据集，共14条考生记录，其中14人录取
江南大学,江苏,081000,通信工程,专业学位,FULL_TIME,未公开,,24,24,2022,普通,,,CPEER数据集(考研真实录取),https://github.com/Younai2021/CPEER-Dataset,2022,数据来源于CPEER开放数据集，共24条考生记录，其中24人录取
江南大学,江苏,085400,集成电路工程,专业学位,FULL_TIME,未公开,,47,47,2022,普通,,,CPEER数据集(考研真实录取),https://github.com/Younai2021/CPEER-Dataset,2022,数据来源于CPEER开放数据集，共47条考生记录，其中47人录取
江南大学,江苏,085400,控制工程,专业学位,FULL_TIME,未公开,,72,72,2022,普通,,,CPEER数据集(考研真实录取),https://github.com/Younai2021/CPEER-Dataset,2022,数据来源于CPEER开放数据集，共72条考生记录，其中72人录取
河北工业大学,河北,081200,计算机科学与技术,专业学位,FULL_TIME,未公开,,49,49,2022,普通,,,CPEER数据集(考研真实录取),https://github.com/Younai2021/CPEER-Dataset,2022,数据来源于CPEER开放数据集，共49条考生记录，其中49人录取
河北工业大学,河北,085400,计算机技术,专业学位,FULL_TIME,未公开,,68,68,2022,普通,,,CPEER数据集(考研真实录取),https://github.com/Younai2021/CPEER-Dataset,2022,数据来源于CPEER开放数据集，共68条考生记录，其中68人录取
河北工业大学,河北,081104,人工智能,专业学位,FULL_TIME,未公开,,35,35,2022,普通,,,CPEER数据集(考研真实录取),https://github.com/Younai2021/CPEER-Dataset,2022,数据来源于CPEER开放数据集，共35条考生记录，其中35人录取
海南大学,海南,081200,计算机科学与技术,专业学位,FULL_TIME,未公开,,33,33,2022,普通,,,CPEER数据集(考研真实录取),https://github.com/Younai2021/CPEER-Dataset,2022,数据来源于CPEER开放数据集，共33条考生记录，其中33人录取
海南大学,海南,085400,电子信息,专业学位,FULL_TIME,未公开,,82,82,2022,普通,,,CPEER数据集(考研真实录取),https://github.com/Younai2021/CPEER-Dataset,2022,数据来源于CPEER开放数据集，共82条考生记录，其中82人录取
福州大学,福建,083500,软件工程,专业学位,FULL_TIME,未公开,,30,37,2022,普通,,,CPEER数据集(考研真实录取),https://github.com/Younai2021/CPEER-Dataset,2022,数据来源于CPEER开放数据集，共37条考生记录，其中30人录取
福州大学,福建,081202,计算机软件与理论,专业学位,FULL_TIME,未公开,,9,10,2022,普通,,,CPEER数据集(考研真实录取),https://github.com/Younai2021/CPEER-Dataset,2022,数据来源于CPEER开放数据集，共10条考生记录，其中9人录取
福州大学,福建,081201,计算机系统结构,专业学位,FULL_TIME,未公开,,4,5,2022,普通,,,CPEER数据集(考研真实录取),https://github.com/Younai2021/CPEER-Dataset,2022,数据来源于CPEER开放数据集，共5条考生记录，其中4人录取
福州大学,福建,085400,计算机技术,专业学位,FULL_TIME,未公开,,133,159,2022,普通,,,CPEER数据集(考研真实录取),https://github.com/Younai2021/CPEER-Dataset,2022,数据来源于CPEER开放数据集，共159条考生记录，其中133人录取
福州大学,福建,081203,计算机应用技术,专业学位,FULL_TIME,未公开,,22,25,2022,普通,,,CPEER数据集(考研真实录取),https://github.com/Younai2021/CPEER-Dataset,2022,数据来源于CPEER开放数据集，共25条考生记录，其中22人录取
福州大学,福建,085400,信息安全,专业学位,FULL_TIME,未公开,,4,5,2022,普通,,,CPEER数据集(考研真实录取),https://github.com/Younai2021/CPEER-Dataset,2022,数据来源于CPEER开放数据集，共5条考生记录，其中4人录取
福州大学,福建,081104,人工智能,专业学位,FULL_TIME,未公开,,43,52,2022,普通,,,CPEER数据集(考研真实录取),https://github.com/Younai2021/CPEER-Dataset,2022,数据来源于CPEER开放数据集，共52条考生记录，其中43人录取
西北大学,陕西,083500,软件工程,专业学位,FULL_TIME,未公开,,165,217,2022,普通,,,CPEER数据集(考研真实录取),https://github.com/Younai2021/CPEER-Dataset,2022,数据来源于CPEER开放数据集，共217条考生记录，其中165人录取
西北大学,陕西,081200,计算机科学与技术/计算机应用技术,专业学位,FULL_TIME,未公开,,2,4,2022,普通,,,CPEER数据集(考研真实录取),https://github.com/Younai2021/CPEER-Dataset,2022,数据来源于CPEER开放数据集，共4条考生记录，其中2人录取
西北大学,陕西,081200,计算机科学与技术,专业学位,FULL_TIME,未公开,,19,24,2022,普通,,,CPEER数据集(考研真实录取),https://github.com/Younai2021/CPEER-Dataset,2022,数据来源于CPEER开放数据集，共24条考生记录，其中19人录取
西南财经大学,四川,081202,计算机软件与理论,专业学位,FULL_TIME,未公开,,14,14,2022,普通,,,CPEER数据集(考研真实录取),https://github.com/Younai2021/CPEER-Dataset,2022,数据来源于CPEER开放数据集，共14条考生记录，其中14人录取
西南财经大学,四川,081203,计算机应用技术,专业学位,FULL_TIME,未公开,,23,23,2022,普通,,,CPEER数据集(考研真实录取),https://github.com/Younai2021/CPEER-Dataset,2022,数据来源于CPEER开放数据集，共23条考生记录，其中23人录取
西藏大学,西藏,085400,通信与信息系统,专业学位,FULL_TIME,未公开,,15,15,2022,普通,,,CPEER数据集(考研真实录取),https://github.com/Younai2021/CPEER-Dataset,2022,数据来源于CPEER开放数据集，共15条考生记录，其中15人录取
西藏大学,西藏,081202,计算机软件与理论,专业学位,FULL_TIME,未公开,,7,7,2022,普通,,,CPEER数据集(考研真实录取),https://github.com/Younai2021/CPEER-Dataset,2022,数据来源于CPEER开放数据集，共7条考生记录，其中7人录取
西藏大学,西藏,081203,计算机应用技术,专业学位,FULL_TIME,未公开,,11,11,2022,普通,,,CPEER数据集(考研真实录取),https://github.com/Younai2021/CPEER-Dataset,2022,数据来源于CPEER开放数据集，共11条考生记录，其中11人录取
西藏大学,西藏,085400,信号与信息处理,专业学位,FULL_TIME,未公开,,15,15,2022,普通,,,CPEER数据集(考研真实录取),https://github.com/Younai2021/CPEER-Dataset,2022,数据来源于CPEER开放数据集，共15条考生记录，其中15人录取
西藏大学,西藏,081201,计算机系统结构,专业学位,FULL_TIME,未公开,,10,10,2022,普通,,,CPEER数据集(考研真实录取),https://github.com/Younai2021/CPEER-Dataset,2022,数据来源于CPEER开放数据集，共10条考生记录，其中10人录取
贵州大学,贵州,081200,计算机科学与技术,专业学位,FULL_TIME,未公开,,43,43,2022,普通,,,CPEER数据集(考研真实录取),https://github.com/Younai2021/CPEER-Dataset,2022,数据来源于CPEER开放数据集，共43条考生记录，其中43人录取
贵州大学,贵州,083500,软件工程,专业学位,FULL_TIME,未公开,,30,30,2022,普通,,,CPEER数据集(考研真实录取),https://github.com/Younai2021/CPEER-Dataset,2022,数据来源于CPEER开放数据集，共30条考生记录，其中30人录取
贵州大学,贵州,085400,电子信息,专业学位,FULL_TIME,未公开,,282,282,2022,普通,,,CPEER数据集(考研真实录取),https://github.com/Younai2021/CPEER-Dataset,2022,数据来源于CPEER开放数据集，共282条考生记录，其中282人录取
贵州大学,贵州,085400,电子科学与技术,专业学位,FULL_TIME,未公开,,30,30,2022,普通,,,CPEER数据集(考研真实录取),https://github.com/Younai2021/CPEER-Dataset,2022,数据来源于CPEER开放数据集，共30条考生记录，其中30人录取
贵州大学,贵州,081000,信息与通信工程,专业学位,FULL_TIME,未公开,,32,32,2022,普通,,,CPEER数据集(考研真实录取),https://github.com/Younai2021/CPEER-Dataset,2022,数据来源于CPEER开放数据集，共32条考生记录，其中32人录取
辽宁大学,辽宁,081201,计算机系统结构,专业学位,FULL_TIME,未公开,,1,1,2022,普通,,,CPEER数据集(考研真实录取),https://github.com/Younai2021/CPEER-Dataset,2022,数据来源于CPEER开放数据集，共1条考生记录，其中1人录取
辽宁大学,辽宁,081202,计算机软件与理论,专业学位,FULL_TIME,未公开,,4,4,2022,普通,,,CPEER数据集(考研真实录取),https://github.com/Younai2021/CPEER-Dataset,2022,数据来源于CPEER开放数据集，共4条考生记录，其中4人录取
辽宁大学,辽宁,081203,计算机应用技术,专业学位,FULL_TIME,未公开,,12,12,2022,普通,,,CPEER数据集(考研真实录取),https://github.com/Younai2021/CPEER-Dataset,2022,数据来源于CPEER开放数据集，共12条考生记录，其中12人录取
辽宁大学,辽宁,083500,软件工程,专业学位,FULL_TIME,未公开,,35,35,2022,普通,,,CPEER数据集(考研真实录取),https://github.com/Younai2021/CPEER-Dataset,2022,数据来源于CPEER开放数据集，共35条考生记录，其中35人录取
长安大学,陕西,085400,电子信息,专业学位,FULL_TIME,未公开,,178,178,2022,普通,,,CPEER数据集(考研真实录取),https://github.com/Younai2021/CPEER-Dataset,2022,数据来源于CPEER开放数据集，共178条考生记录，其中178人录取
长安大学,陕西,081000,信息与通信工程,专业学位,FULL_TIME,未公开,,25,25,2022,普通,,,CPEER数据集(考研真实录取),https://github.com/Younai2021/CPEER-Dataset,2022,数据来源于CPEER开放数据集，共25条考生记录，其中25人录取
长安大学,陕西,081200,计算机科学与技术,专业学位,FULL_TIME,未公开,,32,32,2022,普通,,,CPEER数据集(考研真实录取),https://github.com/Younai2021/CPEER-Dataset,2022,数据来源于CPEER开放数据集，共32条考生记录，其中32人录取
长安大学,陕西,083500,软件工程,专业学位,FULL_TIME,未公开,,9,9,2022,普通,,,CPEER数据集(考研真实录取),https://github.com/Younai2021/CPEER-Dataset,2022,数据来源于CPEER开放数据集，共9条考生记录，其中9人录取
长安大学,陕西,083900,网络空间安全,专业学位,FULL_TIME,未公开,,5,5,2022,普通,,,CPEER数据集(考研真实录取),https://github.com/Younai2021/CPEER-Dataset,2022,数据来源于CPEER开放数据集，共5条考生记录，其中5人录取
上海财经大学,上海,085400,工程管理硕士,专业学位,FULL_TIME,未公开,,105,105,2023,普通,,,CPEER数据集(考研真实录取),https://github.com/Younai2021/CPEER-Dataset,2023,数据来源于CPEER开放数据集，共105条考生记录，其中105人录取
上海财经大学,上海,083500,软件工程,专业学位,FULL_TIME,未公开,,1,1,2023,普通,,,CPEER数据集(考研真实录取),https://github.com/Younai2021/CPEER-Dataset,2023,数据来源于CPEER开放数据集，共1条考生记录，其中1人录取
上海财经大学,上海,085400,软件服务工程,专业学位,FULL_TIME,未公开,,1,1,2023,普通,,,CPEER数据集(考研真实录取),https://github.com/Younai2021/CPEER-Dataset,2023,数据来源于CPEER开放数据集，共1条考生记录，其中1人录取
上海财经大学,上海,083500,软件工程理论与计算复杂性,专业学位,FULL_TIME,未公开,,2,2,2023,普通,,,CPEER数据集(考研真实录取),https://github.com/Younai2021/CPEER-Dataset,2023,数据来源于CPEER开放数据集，共2条考生记录，其中2人录取
上海财经大学,上海,083500,金融领域软件工程,专业学位,FULL_TIME,未公开,,2,2,2023,普通,,,CPEER数据集(考研真实录取),https://github.com/Younai2021/CPEER-Dataset,2023,数据来源于CPEER开放数据集，共2条考生记录，其中2人录取
上海财经大学,上海,085400,管理科学与工程,专业学位,FULL_TIME,未公开,,7,7,2023,普通,,,CPEER数据集(考研真实录取),https://github.com/Younai2021/CPEER-Dataset,2023,数据来源于CPEER开放数据集，共7条考生记录，其中7人录取
上海财经大学,上海,085400,金融信息工程,专业学位,FULL_TIME,未公开,,6,6,2023,普通,,,CPEER数据集(考研真实录取),https://github.com/Younai2021/CPEER-Dataset,2023,数据来源于CPEER开放数据集，共6条考生记录，其中6人录取
上海财经大学,上海,085400,信息管理与商务智能,专业学位,FULL_TIME,未公开,,3,3,2023,普通,,,CPEER数据集(考研真实录取),https://github.com/Younai2021/CPEER-Dataset,2023,数据来源于CPEER开放数据集，共3条考生记录，其中3人录取
东北师范大学,吉林,081200,计算机科学与技术,专业学位,FULL_TIME,未公开,,30,30,2023,普通,,,CPEER数据集(考研真实录取),https://github.com/Younai2021/CPEER-Dataset,2023,数据来源于CPEER开放数据集，共30条考生记录，其中30人录取
东北师范大学,吉林,085400,电子信息,专业学位,FULL_TIME,未公开,,94,94,2023,普通,,,CPEER数据集(考研真实录取),https://github.com/Younai2021/CPEER-Dataset,2023,数据来源于CPEER开放数据集，共94条考生记录，其中94人录取
中南财经政法大学,湖北,081200,计算机科学与技术,专业学位,FULL_TIME,未公开,,3,4,2023,普通,,,CPEER数据集(考研真实录取),https://github.com/Younai2021/CPEER-Dataset,2023,数据来源于CPEER开放数据集，共4条考生记录，其中3人录取
中南财经政法大学,湖北,085400,环境科学与工程,专业学位,FULL_TIME,未公开,,5,5,2023,普通,,,CPEER数据集(考研真实录取),https://github.com/Younai2021/CPEER-Dataset,2023,数据来源于CPEER开放数据集，共5条考生记录，其中5人录取
中南财经政法大学,湖北,085400,管理科学与工程,专业学位,FULL_TIME,未公开,,15,21,2023,普通,,,CPEER数据集(考研真实录取),https://github.com/Younai2021/CPEER-Dataset,2023,数据来源于CPEER开放数据集，共21条考生记录，其中15人录取
中南财经政法大学,湖北,085400,计算机技术,专业学位,FULL_TIME,未公开,,19,27,2023,普通,,,CPEER数据集(考研真实录取),https://github.com/Younai2021/CPEER-Dataset,2023,数据来源于CPEER开放数据集，共27条考生记录，其中19人录取
中南财经政法大学,湖北,081104,人工智能,专业学位,FULL_TIME,未公开,,19,25,2023,普通,,,CPEER数据集(考研真实录取),https://github.com/Younai2021/CPEER-Dataset,2023,数据来源于CPEER开放数据集，共25条考生记录，其中19人录取
中南财经政法大学,湖北,085400,大数据技术与工程,专业学位,FULL_TIME,未公开,,20,28,2023,普通,,,CPEER数据集(考研真实录取),https://github.com/Younai2021/CPEER-Dataset,2023,数据来源于CPEER开放数据集，共28条考生记录，其中20人录取
中南财经政法大学,湖北,085400,网络与信息安全,专业学位,FULL_TIME,未公开,,18,25,2023,普通,,,CPEER数据集(考研真实录取),https://github.com/Younai2021/CPEER-Dataset,2023,数据来源于CPEER开放数据集，共25条考生记录，其中18人录取
中国地质大学(北京),未知,081200,计算机科学与技术,专业学位,FULL_TIME,未公开,,3,3,2023,普通,,,CPEER数据集(考研真实录取),https://github.com/Younai2021/CPEER-Dataset,2023,数据来源于CPEER开放数据集，共3条考生记录，其中3人录取
中国地质大学(北京),未知,085400,计算机技术,专业学位,FULL_TIME,未公开,,28,28,2023,普通,,,CPEER数据集(考研真实录取),https://github.com/Younai2021/CPEER-Dataset,2023,数据来源于CPEER开放数据集，共28条考生记录，其中28人录取
中国地质大学(北京),未知,083500,软件工程,专业学位,FULL_TIME,未公开,,16,16,2023,普通,,,CPEER数据集(考研真实录取),https://github.com/Younai2021/CPEER-Dataset,2023,数据来源于CPEER开放数据集，共16条考生记录，其中16人录取
中国地质大学(武汉),未知,081200,计算机科学与技术,专业学位,FULL_TIME,未公开,,25,33,2023,普通,,,CPEER数据集(考研真实录取),https://github.com/Younai2021/CPEER-Dataset,2023,数据来源于CPEER开放数据集，共33条考生记录，其中25人录取
中国地质大学(武汉),未知,085400,地学信息工程,专业学位,FULL_TIME,未公开,,2,3,2023,普通,,,CPEER数据集(考研真实录取),https://github.com/Younai2021/CPEER-Dataset,2023,数据来源于CPEER开放数据集，共3条考生记录，其中2人录取
中国地质大学(武汉),未知,083500,软件工程,专业学位,FULL_TIME,未公开,,9,12,2023,普通,,,CPEER数据集(考研真实录取),https://github.com/Younai2021/CPEER-Dataset,2023,数据来源于CPEER开放数据集，共12条考生记录，其中9人录取
中国地质大学(武汉),未知,085400,计算机技术,专业学位,FULL_TIME,未公开,,6,7,2023,普通,,,CPEER数据集(考研真实录取),https://github.com/Younai2021/CPEER-Dataset,2023,数据来源于CPEER开放数据集，共7条考生记录，其中6人录取
中国地质大学(武汉),未知,085400,电子信息,专业学位,FULL_TIME,未公开,,392,568,2023,普通,,,CPEER数据集(考研真实录取),https://github.com/Younai2021/CPEER-Dataset,2023,数据来源于CPEER开放数据集，共568条考生记录，其中392人录取
中国地质大学(武汉),未知,085400,机械工程,专业学位,FULL_TIME,未公开,,12,16,2023,普通,,,CPEER数据集(考研真实录取),https://github.com/Younai2021/CPEER-Dataset,2023,数据来源于CPEER开放数据集，共16条考生记录，其中12人录取
中国地质大学(武汉),未知,085400,艺术设计,专业学位,FULL_TIME,未公开,,1,1,2023,普通,,,CPEER数据集(考研真实录取),https://github.com/Younai2021/CPEER-Dataset,2023,数据来源于CPEER开放数据集，共1条考生记录，其中1人录取
中国地质大学(武汉),未知,085400,机械,专业学位,FULL_TIME,未公开,,57,90,2023,普通,,,CPEER数据集(考研真实录取),https://github.com/Younai2021/CPEER-Dataset,2023,数据来源于CPEER开放数据集，共90条考生记录，其中57人录取
中国地质大学(武汉),未知,081000,信息与通信工程,专业学位,FULL_TIME,未公开,,15,23,2023,普通,,,CPEER数据集(考研真实录取),https://github.com/Younai2021/CPEER-Dataset,2023,数据来源于CPEER开放数据集，共23条考生记录，其中15人录取
中国地质大学(武汉),未知,081100,控制科学与工程,专业学位,FULL_TIME,未公开,,30,38,2023,普通,,,CPEER数据集(考研真实录取),https://github.com/Younai2021/CPEER-Dataset,2023,数据来源于CPEER开放数据集，共38条考生记录，其中30人录取
中国矿业大学,江苏,085400,智能制造技术,专业学位,FULL_TIME,未公开,,26,26,2023,普通,,,CPEER数据集(考研真实录取),https://github.com/Younai2021/CPEER-Dataset,2023,数据来源于CPEER开放数据集，共26条考生记录，其中26人录取
中国矿业大学,江苏,085400,机器人工程,专业学位,FULL_TIME,未公开,,21,21,2023,普通,,,CPEER数据集(考研真实录取),https://github.com/Younai2021/CPEER-Dataset,2023,数据来源于CPEER开放数据集，共21条考生记录，其中21人录取
中国矿业大学,江苏,085400,电子科学与技术,专业学位,FULL_TIME,未公开,,8,8,2023,普通,,,CPEER数据集(考研真实录取),https://github.com/Younai2021/CPEER-Dataset,2023,数据来源于CPEER开放数据集，共8条考生记录，其中8人录取
中国矿业大学,江苏,081000,信息与通信工程,专业学位,FULL_TIME,未公开,,27,27,2023,普通,,,CPEER数据集(考研真实录取),https://github.com/Younai2021/CPEER-Dataset,2023,数据来源于CPEER开放数据集，共27条考生记录，其中27人录取
中国矿业大学,江苏,081100,控制科学与工程,专业学位,FULL_TIME,未公开,,34,34,2023,普通,,,CPEER数据集(考研真实录取),https://github.com/Younai2021/CPEER-Dataset,2023,数据来源于CPEER开放数据集，共34条考生记录，其中34人录取
中国矿业大学,江苏,085400,新一代电子信息技术,专业学位,FULL_TIME,未公开,,31,31,2023,普通,,,CPEER数据集(考研真实录取),https://github.com/Younai2021/CPEER-Dataset,2023,数据来源于CPEER开放数据集，共31条考生记录，其中31人录取
中国矿业大学,江苏,081000,通信工程,专业学位,FULL_TIME,未公开,,29,29,2023,普通,,,CPEER数据集(考研真实录取),https://github.com/Younai2021/CPEER-Dataset,2023,数据来源于CPEER开放数据集，共29条考生记录，其中29人录取
中国矿业大学,江苏,081200,计算机科学与技术,专业学位,FULL_TIME,未公开,,16,16,2023,普通,,,CPEER数据集(考研真实录取),https://github.com/Younai2021/CPEER-Dataset,2023,数据来源于CPEER开放数据集，共16条考生记录，其中16人录取
中国矿业大学,江苏,083500,软件工程,专业学位,FULL_TIME,未公开,,37,37,2023,普通,,,CPEER数据集(考研真实录取),https://github.com/Younai2021/CPEER-Dataset,2023,数据来源于CPEER开放数据集，共37条考生记录，其中37人录取
中国矿业大学,江苏,085400,计算机技术,专业学位,FULL_TIME,未公开,,41,41,2023,普通,,,CPEER数据集(考研真实录取),https://github.com/Younai2021/CPEER-Dataset,2023,数据来源于CPEER开放数据集，共41条考生记录，其中41人录取
中国矿业大学,江苏,085400,大数据技术与工程,专业学位,FULL_TIME,未公开,,1,1,2023,普通,,,CPEER数据集(考研真实录取),https://github.com/Younai2021/CPEER-Dataset,2023,数据来源于CPEER开放数据集，共1条考生记录，其中1人录取
中国矿业大学,江苏,085400,网络与信息安全,专业学位,FULL_TIME,未公开,,2,2,2023,普通,,,CPEER数据集(考研真实录取),https://github.com/Younai2021/CPEER-Dataset,2023,数据来源于CPEER开放数据集，共2条考生记录，其中2人录取
中国矿业大学(北京),未知,081000,信息与通信工程,专业学位,FULL_TIME,未公开,,8,8,2023,普通,,,CPEER数据集(考研真实录取),https://github.com/Younai2021/CPEER-Dataset,2023,数据来源于CPEER开放数据集，共8条考生记录，其中8人录取
中国矿业大学(北京),未知,081100,控制科学与工程,专业学位,FULL_TIME,未公开,,14,14,2023,普通,,,CPEER数据集(考研真实录取),https://github.com/Younai2021/CPEER-Dataset,2023,数据来源于CPEER开放数据集，共14条考生记录，其中14人录取
中国矿业大学(北京),未知,081200,计算机科学与技术,专业学位,FULL_TIME,未公开,,14,14,2023,普通,,,CPEER数据集(考研真实录取),https://github.com/Younai2021/CPEER-Dataset,2023,数据来源于CPEER开放数据集，共14条考生记录，其中14人录取
中国矿业大学(北京),未知,085400,计算机技术,专业学位,FULL_TIME,未公开,,23,23,2023,普通,,,CPEER数据集(考研真实录取),https://github.com/Younai2021/CPEER-Dataset,2023,数据来源于CPEER开放数据集，共23条考生记录，其中23人录取
中国科学院大学,未知,081200,计算机科学与技术,专业学位,FULL_TIME,未公开,,133,133,2023,普通,,,CPEER数据集(考研真实录取),https://github.com/Younai2021/CPEER-Dataset,2023,数据来源于CPEER开放数据集，共133条考生记录，其中133人录取
中国科学院大学,未知,081100,控制科学与工程,专业学位,FULL_TIME,未公开,,3,3,2023,普通,,,CPEER数据集(考研真实录取),https://github.com/Younai2021/CPEER-Dataset,2023,数据来源于CPEER开放数据集，共3条考生记录，其中3人录取
中国科学院大学,未知,085400,化学,专业学位,FULL_TIME,未公开,,11,11,2023,普通,,,CPEER数据集(考研真实录取),https://github.com/Younai2021/CPEER-Dataset,2023,数据来源于CPEER开放数据集，共11条考生记录，其中11人录取
中国科学院大学,未知,085400,物理学,专业学位,FULL_TIME,未公开,,18,18,2023,普通,,,CPEER数据集(考研真实录取),https://github.com/Younai2021/CPEER-Dataset,2023,数据来源于CPEER开放数据集，共18条考生记录，其中18人录取
中国科学院大学,未知,085400,生物学,专业学位,FULL_TIME,未公开,,14,14,2023,普通,,,CPEER数据集(考研真实录取),https://github.com/Younai2021/CPEER-Dataset,2023,数据来源于CPEER开放数据集，共14条考生记录，其中14人录取
中国科学院大学,未知,085400,数学,专业学位,FULL_TIME,未公开,,18,18,2023,普通,,,CPEER数据集(考研真实录取),https://github.com/Younai2021/CPEER-Dataset,2023,数据来源于CPEER开放数据集，共18条考生记录，其中18人录取
中国科学院大学,未知,083900,网络空间安全,专业学位,FULL_TIME,未公开,,11,11,2023,普通,,,CPEER数据集(考研真实录取),https://github.com/Younai2021/CPEER-Dataset,2023,数据来源于CPEER开放数据集，共11条考生记录，其中11人录取
中国科学院大学,未知,085400,材料科学与工程,专业学位,FULL_TIME,未公开,,10,10,2023,普通,,,CPEER数据集(考研真实录取),https://github.com/Younai2021/CPEER-Dataset,2023,数据来源于CPEER开放数据集，共10条考生记录，其中10人录取
中国科学院大学,未知,085400,天文学,专业学位,FULL_TIME,未公开,,5,5,2023,普通,,,CPEER数据集(考研真实录取),https://github.com/Younai2021/CPEER-Dataset,2023,数据来源于CPEER开放数据集，共5条考生记录，其中5人录取
中国科学院大学,未知,081000,信息与通信工程,专业学位,FULL_TIME,未公开,,6,6,2023,普通,,,CPEER数据集(考研真实录取),https://github.com/Younai2021/CPEER-Dataset,2023,数据来源于CPEER开放数据集，共6条考生记录，其中6人录取
中国科学院大学,未知,085400,力学,专业学位,FULL_TIME,未公开,,3,3,2023,普通,,,CPEER数据集(考研真实录取),https://github.com/Younai2021/CPEER-Dataset,2023,数据来源于CPEER开放数据集，共3条考生记录，其中3人录取
中国科学院大学,未知,085400,地理学,专业学位,FULL_TIME,未公开,,2,2,2023,普通,,,CPEER数据集(考研真实录取),https://github.com/Younai2021/CPEER-Dataset,2023,数据来源于CPEER开放数据集，共2条考生记录，其中2人录取
中国科学院大学,未知,085400,电子科学与技术,专业学位,FULL_TIME,未公开,,10,10,2023,普通,,,CPEER数据集(考研真实录取),https://github.com/Younai2021/CPEER-Dataset,2023,数据来源于CPEER开放数据集，共10条考生记录，其中10人录取
中国科学院大学,未知,085400,环境科学与工程,专业学位,FULL_TIME,未公开,,1,1,2023,普通,,,CPEER数据集(考研真实录取),https://github.com/Younai2021/CPEER-Dataset,2023,数据来源于CPEER开放数据集，共1条考生记录，其中1人录取
中国科学院大学,未知,085400,能源动力,专业学位,FULL_TIME,未公开,,1,1,2023,普通,,,CPEER数据集(考研真实录取),https://github.com/Younai2021/CPEER-Dataset,2023,数据来源于CPEER开放数据集，共1条考生记录，其中1人录取
中国科学院大学,未知,081203,计算机应用技术,专业学位,FULL_TIME,未公开,,10,10,2023,普通,,,CPEER数据集(考研真实录取),https://github.com/Younai2021/CPEER-Dataset,2023,数据来源于CPEER开放数据集，共10条考生记录，其中10人录取
中国科学院大学,未知,083500,软件工程,专业学位,FULL_TIME,未公开,,9,9,2023,普通,,,CPEER数据集(考研真实录取),https://github.com/Younai2021/CPEER-Dataset,2023,数据来源于CPEER开放数据集，共9条考生记录，其中9人录取
中国科学院大学,未知,085400,电子信息,专业学位,FULL_TIME,未公开,,46,46,2023,普通,,,CPEER数据集(考研真实录取),https://github.com/Younai2021/CPEER-Dataset,2023,数据来源于CPEER开放数据集，共46条考生记录，其中46人录取
中央财经大学,北京,085400,电子信息,专业学位,FULL_TIME,未公开,,16,21,2023,普通,,,CPEER数据集(考研真实录取),https://github.com/Younai2021/CPEER-Dataset,2023,数据来源于CPEER开放数据集，共21条考生记录，其中16人录取
中央音乐学院,北京,085400,电子音乐作曲,专业学位,FULL_TIME,未公开,,6,6,2023,普通,,,CPEER数据集(考研真实录取),https://github.com/Younai2021/CPEER-Dataset,2023,数据来源于CPEER开放数据集，共6条考生记录，其中6人录取
中央音乐学院,北京,085400,音乐录音艺术,专业学位,FULL_TIME,未公开,,1,1,2023,普通,,,CPEER数据集(考研真实录取),https://github.com/Younai2021/CPEER-Dataset,2023,数据来源于CPEER开放数据集，共1条考生记录，其中1人录取
中央音乐学院,北京,085400,艺术嗓音及嗓音医学,专业学位,FULL_TIME,未公开,,2,2,2023,普通,,,CPEER数据集(考研真实录取),https://github.com/Younai2021/CPEER-Dataset,2023,数据来源于CPEER开放数据集，共2条考生记录，其中2人录取
北京化工大学,北京,081000,信息与通信工程,专业学位,FULL_TIME,未公开,,8,8,2023,普通,,,CPEER数据集(考研真实录取),https://github.com/Younai2021/CPEER-Dataset,2023,数据来源于CPEER开放数据集，共8条考生记录，其中8人录取
北京化工大学,北京,081100,控制科学与工程,专业学位,FULL_TIME,未公开,,26,26,2023,普通,,,CPEER数据集(考研真实录取),https://github.com/Younai2021/CPEER-Dataset,2023,数据来源于CPEER开放数据集，共26条考生记录，其中26人录取
北京化工大学,北京,081200,计算机科学与技术,专业学位,FULL_TIME,未公开,,28,28,2023,普通,,,CPEER数据集(考研真实录取),https://github.com/Younai2021/CPEER-Dataset,2023,数据来源于CPEER开放数据集，共28条考生记录，其中28人录取
北京化工大学,北京,085400,新一代电子信息技术,专业学位,FULL_TIME,未公开,,23,23,2023,普通,,,CPEER数据集(考研真实录取),https://github.com/Younai2021/CPEER-Dataset,2023,数据来源于CPEER开放数据集，共23条考生记录，其中23人录取
北京化工大学,北京,085400,计算机技术,专业学位,FULL_TIME,未公开,,27,27,2023,普通,,,CPEER数据集(考研真实录取),https://github.com/Younai2021/CPEER-Dataset,2023,数据来源于CPEER开放数据集，共27条考生记录，其中27人录取
北京化工大学,北京,085400,控制工程,专业学位,FULL_TIME,未公开,,56,56,2023,普通,,,CPEER数据集(考研真实录取),https://github.com/Younai2021/CPEER-Dataset,2023,数据来源于CPEER开放数据集，共56条考生记录，其中56人录取
北京大学,北京,081201,计算机系统结构,专业学位,FULL_TIME,未公开,,8,8,2023,普通,,,CPEER数据集(考研真实录取),https://github.com/Younai2021/CPEER-Dataset,2023,数据来源于CPEER开放数据集，共8条考生记录，其中8人录取
北京大学,北京,081202,计算机软件与理论,专业学位,FULL_TIME,未公开,,9,9,2023,普通,,,CPEER数据集(考研真实录取),https://github.com/Younai2021/CPEER-Dataset,2023,数据来源于CPEER开放数据集，共9条考生记录，其中9人录取
北京大学,北京,081203,计算机应用技术,专业学位,FULL_TIME,未公开,,4,4,2023,普通,,,CPEER数据集(考研真实录取),https://github.com/Younai2021/CPEER-Dataset,2023,数据来源于CPEER开放数据集，共4条考生记录，其中4人录取
北京大学,北京,081200,计算机科学与技术,专业学位,FULL_TIME,未公开,,19,19,2023,普通,,,CPEER数据集(考研真实录取),https://github.com/Younai2021/CPEER-Dataset,2023,数据来源于CPEER开放数据集，共19条考生记录，其中19人录取
北京大学,北京,085400,电子信息,专业学位,FULL_TIME,未公开,,423,423,2023,普通,,,CPEER数据集(考研真实录取),https://github.com/Younai2021/CPEER-Dataset,2023,数据来源于CPEER开放数据集，共423条考生记录，其中423人录取
北京大学,北京,085400,工程管理硕士,专业学位,FULL_TIME,未公开,,202,202,2023,普通,,,CPEER数据集(考研真实录取),https://github.com/Younai2021/CPEER-Dataset,2023,数据来源于CPEER开放数据集，共202条考生记录，其中202人录取
北京师范大学,北京,081200,计算机科学与技术,专业学位,FULL_TIME,未公开,,26,26,2023,普通,,,CPEER数据集(考研真实录取),https://github.com/Younai2021/CPEER-Dataset,2023,数据来源于CPEER开放数据集，共26条考生记录，其中26人录取
北京理工大学,北京,085400,新一代电子信息技术,专业学位,FULL_TIME,未公开,,30,30,2023,普通,,,CPEER数据集(考研真实录取),https://github.com/Younai2021/CPEER-Dataset,2023,数据来源于CPEER开放数据集，共30条考生记录，其中30人录取
北京理工大学,北京,081000,通信工程,专业学位,FULL_TIME,未公开,,34,34,2023,普通,,,CPEER数据集(考研真实录取),https://github.com/Younai2021/CPEER-Dataset,2023,数据来源于CPEER开放数据集，共34条考生记录，其中34人录取
北京理工大学,北京,083900,网络空间安全,专业学位,FULL_TIME,未公开,,16,16,2023,普通,,,CPEER数据集(考研真实录取),https://github.com/Younai2021/CPEER-Dataset,2023,数据来源于CPEER开放数据集，共16条考生记录，其中16人录取
北京理工大学,北京,085400,网络与信息安全,专业学位,FULL_TIME,未公开,,19,19,2023,普通,,,CPEER数据集(考研真实录取),https://github.com/Younai2021/CPEER-Dataset,2023,数据来源于CPEER开放数据集，共19条考生记录，其中19人录取
北京理工大学,北京,083500,软件工程,专业学位,FULL_TIME,未公开,,74,74,2023,普通,,,CPEER数据集(考研真实录取),https://github.com/Younai2021/CPEER-Dataset,2023,数据来源于CPEER开放数据集，共74条考生记录，其中74人录取
北京理工大学,北京,085400,智能数字表演,专业学位,FULL_TIME,未公开,,8,8,2023,普通,,,CPEER数据集(考研真实录取),https://github.com/Younai2021/CPEER-Dataset,2023,数据来源于CPEER开放数据集，共8条考生记录，其中8人录取
北京理工大学,北京,085400,大数据技术与工程,专业学位,FULL_TIME,未公开,,5,5,2023,普通,,,CPEER数据集(考研真实录取),https://github.com/Younai2021/CPEER-Dataset,2023,数据来源于CPEER开放数据集，共5条考生记录，其中5人录取
北京理工大学,北京,081104,人工智能,专业学位,FULL_TIME,未公开,,7,7,2023,普通,,,CPEER数据集(考研真实录取),https://github.com/Younai2021/CPEER-Dataset,2023,数据来源于CPEER开放数据集，共7条考生记录，其中7人录取
北京理工大学,北京,081200,计算机科学与技术,专业学位,FULL_TIME,未公开,,47,47,2023,普通,,,CPEER数据集(考研真实录取),https://github.com/Younai2021/CPEER-Dataset,2023,数据来源于CPEER开放数据集，共47条考生记录，其中47人录取
北京理工大学,北京,085400,计算机技术,专业学位,FULL_TIME,未公开,,64,64,2023,普通,,,CPEER数据集(考研真实录取),https://github.com/Younai2021/CPEER-Dataset,2023,数据来源于CPEER开放数据集，共64条考生记录，其中64人录取
北京科技大学,北京,085400,仪器科学与技术,专业学位,FULL_TIME,未公开,,12,18,2023,普通,,,CPEER数据集(考研真实录取),https://github.com/Younai2021/CPEER-Dataset,2023,数据来源于CPEER开放数据集，共18条考生记录，其中12人录取
北京科技大学,北京,081100,控制科学与工程,专业学位,FULL_TIME,未公开,,28,36,2023,普通,,,CPEER数据集(考研真实录取),https://github.com/Younai2021/CPEER-Dataset,2023,数据来源于CPEER开放数据集，共36条考生记录，其中28人录取
北京科技大学,北京,085400,控制工程,专业学位,FULL_TIME,未公开,,77,109,2023,普通,,,CPEER数据集(考研真实录取),https://github.com/Younai2021/CPEER-Dataset,2023,数据来源于CPEER开放数据集，共109条考生记录，其中77人录取
北京科技大学,北京,085400,仪器仪表工程,专业学位,FULL_TIME,未公开,,26,38,2023,普通,,,CPEER数据集(考研真实录取),https://github.com/Younai2021/CPEER-Dataset,2023,数据来源于CPEER开放数据集，共38条考生记录，其中26人录取
北京科技大学,北京,081000,信息与通信工程,专业学位,FULL_TIME,未公开,,16,23,2023,普通,,,CPEER数据集(考研真实录取),https://github.com/Younai2021/CPEER-Dataset,2023,数据来源于CPEER开放数据集，共23条考生记录，其中16人录取
北京科技大学,北京,081200,计算机科学与技术,专业学位,FULL_TIME,未公开,,28,39,2023,普通,,,CPEER数据集(考研真实录取),https://github.com/Younai2021/CPEER-Dataset,2023,数据来源于CPEER开放数据集，共39条考生记录，其中28人录取
北京科技大学,北京,081000,通信工程,专业学位,FULL_TIME,未公开,,50,72,2023,普通,,,CPEER数据集(考研真实录取),https://github.com/Younai2021/CPEER-Dataset,2023,数据来源于CPEER开放数据集，共72条考生记录，其中50人录取
北京科技大学,北京,085400,计算机技术,专业学位,FULL_TIME,未公开,,40,57,2023,普通,,,CPEER数据集(考研真实录取),https://github.com/Younai2021/CPEER-Dataset,2023,数据来源于CPEER开放数据集，共57条考生记录，其中40人录取
北京航空航天大学,北京,085400,电子信息,专业学位,FULL_TIME,未公开,,210,245,2023,普通,,,CPEER数据集(考研真实录取),https://github.com/Younai2021/CPEER-Dataset,2023,数据来源于CPEER开放数据集，共245条考生记录，其中210人录取
北京航空航天大学,北京,081000,信息与通信工程,专业学位,FULL_TIME,未公开,,40,51,2023,普通,,,CPEER数据集(考研真实录取),https://github.com/Younai2021/CPEER-Dataset,2023,数据来源于CPEER开放数据集，共51条考生记录，其中40人录取
北京航空航天大学,北京,085400,电子科学与技术,专业学位,FULL_TIME,未公开,,16,16,2023,普通,,,CPEER数据集(考研真实录取),https://github.com/Younai2021/CPEER-Dataset,2023,数据来源于CPEER开放数据集，共16条考生记录，其中16人录取
北京航空航天大学,北京,085400,交通信息工程及控制,专业学位,FULL_TIME,未公开,,8,11,2023,普通,,,CPEER数据集(考研真实录取),https://github.com/Younai2021/CPEER-Dataset,2023,数据来源于CPEER开放数据集，共11条考生记录，其中8人录取
北京航空航天大学,北京,085400,光学工程,专业学位,FULL_TIME,未公开,,4,6,2023,普通,,,CPEER数据集(考研真实录取),https://github.com/Younai2021/CPEER-Dataset,2023,数据来源于CPEER开放数据集，共6条考生记录，其中4人录取
北京航空航天大学,北京,081200,计算机科学与技术,专业学位,FULL_TIME,未公开,,46,66,2023,普通,,,CPEER数据集(考研真实录取),https://github.com/Younai2021/CPEER-Dataset,2023,数据来源于CPEER开放数据集，共66条考生记录，其中46人录取
北京航空航天大学,北京,083500,软件工程,专业学位,FULL_TIME,未公开,,18,21,2023,普通,,,CPEER数据集(考研真实录取),https://github.com/Younai2021/CPEER-Dataset,2023,数据来源于CPEER开放数据集，共21条考生记录，其中18人录取
北京邮电大学,北京,085400,光电信息工程,专业学位,FULL_TIME,未公开,,2,3,2023,普通,,,CPEER数据集(考研真实录取),https://github.com/Younai2021/CPEER-Dataset,2023,数据来源于CPEER开放数据集，共3条考生记录，其中2人录取
北京邮电大学,北京,085400,光学工程,专业学位,FULL_TIME,未公开,,16,23,2023,普通,,,CPEER数据集(考研真实录取),https://github.com/Younai2021/CPEER-Dataset,2023,数据来源于CPEER开放数据集，共23条考生记录，其中16人录取
北京邮电大学,北京,085400,电子科学与技术,专业学位,FULL_TIME,未公开,,157,220,2023,普通,,,CPEER数据集(考研真实录取),https://github.com/Younai2021/CPEER-Dataset,2023,数据来源于CPEER开放数据集，共220条考生记录，其中157人录取
北京邮电大学,北京,085400,生物医学工程,专业学位,FULL_TIME,未公开,,5,10,2023,普通,,,CPEER数据集(考研真实录取),https://github.com/Younai2021/CPEER-Dataset,2023,数据来源于CPEER开放数据集，共10条考生记录，其中5人录取
北京邮电大学,北京,085400,新一代电子信息技术,专业学位,FULL_TIME,未公开,,214,302,2023,普通,,,CPEER数据集(考研真实录取),https://github.com/Younai2021/CPEER-Dataset,2023,数据来源于CPEER开放数据集，共302条考生记录，其中214人录取
北京邮电大学,北京,085400,计算机技术,专业学位,FULL_TIME,未公开,,4,4,2023,普通,,,CPEER数据集(考研真实录取),https://github.com/Younai2021/CPEER-Dataset,2023,数据来源于CPEER开放数据集，共4条考生记录，其中4人录取
北京邮电大学,北京,083500,软件工程,专业学位,FULL_TIME,未公开,,11,12,2023,普通,,,CPEER数据集(考研真实录取),https://github.com/Younai2021/CPEER-Dataset,2023,数据来源于CPEER开放数据集，共12条考生记录，其中11人录取
北京邮电大学,北京,081104,人工智能,专业学位,FULL_TIME,未公开,,124,148,2023,普通,,,CPEER数据集(考研真实录取),https://github.com/Younai2021/CPEER-Dataset,2023,数据来源于CPEER开放数据集，共148条考生记录，其中124人录取
北京邮电大学,北京,081100,控制科学与工程,专业学位,FULL_TIME,未公开,,26,31,2023,普通,,,CPEER数据集(考研真实录取),https://github.com/Younai2021/CPEER-Dataset,2023,数据来源于CPEER开放数据集，共31条考生记录，其中26人录取
北京邮电大学,北京,085400,智能科学与技术,专业学位,FULL_TIME,未公开,,30,38,2023,普通,,,CPEER数据集(考研真实录取),https://github.com/Younai2021/CPEER-Dataset,2023,数据来源于CPEER开放数据集，共38条考生记录，其中30人录取
北京邮电大学,北京,083900,网络空间安全,专业学位,FULL_TIME,未公开,,67,90,2023,普通,,,CPEER数据集(考研真实录取),https://github.com/Younai2021/CPEER-Dataset,2023,数据来源于CPEER开放数据集，共90条考生记录，其中67人录取
北京邮电大学,北京,085400,网络与信息安全,专业学位,FULL_TIME,未公开,,67,85,2023,普通,,,CPEER数据集(考研真实录取),https://github.com/Younai2021/CPEER-Dataset,2023,数据来源于CPEER开放数据集，共85条考生记录，其中67人录取
华东师范大学,上海,085400,计算机技术,专业学位,FULL_TIME,未公开,,70,70,2023,普通,,,CPEER数据集(考研真实录取),https://github.com/Younai2021/CPEER-Dataset,2023,数据来源于CPEER开放数据集，共70条考生记录，其中70人录取
华东师范大学,上海,081200,计算机科学与技术,专业学位,FULL_TIME,未公开,,71,71,2023,普通,,,CPEER数据集(考研真实录取),https://github.com/Younai2021/CPEER-Dataset,2023,数据来源于CPEER开放数据集，共71条考生记录，其中71人录取
华东师范大学,上海,083500,软件工程,专业学位,FULL_TIME,未公开,,246,246,2023,普通,,,CPEER数据集(考研真实录取),https://github.com/Younai2021/CPEER-Dataset,2023,数据来源于CPEER开放数据集，共246条考生记录，其中246人录取
华东师范大学,上海,085400,大数据技术与工程,专业学位,FULL_TIME,未公开,,82,82,2023,普通,,,CPEER数据集(考研真实录取),https://github.com/Younai2021/CPEER-Dataset,2023,数据来源于CPEER开放数据集，共82条考生记录，其中82人录取
华东师范大学,上海,0812J1,数据科学与工程,专业学位,FULL_TIME,未公开,,14,14,2023,普通,,,CPEER数据集(考研真实录取),https://github.com/Younai2021/CPEER-Dataset,2023,数据来源于CPEER开放数据集，共14条考生记录，其中14人录取
华东师范大学,上海,081000,通信工程,专业学位,FULL_TIME,未公开,,78,78,2023,普通,,,CPEER数据集(考研真实录取),https://github.com/Younai2021/CPEER-Dataset,2023,数据来源于CPEER开放数据集，共78条考生记录，其中78人录取
华东师范大学,上海,085400,集成电路工程,专业学位,FULL_TIME,未公开,,69,69,2023,普通,,,CPEER数据集(考研真实录取),https://github.com/Younai2021/CPEER-Dataset,2023,数据来源于CPEER开放数据集，共69条考生记录，其中69人录取
华东师范大学,上海,081000,信息与通信工程,专业学位,FULL_TIME,未公开,,12,12,2023,普通,,,CPEER数据集(考研真实录取),https://github.com/Younai2021/CPEER-Dataset,2023,数据来源于CPEER开放数据集，共12条考生记录，其中12人录取
华东师范大学,上海,085400,电子科学与技术,专业学位,FULL_TIME,未公开,,22,22,2023,普通,,,CPEER数据集(考研真实录取),https://github.com/Younai2021/CPEER-Dataset,2023,数据来源于CPEER开放数据集，共22条考生记录，其中22人录取
华东师范大学,上海,081104,人工智能,专业学位,FULL_TIME,未公开,,16,16,2023,普通,,,CPEER数据集(考研真实录取),https://github.com/Younai2021/CPEER-Dataset,2023,数据来源于CPEER开放数据集，共16条考生记录，其中16人录取
华中农业大学,湖北,081200,计算机科学与技术,专业学位,FULL_TIME,未公开,,32,32,2023,普通,,,CPEER数据集(考研真实录取),https://github.com/Younai2021/CPEER-Dataset,2023,数据来源于CPEER开放数据集，共32条考生记录，其中32人录取
华中师范大学,湖北,085400,教育技术学,专业学位,FULL_TIME,未公开,,44,57,2023,普通,,,CPEER数据集(考研真实录取),https://github.com/Younai2021/CPEER-Dataset,2023,数据来源于CPEER开放数据集，共57条考生记录，其中44人录取
华中师范大学,湖北,085400,数字媒体技术,专业学位,FULL_TIME,未公开,,10,12,2023,普通,,,CPEER数据集(考研真实录取),https://github.com/Younai2021/CPEER-Dataset,2023,数据来源于CPEER开放数据集，共12条考生记录，其中10人录取
华中师范大学,湖北,085400,科学传播与科学教育,专业学位,FULL_TIME,未公开,,6,6,2023,普通,,,CPEER数据集(考研真实录取),https://github.com/Younai2021/CPEER-Dataset,2023,数据来源于CPEER开放数据集，共6条考生记录，其中6人录取
华中师范大学,湖北,081104,人工智能,专业学位,FULL_TIME,未公开,,37,45,2023,普通,,,CPEER数据集(考研真实录取),https://github.com/Younai2021/CPEER-Dataset,2023,数据来源于CPEER开放数据集，共45条考生记录，其中37人录取
华中师范大学,湖北,085400,现代教育技术,专业学位,FULL_TIME,未公开,,40,51,2023,普通,,,CPEER数据集(考研真实录取),https://github.com/Younai2021/CPEER-Dataset,2023,数据来源于CPEER开放数据集，共51条考生记录，其中40人录取
华中师范大学,湖北,081200,计算机科学与技术,专业学位,FULL_TIME,未公开,,81,97,2023,普通,,,CPEER数据集(考研真实录取),https://github.com/Younai2021/CPEER-Dataset,2023,数据来源于CPEER开放数据集，共97条考生记录，其中81人录取
华中师范大学,湖北,085400,教育信息技术,专业学位,FULL_TIME,未公开,,6,6,2023,普通,,,CPEER数据集(考研真实录取),https://github.com/Younai2021/CPEER-Dataset,2023,数据来源于CPEER开放数据集，共6条考生记录，其中6人录取
华中师范大学,湖北,083500,软件工程,专业学位,FULL_TIME,未公开,,62,76,2023,普通,,,CPEER数据集(考研真实录取),https://github.com/Younai2021/CPEER-Dataset,2023,数据来源于CPEER开放数据集，共76条考生记录，其中62人录取
华中师范大学,湖北,085400,计算机技术,专业学位,FULL_TIME,未公开,,31,38,2023,普通,,,CPEER数据集(考研真实录取),https://github.com/Younai2021/CPEER-Dataset,2023,数据来源于CPEER开放数据集，共38条考生记录，其中31人录取
华中科技大学,湖北,081200,计算机科学与技术,专业学位,FULL_TIME,未公开,,40,42,2023,普通,,,CPEER数据集(考研真实录取),https://github.com/Younai2021/CPEER-Dataset,2023,数据来源于CPEER开放数据集，共42条考生记录，其中40人录取
华中科技大学,湖北,085400,计算机技术,专业学位,FULL_TIME,未公开,,209,214,2023,普通,,,CPEER数据集(考研真实录取),https://github.com/Younai2021/CPEER-Dataset,2023,数据来源于CPEER开放数据集，共214条考生记录，其中209人录取
华南理工大学,广东,081200,计算机科学与技术,专业学位,FULL_TIME,未公开,,32,32,2023,普通,,,CPEER数据集(考研真实录取),https://github.com/Younai2021/CPEER-Dataset,2023,数据来源于CPEER开放数据集，共32条考生记录，其中32人录取
华南理工大学,广东,085400,计算机技术,专业学位,FULL_TIME,未公开,,77,77,2023,普通,,,CPEER数据集(考研真实录取),https://github.com/Younai2021/CPEER-Dataset,2023,数据来源于CPEER开放数据集，共77条考生记录，其中77人录取
南京大学,江苏,083500,软件工程,专业学位,FULL_TIME,未公开,,104,129,2023,普通,,,CPEER数据集(考研真实录取),https://github.com/Younai2021/CPEER-Dataset,2023,数据来源于CPEER开放数据集，共129条考生记录，其中104人录取
南京大学,江苏,081104,人工智能,专业学位,FULL_TIME,未公开,,9,9,2023,普通,,,CPEER数据集(考研真实录取),https://github.com/Younai2021/CPEER-Dataset,2023,数据来源于CPEER开放数据集，共9条考生记录，其中9人录取
南京理工大学,江苏,085400,通信与信息系统,专业学位,FULL_TIME,未公开,,35,35,2023,普通,,,CPEER数据集(考研真实录取),https://github.com/Younai2021/CPEER-Dataset,2023,数据来源于CPEER开放数据集，共35条考生记录，其中35人录取
南京理工大学,江苏,085400,信号与信息处理,专业学位,FULL_TIME,未公开,,13,13,2023,普通,,,CPEER数据集(考研真实录取),https://github.com/Younai2021/CPEER-Dataset,2023,数据来源于CPEER开放数据集，共13条考生记录，其中13人录取
南京理工大学,江苏,085400,模式识别与智能系统,专业学位,FULL_TIME,未公开,,5,5,2023,普通,,,CPEER数据集(考研真实录取),https://github.com/Younai2021/CPEER-Dataset,2023,数据来源于CPEER开放数据集，共5条考生记录，其中5人录取
南京理工大学,江苏,081200,计算机科学与技术,专业学位,FULL_TIME,未公开,,8,8,2023,普通,,,CPEER数据集(考研真实录取),https://github.com/Younai2021/CPEER-Dataset,2023,数据来源于CPEER开放数据集，共8条考生记录，其中8人录取
南京航空航天大学,江苏,081000,信息与通信工程,专业学位,FULL_TIME,未公开,,16,16,2023,普通,,,CPEER数据集(考研真实录取),https://github.com/Younai2021/CPEER-Dataset,2023,数据来源于CPEER开放数据集，共16条考生记录，其中16人录取
南开大学,天津,085400,运筹学与控制论,专业学位,FULL_TIME,未公开,,5,5,2023,普通,,,CPEER数据集(考研真实录取),https://github.com/Younai2021/CPEER-Dataset,2023,数据来源于CPEER开放数据集，共5条考生记录，其中5人录取
南开大学,天津,081100,控制科学与工程,专业学位,FULL_TIME,未公开,,12,12,2023,普通,,,CPEER数据集(考研真实录取),https://github.com/Younai2021/CPEER-Dataset,2023,数据来源于CPEER开放数据集，共12条考生记录，其中12人录取
南开大学,天津,085400,电子信息,专业学位,FULL_TIME,未公开,,49,57,2023,普通,,,CPEER数据集(考研真实录取),https://github.com/Younai2021/CPEER-Dataset,2023,数据来源于CPEER开放数据集，共57条考生记录，其中49人录取
南开大学,天津,081200,计算机科学与技术,专业学位,FULL_TIME,未公开,,4,4,2023,普通,,,CPEER数据集(考研真实录取),https://github.com/Younai2021/CPEER-Dataset,2023,数据来源于CPEER开放数据集，共4条考生记录，其中4人录取
南开大学,天津,085400,计算机技术,专业学位,FULL_TIME,未公开,,5,5,2023,普通,,,CPEER数据集(考研真实录取),https://github.com/Younai2021/CPEER-Dataset,2023,数据来源于CPEER开放数据集，共5条考生记录，其中5人录取
南开大学,天津,083900,网络空间安全,专业学位,FULL_TIME,未公开,,1,2,2023,普通,,,CPEER数据集(考研真实录取),https://github.com/Younai2021/CPEER-Dataset,2023,数据来源于CPEER开放数据集，共2条考生记录，其中1人录取
南开大学,天津,085400,网络与信息安全,专业学位,FULL_TIME,未公开,,2,2,2023,普通,,,CPEER数据集(考研真实录取),https://github.com/Younai2021/CPEER-Dataset,2023,数据来源于CPEER开放数据集，共2条考生记录，其中2人录取
南开大学,天津,083500,软件工程,专业学位,FULL_TIME,未公开,,56,92,2023,普通,,,CPEER数据集(考研真实录取),https://github.com/Younai2021/CPEER-Dataset,2023,数据来源于CPEER开放数据集，共92条考生记录，其中56人录取
南开大学,天津,085400,应用统计,专业学位,FULL_TIME,未公开,,17,31,2023,普通,,,CPEER数据集(考研真实录取),https://github.com/Younai2021/CPEER-Dataset,2023,数据来源于CPEER开放数据集，共31条考生记录，其中17人录取
南昌大学,江西,081200,计算机科学与技术,专业学位,FULL_TIME,未公开,,28,28,2023,普通,,,CPEER数据集(考研真实录取),https://github.com/Younai2021/CPEER-Dataset,2023,数据来源于CPEER开放数据集，共28条考生记录，其中28人录取
南昌大学,江西,085400,计算机技术,专业学位,FULL_TIME,未公开,,100,100,2023,普通,,,CPEER数据集(考研真实录取),https://github.com/Younai2021/CPEER-Dataset,2023,数据来源于CPEER开放数据集，共100条考生记录，其中100人录取
南昌大学,江西,083500,软件工程,专业学位,FULL_TIME,未公开,,43,43,2023,普通,,,CPEER数据集(考研真实录取),https://github.com/Younai2021/CPEER-Dataset,2023,数据来源于CPEER开放数据集，共43条考生记录，其中43人录取
南昌大学,江西,085400,网络与信息安全,专业学位,FULL_TIME,未公开,,18,18,2023,普通,,,CPEER数据集(考研真实录取),https://github.com/Younai2021/CPEER-Dataset,2023,数据来源于CPEER开放数据集，共18条考生记录，其中18人录取
厦门大学,福建,081200,计算机科学与技术,专业学位,FULL_TIME,未公开,,10,10,2023,普通,,,CPEER数据集(考研真实录取),https://github.com/Younai2021/CPEER-Dataset,2023,数据来源于CPEER开放数据集，共10条考生记录，其中10人录取
厦门大学,福建,085400,计算机技术,专业学位,FULL_TIME,未公开,,40,40,2023,普通,,,CPEER数据集(考研真实录取),https://github.com/Younai2021/CPEER-Dataset,2023,数据来源于CPEER开放数据集，共40条考生记录，其中40人录取
厦门大学,福建,085400,智能科学与技术,专业学位,FULL_TIME,未公开,,3,3,2023,普通,,,CPEER数据集(考研真实录取),https://github.com/Younai2021/CPEER-Dataset,2023,数据来源于CPEER开放数据集，共3条考生记录，其中3人录取
厦门大学,福建,081104,人工智能,专业学位,FULL_TIME,未公开,,67,67,2023,普通,,,CPEER数据集(考研真实录取),https://github.com/Younai2021/CPEER-Dataset,2023,数据来源于CPEER开放数据集，共67条考生记录，其中67人录取
厦门大学,福建,083500,软件工程,专业学位,FULL_TIME,未公开,,9,9,2023,普通,,,CPEER数据集(考研真实录取),https://github.com/Younai2021/CPEER-Dataset,2023,数据来源于CPEER开放数据集，共9条考生记录，其中9人录取
同济大学,上海,085400,电气工程,专业学位,FULL_TIME,未公开,,18,28,2023,普通,,,CPEER数据集(考研真实录取),https://github.com/Younai2021/CPEER-Dataset,2023,数据来源于CPEER开放数据集，共28条考生记录，其中18人录取
同济大学,上海,085400,微电子科学与工程,专业学位,FULL_TIME,未公开,,7,7,2023,普通,,,CPEER数据集(考研真实录取),https://github.com/Younai2021/CPEER-Dataset,2023,数据来源于CPEER开放数据集，共7条考生记录，其中7人录取
同济大学,上海,085400,电子信息,专业学位,FULL_TIME,未公开,,63,78,2023,普通,,,CPEER数据集(考研真实录取),https://github.com/Younai2021/CPEER-Dataset,2023,数据来源于CPEER开放数据集，共78条考生记录，其中63人录取
同济大学,上海,081000,信息与通信工程,专业学位,FULL_TIME,未公开,,9,10,2023,普通,,,CPEER数据集(考研真实录取),https://github.com/Younai2021/CPEER-Dataset,2023,数据来源于CPEER开放数据集，共10条考生记录，其中9人录取
同济大学,上海,081100,控制科学与工程,专业学位,FULL_TIME,未公开,,41,46,2023,普通,,,CPEER数据集(考研真实录取),https://github.com/Younai2021/CPEER-Dataset,2023,数据来源于CPEER开放数据集，共46条考生记录，其中41人录取
同济大学,上海,085400,控制理论与控制工程,专业学位,FULL_TIME,未公开,,2,3,2023,普通,,,CPEER数据集(考研真实录取),https://github.com/Younai2021/CPEER-Dataset,2023,数据来源于CPEER开放数据集，共3条考生记录，其中2人录取
同济大学,上海,081200,计算机科学与技术,专业学位,FULL_TIME,未公开,,31,33,2023,普通,,,CPEER数据集(考研真实录取),https://github.com/Younai2021/CPEER-Dataset,2023,数据来源于CPEER开放数据集，共33条考生记录，其中31人录取
同济大学,上海,085400,智慧环境工程,专业学位,FULL_TIME,未公开,,1,1,2023,普通,,,CPEER数据集(考研真实录取),https://github.com/Younai2021/CPEER-Dataset,2023,数据来源于CPEER开放数据集，共1条考生记录，其中1人录取
同济大学,上海,085400,智慧农业与生态,专业学位,FULL_TIME,未公开,,3,3,2023,普通,,,CPEER数据集(考研真实录取),https://github.com/Younai2021/CPEER-Dataset,2023,数据来源于CPEER开放数据集，共3条考生记录，其中3人录取
哈尔滨工业大学,黑龙江,081200,计算机科学与技术,专业学位,FULL_TIME,未公开,,30,30,2023,普通,,,CPEER数据集(考研真实录取),https://github.com/Younai2021/CPEER-Dataset,2023,数据来源于CPEER开放数据集，共30条考生记录，其中30人录取
哈尔滨工业大学,黑龙江,085400,电子信息,专业学位,FULL_TIME,未公开,,184,184,2023,普通,,,CPEER数据集(考研真实录取),https://github.com/Younai2021/CPEER-Dataset,2023,数据来源于CPEER开放数据集，共184条考生记录，其中184人录取
哈尔滨工业大学,黑龙江,083500,软件工程,专业学位,FULL_TIME,未公开,,6,6,2023,普通,,,CPEER数据集(考研真实录取),https://github.com/Younai2021/CPEER-Dataset,2023,数据来源于CPEER开放数据集，共6条考生记录，其中6人录取
哈尔滨工业大学,黑龙江,083900,网络空间安全,专业学位,FULL_TIME,未公开,,5,5,2023,普通,,,CPEER数据集(考研真实录取),https://github.com/Younai2021/CPEER-Dataset,2023,数据来源于CPEER开放数据集，共5条考生记录，其中5人录取
四川大学,四川,081200,计算机科学与技术,专业学位,FULL_TIME,未公开,,20,20,2023,普通,,,CPEER数据集(考研真实录取),https://github.com/Younai2021/CPEER-Dataset,2023,数据来源于CPEER开放数据集，共20条考生记录，其中20人录取
四川大学,四川,083500,软件工程,专业学位,FULL_TIME,未公开,,15,15,2023,普通,,,CPEER数据集(考研真实录取),https://github.com/Younai2021/CPEER-Dataset,2023,数据来源于CPEER开放数据集，共15条考生记录，其中15人录取
四川大学,四川,085400,电子信息,专业学位,FULL_TIME,未公开,,118,118,2023,普通,,,CPEER数据集(考研真实录取),https://github.com/Younai2021/CPEER-Dataset,2023,数据来源于CPEER开放数据集，共118条考生记录，其中118人录取
大连海事大学,辽宁,081000,信息与通信工程,专业学位,FULL_TIME,未公开,,66,81,2023,普通,,,CPEER数据集(考研真实录取),https://github.com/Younai2021/CPEER-Dataset,2023,数据来源于CPEER开放数据集，共81条考生记录，其中66人录取
大连海事大学,辽宁,081200,计算机科学与技术,专业学位,FULL_TIME,未公开,,41,50,2023,普通,,,CPEER数据集(考研真实录取),https://github.com/Younai2021/CPEER-Dataset,2023,数据来源于CPEER开放数据集，共50条考生记录，其中41人录取
大连海事大学,辽宁,083500,软件工程,专业学位,FULL_TIME,未公开,,20,22,2023,普通,,,CPEER数据集(考研真实录取),https://github.com/Younai2021/CPEER-Dataset,2023,数据来源于CPEER开放数据集，共22条考生记录，其中20人录取
大连海事大学,辽宁,085400,新一代电子信息技术,专业学位,FULL_TIME,未公开,,23,23,2023,普通,,,CPEER数据集(考研真实录取),https://github.com/Younai2021/CPEER-Dataset,2023,数据来源于CPEER开放数据集，共23条考生记录，其中23人录取
大连海事大学,辽宁,081000,通信工程,专业学位,FULL_TIME,未公开,,47,53,2023,普通,,,CPEER数据集(考研真实录取),https://github.com/Younai2021/CPEER-Dataset,2023,数据来源于CPEER开放数据集，共53条考生记录，其中47人录取
大连海事大学,辽宁,085400,计算机技术,专业学位,FULL_TIME,未公开,,39,47,2023,普通,,,CPEER数据集(考研真实录取),https://github.com/Younai2021/CPEER-Dataset,2023,数据来源于CPEER开放数据集，共47条考生记录，其中39人录取
大连海事大学,辽宁,085400,光电信息工程,专业学位,FULL_TIME,未公开,,1,1,2023,普通,,,CPEER数据集(考研真实录取),https://github.com/Younai2021/CPEER-Dataset,2023,数据来源于CPEER开放数据集，共1条考生记录，其中1人录取
大连海事大学,辽宁,081104,人工智能,专业学位,FULL_TIME,未公开,,60,76,2023,普通,,,CPEER数据集(考研真实录取),https://github.com/Younai2021/CPEER-Dataset,2023,数据来源于CPEER开放数据集，共76条考生记录，其中60人录取
大连海事大学,辽宁,085400,大数据技术与工程,专业学位,FULL_TIME,未公开,,23,32,2023,普通,,,CPEER数据集(考研真实录取),https://github.com/Younai2021/CPEER-Dataset,2023,数据来源于CPEER开放数据集，共32条考生记录，其中23人录取
大连海事大学,辽宁,085400,网络与信息安全,专业学位,FULL_TIME,未公开,,20,24,2023,普通,,,CPEER数据集(考研真实录取),https://github.com/Younai2021/CPEER-Dataset,2023,数据来源于CPEER开放数据集，共24条考生记录，其中20人录取
天津大学,天津,085400,电子信息,专业学位,FULL_TIME,未公开,,82,120,2023,普通,,,CPEER数据集(考研真实录取),https://github.com/Younai2021/CPEER-Dataset,2023,数据来源于CPEER开放数据集，共120条考生记录，其中82人录取
天津大学,天津,081200,计算机科学与技术,专业学位,FULL_TIME,未公开,,1,1,2023,普通,,,CPEER数据集(考研真实录取),https://github.com/Younai2021/CPEER-Dataset,2023,数据来源于CPEER开放数据集，共1条考生记录，其中1人录取
宁夏大学,宁夏,085400,电子科学与技术,专业学位,FULL_TIME,未公开,,4,4,2023,普通,,,CPEER数据集(考研真实录取),https://github.com/Younai2021/CPEER-Dataset,2023,数据来源于CPEER开放数据集，共4条考生记录，其中4人录取
宁夏大学,宁夏,085400,新一代电子信息技术,专业学位,FULL_TIME,未公开,,25,25,2023,普通,,,CPEER数据集(考研真实录取),https://github.com/Younai2021/CPEER-Dataset,2023,数据来源于CPEER开放数据集，共25条考生记录，其中25人录取
宁夏大学,宁夏,081000,通信工程,专业学位,FULL_TIME,未公开,,35,35,2023,普通,,,CPEER数据集(考研真实录取),https://github.com/Younai2021/CPEER-Dataset,2023,数据来源于CPEER开放数据集，共35条考生记录，其中35人录取
宁夏大学,宁夏,081200,计算机科学与技术,专业学位,FULL_TIME,未公开,,19,19,2023,普通,,,CPEER数据集(考研真实录取),https://github.com/Younai2021/CPEER-Dataset,2023,数据来源于CPEER开放数据集，共19条考生记录，其中19人录取
宁夏大学,宁夏,085400,计算机技术,专业学位,FULL_TIME,未公开,,90,90,2023,普通,,,CPEER数据集(考研真实录取),https://github.com/Younai2021/CPEER-Dataset,2023,数据来源于CPEER开放数据集，共90条考生记录，其中90人录取
宁波大学,未知,085400,电子科学与技术,专业学位,FULL_TIME,未公开,,28,28,2023,普通,,,CPEER数据集(考研真实录取),https://github.com/Younai2021/CPEER-Dataset,2023,数据来源于CPEER开放数据集，共28条考生记录，其中28人录取
宁波大学,未知,085400,电子信息,专业学位,FULL_TIME,未公开,,28,28,2023,普通,,,CPEER数据集(考研真实录取),https://github.com/Younai2021/CPEER-Dataset,2023,数据来源于CPEER开放数据集，共28条考生记录，其中28人录取
宁波大学,未知,085400,光电信息工程,专业学位,FULL_TIME,未公开,,107,107,2023,普通,,,CPEER数据集(考研真实录取),https://github.com/Younai2021/CPEER-Dataset,2023,数据来源于CPEER开放数据集，共107条考生记录，其中107人录取
宁波大学,未知,085400,集成电路工程,专业学位,FULL_TIME,未公开,,65,65,2023,普通,,,CPEER数据集(考研真实录取),https://github.com/Younai2021/CPEER-Dataset,2023,数据来源于CPEER开放数据集，共65条考生记录，其中65人录取
宁波大学,未知,085400,计算机技术,专业学位,FULL_TIME,未公开,,63,63,2023,普通,,,CPEER数据集(考研真实录取),https://github.com/Younai2021/CPEER-Dataset,2023,数据来源于CPEER开放数据集，共63条考生记录，其中63人录取
宁波大学,未知,081200,计算机科学与技术,专业学位,FULL_TIME,未公开,,24,24,2023,普通,,,CPEER数据集(考研真实录取),https://github.com/Younai2021/CPEER-Dataset,2023,数据来源于CPEER开放数据集，共24条考生记录，其中24人录取
宁波大学,未知,081000,通信工程,专业学位,FULL_TIME,未公开,,92,92,2023,普通,,,CPEER数据集(考研真实录取),https://github.com/Younai2021/CPEER-Dataset,2023,数据来源于CPEER开放数据集，共92条考生记录，其中92人录取
宁波大学,未知,081000,信息与通信工程,专业学位,FULL_TIME,未公开,,45,45,2023,普通,,,CPEER数据集(考研真实录取),https://github.com/Younai2021/CPEER-Dataset,2023,数据来源于CPEER开放数据集，共45条考生记录，其中45人录取
安徽大学,安徽,083500,软件工程,专业学位,FULL_TIME,未公开,,79,79,2023,普通,,,CPEER数据集(考研真实录取),https://github.com/Younai2021/CPEER-Dataset,2023,数据来源于CPEER开放数据集，共79条考生记录，其中79人录取
安徽大学,安徽,081200,计算机科学与技术,专业学位,FULL_TIME,未公开,,110,110,2023,普通,,,CPEER数据集(考研真实录取),https://github.com/Younai2021/CPEER-Dataset,2023,数据来源于CPEER开放数据集，共110条考生记录，其中110人录取
安徽大学,安徽,085400,计算机技术,专业学位,FULL_TIME,未公开,,143,143,2023,普通,,,CPEER数据集(考研真实录取),https://github.com/Younai2021/CPEER-Dataset,2023,数据来源于CPEER开放数据集，共143条考生记录，其中143人录取
安徽大学,安徽,081104,人工智能,专业学位,FULL_TIME,未公开,,84,84,2023,普通,,,CPEER数据集(考研真实录取),https://github.com/Younai2021/CPEER-Dataset,2023,数据来源于CPEER开放数据集，共84条考生记录，其中84人录取
安徽大学,安徽,085400,统计学,专业学位,FULL_TIME,未公开,,16,16,2023,普通,,,CPEER数据集(考研真实录取),https://github.com/Younai2021/CPEER-Dataset,2023,数据来源于CPEER开放数据集，共16条考生记录，其中16人录取
安徽大学,安徽,085400,应用统计,专业学位,FULL_TIME,未公开,,85,85,2023,普通,,,CPEER数据集(考研真实录取),https://github.com/Younai2021/CPEER-Dataset,2023,数据来源于CPEER开放数据集，共85条考生记录，其中85人录取
安徽大学,安徽,085400,电子信息,专业学位,FULL_TIME,未公开,,75,75,2023,普通,,,CPEER数据集(考研真实录取),https://github.com/Younai2021/CPEER-Dataset,2023,数据来源于CPEER开放数据集，共75条考生记录，其中75人录取
广西大学,广西,081200,计算机科学与技术,专业学位,FULL_TIME,未公开,,48,48,2023,普通,,,CPEER数据集(考研真实录取),https://github.com/Younai2021/CPEER-Dataset,2023,数据来源于CPEER开放数据集，共48条考生记录，其中48人录取
广西大学,广西,085400,新一代电子信息技术,专业学位,FULL_TIME,未公开,,15,15,2023,普通,,,CPEER数据集(考研真实录取),https://github.com/Younai2021/CPEER-Dataset,2023,数据来源于CPEER开放数据集，共15条考生记录，其中15人录取
广西大学,广西,081000,通信工程,专业学位,FULL_TIME,未公开,,18,18,2023,普通,,,CPEER数据集(考研真实录取),https://github.com/Younai2021/CPEER-Dataset,2023,数据来源于CPEER开放数据集，共18条考生记录，其中18人录取
广西大学,广西,085400,计算机技术,专业学位,FULL_TIME,未公开,,97,97,2023,普通,,,CPEER数据集(考研真实录取),https://github.com/Younai2021/CPEER-Dataset,2023,数据来源于CPEER开放数据集，共97条考生记录，其中97人录取
广西大学,广西,081104,人工智能,专业学位,FULL_TIME,未公开,,26,26,2023,普通,,,CPEER数据集(考研真实录取),https://github.com/Younai2021/CPEER-Dataset,2023,数据来源于CPEER开放数据集，共26条考生记录，其中26人录取
延边大学,吉林,081200,计算机科学与技术,专业学位,FULL_TIME,未公开,,12,12,2023,普通,,,CPEER数据集(考研真实录取),https://github.com/Younai2021/CPEER-Dataset,2023,数据来源于CPEER开放数据集，共12条考生记录，其中12人录取
延边大学,吉林,085400,新一代电子信息技术,专业学位,FULL_TIME,未公开,,20,20,2023,普通,,,CPEER数据集(考研真实录取),https://github.com/Younai2021/CPEER-Dataset,2023,数据来源于CPEER开放数据集，共20条考生记录，其中20人录取
延边大学,吉林,085400,计算机技术,专业学位,FULL_TIME,未公开,,21,21,2023,普通,,,CPEER数据集(考研真实录取),https://github.com/Younai2021/CPEER-Dataset,2023,数据来源于CPEER开放数据集，共21条考生记录，其中21人录取
成都理工大学,未知,081200,计算机科学与技术,专业学位,FULL_TIME,未公开,,36,36,2023,普通,,,CPEER数据集(考研真实录取),https://github.com/Younai2021/CPEER-Dataset,2023,数据来源于CPEER开放数据集，共36条考生记录，其中36人录取
成都理工大学,未知,083900,网络空间安全,专业学位,FULL_TIME,未公开,,5,5,2023,普通,,,CPEER数据集(考研真实录取),https://github.com/Younai2021/CPEER-Dataset,2023,数据来源于CPEER开放数据集，共5条考生记录，其中5人录取
成都理工大学,未知,085400,计算机技术,专业学位,FULL_TIME,未公开,,17,17,2023,普通,,,CPEER数据集(考研真实录取),https://github.com/Younai2021/CPEER-Dataset,2023,数据来源于CPEER开放数据集，共17条考生记录，其中17人录取
成都理工大学,未知,083500,软件工程,专业学位,FULL_TIME,未公开,,22,22,2023,普通,,,CPEER数据集(考研真实录取),https://github.com/Younai2021/CPEER-Dataset,2023,数据来源于CPEER开放数据集，共22条考生记录，其中22人录取
成都理工大学,未知,081104,人工智能,专业学位,FULL_TIME,未公开,,12,12,2023,普通,,,CPEER数据集(考研真实录取),https://github.com/Younai2021/CPEER-Dataset,2023,数据来源于CPEER开放数据集，共12条考生记录，其中12人录取
成都理工大学,未知,085400,大数据技术与工程,专业学位,FULL_TIME,未公开,,10,10,2023,普通,,,CPEER数据集(考研真实录取),https://github.com/Younai2021/CPEER-Dataset,2023,数据来源于CPEER开放数据集，共10条考生记录，其中10人录取
成都理工大学,未知,085400,网络与信息安全,专业学位,FULL_TIME,未公开,,15,15,2023,普通,,,CPEER数据集(考研真实录取),https://github.com/Younai2021/CPEER-Dataset,2023,数据来源于CPEER开放数据集，共15条考生记录，其中15人录取
新疆大学,新疆,083500,软件工程,专业学位,FULL_TIME,未公开,,19,23,2023,普通,,,CPEER数据集(考研真实录取),https://github.com/Younai2021/CPEER-Dataset,2023,数据来源于CPEER开放数据集，共23条考生记录，其中19人录取
新疆大学,新疆,085400,电子信息,专业学位,FULL_TIME,未公开,,93,137,2023,普通,,,CPEER数据集(考研真实录取),https://github.com/Younai2021/CPEER-Dataset,2023,数据来源于CPEER开放数据集，共137条考生记录，其中93人录取
新疆大学,新疆,085400,计算机技术,专业学位,FULL_TIME,未公开,,161,236,2023,普通,,,CPEER数据集(考研真实录取),https://github.com/Younai2021/CPEER-Dataset,2023,数据来源于CPEER开放数据集，共236条考生记录，其中161人录取
新疆大学,新疆,081000,信息与通信工程,专业学位,FULL_TIME,未公开,,16,21,2023,普通,,,CPEER数据集(考研真实录取),https://github.com/Younai2021/CPEER-Dataset,2023,数据来源于CPEER开放数据集，共21条考生记录，其中16人录取
新疆大学,新疆,081200,计算机科学与技术,专业学位,FULL_TIME,未公开,,41,52,2023,普通,,,CPEER数据集(考研真实录取),https://github.com/Younai2021/CPEER-Dataset,2023,数据来源于CPEER开放数据集，共52条考生记录，其中41人录取
武汉大学,湖北,085400,通信与信息系统,专业学位,FULL_TIME,未公开,,1,1,2023,普通,,,CPEER数据集(考研真实录取),https://github.com/Younai2021/CPEER-Dataset,2023,数据来源于CPEER开放数据集，共1条考生记录，其中1人录取
武汉大学,湖北,081200,计算机科学与技术,专业学位,FULL_TIME,未公开,,3,3,2023,普通,,,CPEER数据集(考研真实录取),https://github.com/Younai2021/CPEER-Dataset,2023,数据来源于CPEER开放数据集，共3条考生记录，其中3人录取
武汉大学,湖北,085400,计算机技术,专业学位,FULL_TIME,未公开,,15,16,2023,普通,,,CPEER数据集(考研真实录取),https://github.com/Younai2021/CPEER-Dataset,2023,数据来源于CPEER开放数据集，共16条考生记录，其中15人录取
武汉大学,湖北,083500,软件工程,专业学位,FULL_TIME,未公开,,22,22,2023,普通,,,CPEER数据集(考研真实录取),https://github.com/Younai2021/CPEER-Dataset,2023,数据来源于CPEER开放数据集，共22条考生记录，其中22人录取
武汉大学,湖北,081104,人工智能,专业学位,FULL_TIME,未公开,,9,10,2023,普通,,,CPEER数据集(考研真实录取),https://github.com/Younai2021/CPEER-Dataset,2023,数据来源于CPEER开放数据集，共10条考生记录，其中9人录取
武汉大学,湖北,085400,空间物理学,专业学位,FULL_TIME,未公开,,17,17,2023,普通,,,CPEER数据集(考研真实录取),https://github.com/Younai2021/CPEER-Dataset,2023,数据来源于CPEER开放数据集，共17条考生记录，其中17人录取
武汉大学,湖北,085400,空间探测与信息处理技术,专业学位,FULL_TIME,未公开,,2,2,2023,普通,,,CPEER数据集(考研真实录取),https://github.com/Younai2021/CPEER-Dataset,2023,数据来源于CPEER开放数据集，共2条考生记录，其中2人录取
武汉大学,湖北,081000,信息与通信工程,专业学位,FULL_TIME,未公开,,2,2,2023,普通,,,CPEER数据集(考研真实录取),https://github.com/Younai2021/CPEER-Dataset,2023,数据来源于CPEER开放数据集，共2条考生记录，其中2人录取
武汉大学,湖北,085400,光学工程,专业学位,FULL_TIME,未公开,,1,1,2023,普通,,,CPEER数据集(考研真实录取),https://github.com/Younai2021/CPEER-Dataset,2023,数据来源于CPEER开放数据集，共1条考生记录，其中1人录取
武汉大学,湖北,085400,无线电物理,专业学位,FULL_TIME,未公开,,1,1,2023,普通,,,CPEER数据集(考研真实录取),https://github.com/Younai2021/CPEER-Dataset,2023,数据来源于CPEER开放数据集，共1条考生记录，其中1人录取
武汉大学,湖北,085400,仪器科学与技术,专业学位,FULL_TIME,未公开,,3,3,2023,普通,,,CPEER数据集(考研真实录取),https://github.com/Younai2021/CPEER-Dataset,2023,数据来源于CPEER开放数据集，共3条考生记录，其中3人录取
武汉大学,湖北,085400,电子科学与技术,专业学位,FULL_TIME,未公开,,5,5,2023,普通,,,CPEER数据集(考研真实录取),https://github.com/Younai2021/CPEER-Dataset,2023,数据来源于CPEER开放数据集，共5条考生记录，其中5人录取
武汉大学,湖北,085400,电子信息,专业学位,FULL_TIME,未公开,,60,60,2023,普通,,,CPEER数据集(考研真实录取),https://github.com/Younai2021/CPEER-Dataset,2023,数据来源于CPEER开放数据集，共60条考生记录，其中60人录取
武汉大学,湖北,085400,电气工程,专业学位,FULL_TIME,未公开,,59,129,2023,普通,,,CPEER数据集(考研真实录取),https://github.com/Younai2021/CPEER-Dataset,2023,数据来源于CPEER开放数据集，共129条考生记录，其中59人录取
武汉大学,湖北,085400,控制理论与控制工程,专业学位,FULL_TIME,未公开,,1,1,2023,普通,,,CPEER数据集(考研真实录取),https://github.com/Younai2021/CPEER-Dataset,2023,数据来源于CPEER开放数据集，共1条考生记录，其中1人录取
武汉大学,湖北,085400,控制工程,专业学位,FULL_TIME,未公开,,8,8,2023,普通,,,CPEER数据集(考研真实录取),https://github.com/Younai2021/CPEER-Dataset,2023,数据来源于CPEER开放数据集，共8条考生记录，其中8人录取
武汉大学,湖北,085400,地图学与地理信息系统,专业学位,FULL_TIME,未公开,,3,3,2023,普通,,,CPEER数据集(考研真实录取),https://github.com/Younai2021/CPEER-Dataset,2023,数据来源于CPEER开放数据集，共3条考生记录，其中3人录取
武汉大学,湖北,085400,地图制图学与地理信息工程,专业学位,FULL_TIME,未公开,,1,1,2023,普通,,,CPEER数据集(考研真实录取),https://github.com/Younai2021/CPEER-Dataset,2023,数据来源于CPEER开放数据集，共1条考生记录，其中1人录取
武汉大学,湖北,085400,摄影测量与遥感,专业学位,FULL_TIME,未公开,,1,1,2023,普通,,,CPEER数据集(考研真实录取),https://github.com/Younai2021/CPEER-Dataset,2023,数据来源于CPEER开放数据集，共1条考生记录，其中1人录取
武汉大学,湖北,081203,计算机应用技术,专业学位,FULL_TIME,未公开,,1,1,2023,普通,,,CPEER数据集(考研真实录取),https://github.com/Younai2021/CPEER-Dataset,2023,数据来源于CPEER开放数据集，共1条考生记录，其中1人录取
武汉大学,湖北,085400,资源与环境,专业学位,FULL_TIME,未公开,,18,19,2023,普通,,,CPEER数据集(考研真实录取),https://github.com/Younai2021/CPEER-Dataset,2023,数据来源于CPEER开放数据集，共19条考生记录，其中18人录取
武汉大学,湖北,083900,网络空间安全,专业学位,FULL_TIME,未公开,,39,50,2023,普通,,,CPEER数据集(考研真实录取),https://github.com/Younai2021/CPEER-Dataset,2023,数据来源于CPEER开放数据集，共50条考生记录，其中39人录取
江南大学,江苏,085400,电气工程,专业学位,FULL_TIME,未公开,,38,38,2023,普通,,,CPEER数据集(考研真实录取),https://github.com/Younai2021/CPEER-Dataset,2023,数据来源于CPEER开放数据集，共38条考生记录，其中38人录取
江南大学,江苏,085400,电子科学与技术,专业学位,FULL_TIME,未公开,,14,14,2023,普通,,,CPEER数据集(考研真实录取),https://github.com/Younai2021/CPEER-Dataset,2023,数据来源于CPEER开放数据集，共14条考生记录，其中14人录取
江南大学,江苏,085400,集成电路工程,专业学位,FULL_TIME,未公开,,46,46,2023,普通,,,CPEER数据集(考研真实录取),https://github.com/Younai2021/CPEER-Dataset,2023,数据来源于CPEER开放数据集，共46条考生记录，其中46人录取
江南大学,江苏,085400,控制工程,专业学位,FULL_TIME,未公开,,66,66,2023,普通,,,CPEER数据集(考研真实录取),https://github.com/Younai2021/CPEER-Dataset,2023,数据来源于CPEER开放数据集，共66条考生记录，其中66人录取
江南大学,江苏,081100,控制科学与工程,专业学位,FULL_TIME,未公开,,35,35,2023,普通,,,CPEER数据集(考研真实录取),https://github.com/Younai2021/CPEER-Dataset,2023,数据来源于CPEER开放数据集，共35条考生记录，其中35人录取
江南大学,江苏,081000,通信工程,专业学位,FULL_TIME,未公开,,26,26,2023,普通,,,CPEER数据集(考研真实录取),https://github.com/Younai2021/CPEER-Dataset,2023,数据来源于CPEER开放数据集，共26条考生记录，其中26人录取
江南大学,江苏,085400,新一代电子信息技术,专业学位,FULL_TIME,未公开,,23,23,2023,普通,,,CPEER数据集(考研真实录取),https://github.com/Younai2021/CPEER-Dataset,2023,数据来源于CPEER开放数据集，共23条考生记录，其中23人录取
江南大学,江苏,081200,计算机科学与技术,专业学位,FULL_TIME,未公开,,36,36,2023,普通,,,CPEER数据集(考研真实录取),https://github.com/Younai2021/CPEER-Dataset,2023,数据来源于CPEER开放数据集，共36条考生记录，其中36人录取
江南大学,江苏,083500,软件工程,专业学位,FULL_TIME,未公开,,79,79,2023,普通,,,CPEER数据集(考研真实录取),https://github.com/Younai2021/CPEER-Dataset,2023,数据来源于CPEER开放数据集，共79条考生记录，其中79人录取
江南大学,江苏,085400,计算机技术,专业学位,FULL_TIME,未公开,,72,72,2023,普通,,,CPEER数据集(考研真实录取),https://github.com/Younai2021/CPEER-Dataset,2023,数据来源于CPEER开放数据集，共72条考生记录，其中72人录取
江南大学,江苏,081104,人工智能,专业学位,FULL_TIME,未公开,,56,56,2023,普通,,,CPEER数据集(考研真实录取),https://github.com/Younai2021/CPEER-Dataset,2023,数据来源于CPEER开放数据集，共56条考生记录，其中56人录取
河北工业大学,河北,081200,计算机科学与技术,专业学位,FULL_TIME,未公开,,48,48,2023,普通,,,CPEER数据集(考研真实录取),https://github.com/Younai2021/CPEER-Dataset,2023,数据来源于CPEER开放数据集，共48条考生记录，其中48人录取
河北工业大学,河北,085400,计算机技术,专业学位,FULL_TIME,未公开,,67,67,2023,普通,,,CPEER数据集(考研真实录取),https://github.com/Younai2021/CPEER-Dataset,2023,数据来源于CPEER开放数据集，共67条考生记录，其中67人录取
河北工业大学,河北,081104,人工智能,专业学位,FULL_TIME,未公开,,49,49,2023,普通,,,CPEER数据集(考研真实录取),https://github.com/Younai2021/CPEER-Dataset,2023,数据来源于CPEER开放数据集，共49条考生记录，其中49人录取
河海大学,江苏,085400,信号与信息处理,专业学位,FULL_TIME,未公开,,36,36,2023,普通,,,CPEER数据集(考研真实录取),https://github.com/Younai2021/CPEER-Dataset,2023,数据来源于CPEER开放数据集，共36条考生记录，其中36人录取
河海大学,江苏,085400,模式识别与智能系统,专业学位,FULL_TIME,未公开,,3,3,2023,普通,,,CPEER数据集(考研真实录取),https://github.com/Younai2021/CPEER-Dataset,2023,数据来源于CPEER开放数据集，共3条考生记录，其中3人录取
河海大学,江苏,081200,计算机科学与技术,专业学位,FULL_TIME,未公开,,21,21,2023,普通,,,CPEER数据集(考研真实录取),https://github.com/Younai2021/CPEER-Dataset,2023,数据来源于CPEER开放数据集，共21条考生记录，其中21人录取
河海大学,江苏,083500,软件工程,专业学位,FULL_TIME,未公开,,22,22,2023,普通,,,CPEER数据集(考研真实录取),https://github.com/Younai2021/CPEER-Dataset,2023,数据来源于CPEER开放数据集，共22条考生记录，其中22人录取
河海大学,江苏,085400,电子信息,专业学位,FULL_TIME,未公开,,267,267,2023,普通,,,CPEER数据集(考研真实录取),https://github.com/Younai2021/CPEER-Dataset,2023,数据来源于CPEER开放数据集，共267条考生记录，其中267人录取
河海大学,江苏,085400,电子科学与技术,专业学位,FULL_TIME,未公开,,9,9,2023,普通,,,CPEER数据集(考研真实录取),https://github.com/Younai2021/CPEER-Dataset,2023,数据来源于CPEER开放数据集，共9条考生记录，其中9人录取
河海大学,江苏,085400,通信与信息系统,专业学位,FULL_TIME,未公开,,23,23,2023,普通,,,CPEER数据集(考研真实录取),https://github.com/Younai2021/CPEER-Dataset,2023,数据来源于CPEER开放数据集，共23条考生记录，其中23人录取
河海大学,江苏,085400,物联网技术与应用,专业学位,FULL_TIME,未公开,,8,8,2023,普通,,,CPEER数据集(考研真实录取),https://github.com/Younai2021/CPEER-Dataset,2023,数据来源于CPEER开放数据集，共8条考生记录，其中8人录取
河海大学,江苏,085400,检测技术与自动化装置,专业学位,FULL_TIME,未公开,,9,9,2023,普通,,,CPEER数据集(考研真实录取),https://github.com/Younai2021/CPEER-Dataset,2023,数据来源于CPEER开放数据集，共9条考生记录，其中9人录取
海南大学,海南,081200,计算机科学与技术,专业学位,FULL_TIME,未公开,,20,20,2023,普通,,,CPEER数据集(考研真实录取),https://github.com/Younai2021/CPEER-Dataset,2023,数据来源于CPEER开放数据集，共20条考生记录，其中20人录取
海南大学,海南,083500,软件工程,专业学位,FULL_TIME,未公开,,45,45,2023,普通,,,CPEER数据集(考研真实录取),https://github.com/Younai2021/CPEER-Dataset,2023,数据来源于CPEER开放数据集，共45条考生记录，其中45人录取
清华大学,北京,081200,计算机科学与技术,专业学位,FULL_TIME,未公开,,17,17,2023,普通,,,CPEER数据集(考研真实录取),https://github.com/Younai2021/CPEER-Dataset,2023,数据来源于CPEER开放数据集，共17条考生记录，其中17人录取
清华大学,北京,085400,电子科学与技术,专业学位,FULL_TIME,未公开,,3,3,2023,普通,,,CPEER数据集(考研真实录取),https://github.com/Younai2021/CPEER-Dataset,2023,数据来源于CPEER开放数据集，共3条考生记录，其中3人录取
清华大学,北京,081000,信息与通信工程,专业学位,FULL_TIME,未公开,,10,10,2023,普通,,,CPEER数据集(考研真实录取),https://github.com/Younai2021/CPEER-Dataset,2023,数据来源于CPEER开放数据集，共10条考生记录，其中10人录取
清华大学,北京,085400,电子信息,专业学位,FULL_TIME,未公开,,29,29,2023,普通,,,CPEER数据集(考研真实录取),https://github.com/Younai2021/CPEER-Dataset,2023,数据来源于CPEER开放数据集，共29条考生记录，其中29人录取
湖南师范大学,湖南,085400,电子科学与技术,专业学位,FULL_TIME,未公开,,6,7,2023,普通,,,CPEER数据集(考研真实录取),https://github.com/Younai2021/CPEER-Dataset,2023,数据来源于CPEER开放数据集，共7条考生记录，其中6人录取
湖南师范大学,湖南,081200,计算机科学与技术,专业学位,FULL_TIME,未公开,,13,16,2023,普通,,,CPEER数据集(考研真实录取),https://github.com/Younai2021/CPEER-Dataset,2023,数据来源于CPEER开放数据集，共16条考生记录，其中13人录取
湖南师范大学,湖南,083500,软件工程,专业学位,FULL_TIME,未公开,,37,47,2023,普通,,,CPEER数据集(考研真实录取),https://github.com/Younai2021/CPEER-Dataset,2023,数据来源于CPEER开放数据集，共47条考生记录，其中37人录取
湖南师范大学,湖南,081000,通信工程,专业学位,FULL_TIME,未公开,,12,15,2023,普通,,,CPEER数据集(考研真实录取),https://github.com/Younai2021/CPEER-Dataset,2023,数据来源于CPEER开放数据集，共15条考生记录，其中12人录取
湖南师范大学,湖南,085400,计算机技术,专业学位,FULL_TIME,未公开,,26,30,2023,普通,,,CPEER数据集(考研真实录取),https://github.com/Younai2021/CPEER-Dataset,2023,数据来源于CPEER开放数据集，共30条考生记录，其中26人录取
湖南师范大学,湖南,081104,人工智能,专业学位,FULL_TIME,未公开,,23,28,2023,普通,,,CPEER数据集(考研真实录取),https://github.com/Younai2021/CPEER-Dataset,2023,数据来源于CPEER开放数据集，共28条考生记录，其中23人录取
电子科技大学,四川,083500,软件工程,专业学位,FULL_TIME,未公开,,150,150,2023,普通,,,CPEER数据集(考研真实录取),https://github.com/Younai2021/CPEER-Dataset,2023,数据来源于CPEER开放数据集，共150条考生记录，其中150人录取
电子科技大学,四川,081000,信息与通信工程,专业学位,FULL_TIME,未公开,,120,120,2023,普通,,,CPEER数据集(考研真实录取),https://github.com/Younai2021/CPEER-Dataset,2023,数据来源于CPEER开放数据集，共120条考生记录，其中120人录取
电子科技大学,四川,085400,电子信息,专业学位,FULL_TIME,未公开,,276,276,2023,普通,,,CPEER数据集(考研真实录取),https://github.com/Younai2021/CPEER-Dataset,2023,数据来源于CPEER开放数据集，共276条考生记录，其中276人录取
电子科技大学,四川,085400,新一代电子信息技术,专业学位,FULL_TIME,未公开,,2,2,2023,普通,,,CPEER数据集(考研真实录取),https://github.com/Younai2021/CPEER-Dataset,2023,数据来源于CPEER开放数据集，共2条考生记录，其中2人录取
电子科技大学,四川,081200,计算机科学与技术,专业学位,FULL_TIME,未公开,,108,108,2023,普通,,,CPEER数据集(考研真实录取),https://github.com/Younai2021/CPEER-Dataset,2023,数据来源于CPEER开放数据集，共108条考生记录，其中108人录取
电子科技大学,四川,083900,网络空间安全,专业学位,FULL_TIME,未公开,,22,22,2023,普通,,,CPEER数据集(考研真实录取),https://github.com/Younai2021/CPEER-Dataset,2023,数据来源于CPEER开放数据集，共22条考生记录，其中22人录取
电子科技大学,四川,085400,计算机技术,专业学位,FULL_TIME,未公开,,128,128,2023,普通,,,CPEER数据集(考研真实录取),https://github.com/Younai2021/CPEER-Dataset,2023,数据来源于CPEER开放数据集，共128条考生记录，其中128人录取
电子科技大学(深圳),未知,085400,电子信息,专业学位,FULL_TIME,未公开,,53,53,2023,普通,,,CPEER数据集(考研真实录取),https://github.com/Younai2021/CPEER-Dataset,2023,数据来源于CPEER开放数据集，共53条考生记录，其中53人录取
电子科技大学(深圳),未知,085400,机械,专业学位,FULL_TIME,未公开,,8,8,2023,普通,,,CPEER数据集(考研真实录取),https://github.com/Younai2021/CPEER-Dataset,2023,数据来源于CPEER开放数据集，共8条考生记录，其中8人录取
电子科技大学(深圳),未知,085400,集成电路工程,专业学位,FULL_TIME,未公开,,16,16,2023,普通,,,CPEER数据集(考研真实录取),https://github.com/Younai2021/CPEER-Dataset,2023,数据来源于CPEER开放数据集，共16条考生记录，其中16人录取
电子科技大学(深圳),未知,085400,计算机技术,专业学位,FULL_TIME,未公开,,38,38,2023,普通,,,CPEER数据集(考研真实录取),https://github.com/Younai2021/CPEER-Dataset,2023,数据来源于CPEER开放数据集，共38条考生记录，其中38人录取
电子科技大学(深圳),未知,085400,控制工程,专业学位,FULL_TIME,未公开,,26,26,2023,普通,,,CPEER数据集(考研真实录取),https://github.com/Younai2021/CPEER-Dataset,2023,数据来源于CPEER开放数据集，共26条考生记录，其中26人录取
电子科技大学(深圳),未知,085400,新一代电子信息技术,专业学位,FULL_TIME,未公开,,11,11,2023,普通,,,CPEER数据集(考研真实录取),https://github.com/Younai2021/CPEER-Dataset,2023,数据来源于CPEER开放数据集，共11条考生记录，其中11人录取
电子科技大学(深圳),未知,085400,仪器仪表工程,专业学位,FULL_TIME,未公开,,36,36,2023,普通,,,CPEER数据集(考研真实录取),https://github.com/Younai2021/CPEER-Dataset,2023,数据来源于CPEER开放数据集，共36条考生记录，其中36人录取
福州大学,福建,083500,软件工程,专业学位,FULL_TIME,未公开,,41,50,2023,普通,,,CPEER数据集(考研真实录取),https://github.com/Younai2021/CPEER-Dataset,2023,数据来源于CPEER开放数据集，共50条考生记录，其中41人录取
福州大学,福建,081200,计算机科学与技术,专业学位,FULL_TIME,未公开,,40,49,2023,普通,,,CPEER数据集(考研真实录取),https://github.com/Younai2021/CPEER-Dataset,2023,数据来源于CPEER开放数据集，共49条考生记录，其中40人录取
福州大学,福建,085400,计算机技术,专业学位,FULL_TIME,未公开,,125,147,2023,普通,,,CPEER数据集(考研真实录取),https://github.com/Younai2021/CPEER-Dataset,2023,数据来源于CPEER开放数据集，共147条考生记录，其中125人录取
福州大学,福建,081104,人工智能,专业学位,FULL_TIME,未公开,,45,56,2023,普通,,,CPEER数据集(考研真实录取),https://github.com/Younai2021/CPEER-Dataset,2023,数据来源于CPEER开放数据集，共56条考生记录，其中45人录取
西北大学,陕西,081200,计算机科学与技术/计算机应用技术,专业学位,FULL_TIME,未公开,,4,4,2023,普通,,,CPEER数据集(考研真实录取),https://github.com/Younai2021/CPEER-Dataset,2023,数据来源于CPEER开放数据集，共4条考生记录，其中4人录取
西北大学,陕西,083500,软件工程,专业学位,FULL_TIME,未公开,,154,212,2023,普通,,,CPEER数据集(考研真实录取),https://github.com/Younai2021/CPEER-Dataset,2023,数据来源于CPEER开放数据集，共212条考生记录，其中154人录取
西北大学,陕西,081200,计算机科学与技术,专业学位,FULL_TIME,未公开,,17,20,2023,普通,,,CPEER数据集(考研真实录取),https://github.com/Younai2021/CPEER-Dataset,2023,数据来源于CPEER开放数据集，共20条考生记录，其中17人录取
西南交通大学,四川,085400,微电子学与固体电子学,专业学位,FULL_TIME,未公开,,6,6,2023,普通,,,CPEER数据集(考研真实录取),https://github.com/Younai2021/CPEER-Dataset,2023,数据来源于CPEER开放数据集，共6条考生记录，其中6人录取
西南交通大学,四川,081000,信息与通信工程,专业学位,FULL_TIME,未公开,,37,37,2023,普通,,,CPEER数据集(考研真实录取),https://github.com/Younai2021/CPEER-Dataset,2023,数据来源于CPEER开放数据集，共37条考生记录，其中37人录取
西南交通大学,四川,085400,控制理论与控制工程,专业学位,FULL_TIME,未公开,,4,4,2023,普通,,,CPEER数据集(考研真实录取),https://github.com/Younai2021/CPEER-Dataset,2023,数据来源于CPEER开放数据集，共4条考生记录，其中4人录取
西南交通大学,四川,085400,交通信息工程及控制,专业学位,FULL_TIME,未公开,,14,14,2023,普通,,,CPEER数据集(考研真实录取),https://github.com/Younai2021/CPEER-Dataset,2023,数据来源于CPEER开放数据集，共14条考生记录，其中14人录取
西南交通大学,四川,083900,网络空间安全,专业学位,FULL_TIME,未公开,,2,2,2023,普通,,,CPEER数据集(考研真实录取),https://github.com/Younai2021/CPEER-Dataset,2023,数据来源于CPEER开放数据集，共2条考生记录，其中2人录取
西南交通大学,四川,085400,新一代电子信息技术,专业学位,FULL_TIME,未公开,,1,1,2023,普通,,,CPEER数据集(考研真实录取),https://github.com/Younai2021/CPEER-Dataset,2023,数据来源于CPEER开放数据集，共1条考生记录，其中1人录取
西南交通大学,四川,081000,通信工程,专业学位,FULL_TIME,未公开,,39,39,2023,普通,,,CPEER数据集(考研真实录取),https://github.com/Younai2021/CPEER-Dataset,2023,数据来源于CPEER开放数据集，共39条考生记录，其中39人录取
西南交通大学,四川,085400,集成电路工程,专业学位,FULL_TIME,未公开,,14,14,2023,普通,,,CPEER数据集(考研真实录取),https://github.com/Younai2021/CPEER-Dataset,2023,数据来源于CPEER开放数据集，共14条考生记录，其中14人录取
西南交通大学,四川,085400,计算机技术,专业学位,FULL_TIME,未公开,,15,15,2023,普通,,,CPEER数据集(考研真实录取),https://github.com/Younai2021/CPEER-Dataset,2023,数据来源于CPEER开放数据集，共15条考生记录，其中15人录取
西南交通大学,四川,085400,控制工程,专业学位,FULL_TIME,未公开,,3,3,2023,普通,,,CPEER数据集(考研真实录取),https://github.com/Younai2021/CPEER-Dataset,2023,数据来源于CPEER开放数据集，共3条考生记录，其中3人录取
西南交通大学,四川,085400,光电信息工程,专业学位,FULL_TIME,未公开,,3,3,2023,普通,,,CPEER数据集(考研真实录取),https://github.com/Younai2021/CPEER-Dataset,2023,数据来源于CPEER开放数据集，共3条考生记录，其中3人录取
西南交通大学,四川,081104,人工智能,专业学位,FULL_TIME,未公开,,4,4,2023,普通,,,CPEER数据集(考研真实录取),https://github.com/Younai2021/CPEER-Dataset,2023,数据来源于CPEER开放数据集，共4条考生记录，其中4人录取
西南交通大学,四川,085400,网络与信息安全,专业学位,FULL_TIME,未公开,,4,4,2023,普通,,,CPEER数据集(考研真实录取),https://github.com/Younai2021/CPEER-Dataset,2023,数据来源于CPEER开放数据集，共4条考生记录，其中4人录取
西南交通大学,四川,085400,交通运输,专业学位,FULL_TIME,未公开,,37,37,2023,普通,,,CPEER数据集(考研真实录取),https://github.com/Younai2021/CPEER-Dataset,2023,数据来源于CPEER开放数据集，共37条考生记录，其中37人录取
西南财经大学,四川,081200,计算机科学与技术,专业学位,FULL_TIME,未公开,,53,53,2023,普通,,,CPEER数据集(考研真实录取),https://github.com/Younai2021/CPEER-Dataset,2023,数据来源于CPEER开放数据集，共53条考生记录，其中53人录取
西安电子科技大学,陕西,083900,网络空间安全,专业学位,FULL_TIME,未公开,,57,57,2023,普通,,,CPEER数据集(考研真实录取),https://github.com/Younai2021/CPEER-Dataset,2023,数据来源于CPEER开放数据集，共57条考生记录，其中57人录取
西安电子科技大学,陕西,085400,网络与信息安全,专业学位,FULL_TIME,未公开,,30,42,2023,普通,,,CPEER数据集(考研真实录取),https://github.com/Younai2021/CPEER-Dataset,2023,数据来源于CPEER开放数据集，共42条考生记录，其中30人录取
西安电子科技大学,陕西,081100,控制科学与工程,专业学位,FULL_TIME,未公开,,8,8,2023,普通,,,CPEER数据集(考研真实录取),https://github.com/Younai2021/CPEER-Dataset,2023,数据来源于CPEER开放数据集，共8条考生记录，其中8人录取
西安电子科技大学,陕西,081104,人工智能,专业学位,FULL_TIME,未公开,,3,3,2023,普通,,,CPEER数据集(考研真实录取),https://github.com/Younai2021/CPEER-Dataset,2023,数据来源于CPEER开放数据集，共3条考生记录，其中3人录取
西安电子科技大学,陕西,085400,机械工程,专业学位,FULL_TIME,未公开,,3,3,2023,普通,,,CPEER数据集(考研真实录取),https://github.com/Younai2021/CPEER-Dataset,2023,数据来源于CPEER开放数据集，共3条考生记录，其中3人录取
西安电子科技大学,陕西,085400,控制工程,专业学位,FULL_TIME,未公开,,4,4,2023,普通,,,CPEER数据集(考研真实录取),https://github.com/Younai2021/CPEER-Dataset,2023,数据来源于CPEER开放数据集，共4条考生记录，其中4人录取
西安电子科技大学,陕西,085400,仪器科学与技术,专业学位,FULL_TIME,未公开,,16,16,2023,普通,,,CPEER数据集(考研真实录取),https://github.com/Younai2021/CPEER-Dataset,2023,数据来源于CPEER开放数据集，共16条考生记录，其中16人录取
西藏大学,西藏,085400,通信与信息系统,专业学位,FULL_TIME,未公开,,12,12,2023,普通,,,CPEER数据集(考研真实录取),https://github.com/Younai2021/CPEER-Dataset,2023,数据来源于CPEER开放数据集，共12条考生记录，其中12人录取
西藏大学,西藏,081202,计算机软件与理论,专业学位,FULL_TIME,未公开,,8,8,2023,普通,,,CPEER数据集(考研真实录取),https://github.com/Younai2021/CPEER-Dataset,2023,数据来源于CPEER开放数据集，共8条考生记录，其中8人录取
西藏大学,西藏,081203,计算机应用技术,专业学位,FULL_TIME,未公开,,11,11,2023,普通,,,CPEER数据集(考研真实录取),https://github.com/Younai2021/CPEER-Dataset,2023,数据来源于CPEER开放数据集，共11条考生记录，其中11人录取
西藏大学,西藏,085400,信号与信息处理,专业学位,FULL_TIME,未公开,,7,7,2023,普通,,,CPEER数据集(考研真实录取),https://github.com/Younai2021/CPEER-Dataset,2023,数据来源于CPEER开放数据集，共7条考生记录，其中7人录取
西藏大学,西藏,081201,计算机系统结构,专业学位,FULL_TIME,未公开,,4,4,2023,普通,,,CPEER数据集(考研真实录取),https://github.com/Younai2021/CPEER-Dataset,2023,数据来源于CPEER开放数据集，共4条考生记录，其中4人录取
贵州大学,贵州,081200,计算机科学与技术,专业学位,FULL_TIME,未公开,,41,41,2023,普通,,,CPEER数据集(考研真实录取),https://github.com/Younai2021/CPEER-Dataset,2023,数据来源于CPEER开放数据集，共41条考生记录，其中41人录取
贵州大学,贵州,083500,软件工程,专业学位,FULL_TIME,未公开,,33,33,2023,普通,,,CPEER数据集(考研真实录取),https://github.com/Younai2021/CPEER-Dataset,2023,数据来源于CPEER开放数据集，共33条考生记录，其中33人录取
贵州大学,贵州,085400,电子信息,专业学位,FULL_TIME,未公开,,311,311,2023,普通,,,CPEER数据集(考研真实录取),https://github.com/Younai2021/CPEER-Dataset,2023,数据来源于CPEER开放数据集，共311条考生记录，其中311人录取
贵州大学,贵州,085400,电子科学与技术,专业学位,FULL_TIME,未公开,,31,31,2023,普通,,,CPEER数据集(考研真实录取),https://github.com/Younai2021/CPEER-Dataset,2023,数据来源于CPEER开放数据集，共31条考生记录，其中31人录取
贵州大学,贵州,081000,信息与通信工程,专业学位,FULL_TIME,未公开,,35,35,2023,普通,,,CPEER数据集(考研真实录取),https://github.com/Younai2021/CPEER-Dataset,2023,数据来源于CPEER开放数据集，共35条考生记录，其中35人录取
辽宁大学,辽宁,081201,计算机系统结构,专业学位,FULL_TIME,未公开,,1,1,2023,普通,,,CPEER数据集(考研真实录取),https://github.com/Younai2021/CPEER-Dataset,2023,数据来源于CPEER开放数据集，共1条考生记录，其中1人录取
辽宁大学,辽宁,081202,计算机软件与理论,专业学位,FULL_TIME,未公开,,7,7,2023,普通,,,CPEER数据集(考研真实录取),https://github.com/Younai2021/CPEER-Dataset,2023,数据来源于CPEER开放数据集，共7条考生记录，其中7人录取
辽宁大学,辽宁,081203,计算机应用技术,专业学位,FULL_TIME,未公开,,16,16,2023,普通,,,CPEER数据集(考研真实录取),https://github.com/Younai2021/CPEER-Dataset,2023,数据来源于CPEER开放数据集，共16条考生记录，其中16人录取
辽宁大学,辽宁,083500,软件工程,专业学位,FULL_TIME,未公开,,35,35,2023,普通,,,CPEER数据集(考研真实录取),https://github.com/Younai2021/CPEER-Dataset,2023,数据来源于CPEER开放数据集，共35条考生记录，其中35人录取
长安大学,陕西,085400,电子信息,专业学位,FULL_TIME,未公开,,178,178,2023,普通,,,CPEER数据集(考研真实录取),https://github.com/Younai2021/CPEER-Dataset,2023,数据来源于CPEER开放数据集，共178条考生记录，其中178人录取
长安大学,陕西,081000,信息与通信工程,专业学位,FULL_TIME,未公开,,23,23,2023,普通,,,CPEER数据集(考研真实录取),https://github.com/Younai2021/CPEER-Dataset,2023,数据来源于CPEER开放数据集，共23条考生记录，其中23人录取
长安大学,陕西,081200,计算机科学与技术,专业学位,FULL_TIME,未公开,,24,24,2023,普通,,,CPEER数据集(考研真实录取),https://github.com/Younai2021/CPEER-Dataset,2023,数据来源于CPEER开放数据集，共24条考生记录，其中24人录取
长安大学,陕西,083500,软件工程,专业学位,FULL_TIME,未公开,,9,9,2023,普通,,,CPEER数据集(考研真实录取),https://github.com/Younai2021/CPEER-Dataset,2023,数据来源于CPEER开放数据集，共9条考生记录，其中9人录取
长安大学,陕西,083900,网络空间安全,专业学位,FULL_TIME,未公开,,6,6,2023,普通,,,CPEER数据集(考研真实录取),https://github.com/Younai2021/CPEER-Dataset,2023,数据来源于CPEER开放数据集，共6条考生记录，其中6人录取
