universityName,province,majorCode,majorName,degreeType,studyMode,examSubjects,reexaminationLine,actualEnrollment,registrationCount,admissionYear,universityLevel,plannedEnrollment,nationalLine,sourceName,sourceUrl,sourceYear,remarks
上海财经大学,上海,0835,软件工程,学术学位,FULL_TIME,待补充,353,1,1,2023,211,,,CPEER推算(录取最低分),https://github.com/Younai2021/CPEER-Dataset,2023,"推算复试线353分,录取最高353分,平均353.0分,录取1人"
上海财经大学,上海,0835,软件工程理论与计算复杂性,学术学位,FULL_TIME,待补充,338,2,2,2023,211,,,CPEER推算(录取最低分),https://github.com/Younai2021/CPEER-Dataset,2023,"推算复试线338分,录取最高345分,平均341.5分,录取2人"
上海财经大学,上海,0835,金融领域软件工程,学术学位,FULL_TIME,待补充,297,2,2,2023,211,,,CPEER推算(录取最低分),https://github.com/Younai2021/CPEER-Dataset,2023,"推算复试线297分,录取最高340分,平均318.5分,录取2人"
上海财经大学,上海,0854,软件服务工程,专业学位,FULL_TIME,待补充,339,1,1,2023,211,,,CPEER推算(录取最低分),https://github.com/Younai2021/CPEER-Dataset,2023,"推算复试线339分,录取最高339分,平均339.0分,录取1人"
东北师范大学,吉林,0812,计算机科学与技术,学术学位,FULL_TIME,待补充,314,30,30,2023,211,,,CPEER推算(录取最低分),https://github.com/Younai2021/CPEER-Dataset,2023,"推算复试线314分,录取最高434分,平均371.4分,录取30人"
东北师范大学,吉林,0854,电子信息,专业学位,FULL_TIME,待补充,279,94,94,2023,211,,,CPEER推算(录取最低分),https://github.com/Younai2021/CPEER-Dataset,2023,"推算复试线279分,录取最高419分,平均361.1分,录取94人"
中南财经政法大学,湖北,0812,计算机科学与技术,学术学位,FULL_TIME,待补充,294,3,4,2023,211,,,CPEER推算(录取最低分),https://github.com/Younai2021/CPEER-Dataset,2023,"推算复试线294分,录取最高379分,平均336.3分,录取3人"
中南财经政法大学,湖北,0839,网络与信息安全,学术学位,FULL_TIME,待补充,356,18,25,2023,211,,,CPEER推算(录取最低分),https://github.com/Younai2021/CPEER-Dataset,2023,"推算复试线356分,录取最高401分,平均372.4分,录取18人"
中南财经政法大学,湖北,0854,计算机技术,专业学位,FULL_TIME,待补充,304,19,27,2023,211,,,CPEER推算(录取最低分),https://github.com/Younai2021/CPEER-Dataset,2023,"推算复试线304分,录取最高405分,平均363.8分,录取19人"
中南财经政法大学,湖北,0854,人工智能,专业学位,FULL_TIME,待补充,348,19,25,2023,211,,,CPEER推算(录取最低分),https://github.com/Younai2021/CPEER-Dataset,2023,"推算复试线348分,录取最高410分,平均372.1分,录取19人"
中南财经政法大学,湖北,0854,大数据技术与工程,专业学位,FULL_TIME,待补充,350,20,28,2023,211,,,CPEER推算(录取最低分),https://github.com/Younai2021/CPEER-Dataset,2023,"推算复试线350分,录取最高400分,平均378.6分,录取20人"
中国地质大学(北京),,0812,计算机科学与技术,学术学位,FULL_TIME,待补充,286,3,3,2023,,,,CPEER推算(录取最低分),https://github.com/Younai2021/CPEER-Dataset,2023,"推算复试线286分,录取最高305分,平均294.7分,录取3人"
中国地质大学(北京),,0835,软件工程,学术学位,FULL_TIME,待补充,338,16,16,2023,,,,CPEER推算(录取最低分),https://github.com/Younai2021/CPEER-Dataset,2023,"推算复试线338分,录取最高399分,平均361.9分,录取16人"
中国地质大学(北京),,0854,计算机技术,专业学位,FULL_TIME,待补充,317,28,28,2023,,,,CPEER推算(录取最低分),https://github.com/Younai2021/CPEER-Dataset,2023,"推算复试线317分,录取最高389分,平均345.6分,录取28人"
中国地质大学(武汉),,0812,计算机科学与技术,学术学位,FULL_TIME,待补充,310,25,33,2023,,,,CPEER推算(录取最低分),https://github.com/Younai2021/CPEER-Dataset,2023,"推算复试线310分,录取最高403分,平均344.8分,录取25人"
中国地质大学(武汉),,0835,软件工程,学术学位,FULL_TIME,待补充,286,9,12,2023,,,,CPEER推算(录取最低分),https://github.com/Younai2021/CPEER-Dataset,2023,"推算复试线286分,录取最高373分,平均314.0分,录取9人"
中国地质大学(武汉),,0854,计算机技术,专业学位,FULL_TIME,待补充,286,6,7,2023,,,,CPEER推算(录取最低分),https://github.com/Younai2021/CPEER-Dataset,2023,"推算复试线286分,录取最高351分,平均304.3分,录取6人"
中国地质大学(武汉),,0854,电子信息,专业学位,FULL_TIME,待补充,278,392,568,2023,,,,CPEER推算(录取最低分),https://github.com/Younai2021/CPEER-Dataset,2023,"推算复试线278分,录取最高440分,平均369.9分,录取392人"
中国矿业大学,江苏,0812,计算机科学与技术,学术学位,FULL_TIME,待补充,289,16,16,2023,211,,,CPEER推算(录取最低分),https://github.com/Younai2021/CPEER-Dataset,2023,"推算复试线289分,录取最高405分,平均324.9分,录取16人"
中国矿业大学,江苏,0835,软件工程,学术学位,FULL_TIME,待补充,277,37,37,2023,211,,,CPEER推算(录取最低分),https://github.com/Younai2021/CPEER-Dataset,2023,"推算复试线277分,录取最高419分,平均338.6分,录取37人"
中国矿业大学,江苏,0839,网络与信息安全,学术学位,FULL_TIME,待补充,285,2,2,2023,211,,,CPEER推算(录取最低分),https://github.com/Younai2021/CPEER-Dataset,2023,"推算复试线285分,录取最高290分,平均287.5分,录取2人"
中国矿业大学,江苏,0854,新一代电子信息技术,专业学位,FULL_TIME,待补充,292,31,31,2023,211,,,CPEER推算(录取最低分),https://github.com/Younai2021/CPEER-Dataset,2023,"推算复试线292分,录取最高398分,平均337.3分,录取31人"
中国矿业大学,江苏,0854,计算机技术,专业学位,FULL_TIME,待补充,273,41,41,2023,211,,,CPEER推算(录取最低分),https://github.com/Younai2021/CPEER-Dataset,2023,"推算复试线273分,录取最高402分,平均350.4分,录取41人"
中国矿业大学,江苏,0854,大数据技术与工程,专业学位,FULL_TIME,待补充,352,1,1,2023,211,,,CPEER推算(录取最低分),https://github.com/Younai2021/CPEER-Dataset,2023,"推算复试线352分,录取最高352分,平均352.0分,录取1人"
中国矿业大学(北京),,0812,计算机科学与技术,学术学位,FULL_TIME,待补充,278,14,14,2023,,,,CPEER推算(录取最低分),https://github.com/Younai2021/CPEER-Dataset,2023,"推算复试线278分,录取最高372分,平均307.7分,录取14人"
中国矿业大学(北京),,0854,计算机技术,专业学位,FULL_TIME,待补充,277,23,23,2023,,,,CPEER推算(录取最低分),https://github.com/Younai2021/CPEER-Dataset,2023,"推算复试线277分,录取最高371分,平均310.9分,录取23人"
中国科学院大学,,0812,计算机科学与技术,学术学位,FULL_TIME,待补充,274,133,133,2023,,,,CPEER推算(录取最低分),https://github.com/Younai2021/CPEER-Dataset,2023,"推算复试线274分,录取最高429分,平均340.2分,录取133人"
中国科学院大学,,0812,计算机应用技术,学术学位,FULL_TIME,待补充,285,10,10,2023,,,,CPEER推算(录取最低分),https://github.com/Younai2021/CPEER-Dataset,2023,"推算复试线285分,录取最高352分,平均309.8分,录取10人"
中国科学院大学,,0835,软件工程,学术学位,FULL_TIME,待补充,337,9,9,2023,,,,CPEER推算(录取最低分),https://github.com/Younai2021/CPEER-Dataset,2023,"推算复试线337分,录取最高378分,平均356.6分,录取9人"
中国科学院大学,,0839,网络空间安全,学术学位,FULL_TIME,待补充,274,11,11,2023,,,,CPEER推算(录取最低分),https://github.com/Younai2021/CPEER-Dataset,2023,"推算复试线274分,录取最高352分,平均310.9分,录取11人"
中国科学院大学,,0854,电子信息,专业学位,FULL_TIME,待补充,277,46,46,2023,,,,CPEER推算(录取最低分),https://github.com/Younai2021/CPEER-Dataset,2023,"推算复试线277分,录取最高403分,平均349.6分,录取46人"
中央财经大学,北京,0854,电子信息,专业学位,FULL_TIME,待补充,295,16,21,2023,211,,,CPEER推算(录取最低分),https://github.com/Younai2021/CPEER-Dataset,2023,"推算复试线295分,录取最高462分,平均401.2分,录取16人"
北京化工大学,北京,0812,计算机科学与技术,学术学位,FULL_TIME,待补充,292,28,28,2023,211,,,CPEER推算(录取最低分),https://github.com/Younai2021/CPEER-Dataset,2023,"推算复试线292分,录取最高402分,平均340.1分,录取28人"
北京化工大学,北京,0854,新一代电子信息技术,专业学位,FULL_TIME,待补充,316,23,23,2023,211,,,CPEER推算(录取最低分),https://github.com/Younai2021/CPEER-Dataset,2023,"推算复试线316分,录取最高412分,平均352.6分,录取23人"
北京化工大学,北京,0854,计算机技术,专业学位,FULL_TIME,待补充,291,27,27,2023,211,,,CPEER推算(录取最低分),https://github.com/Younai2021/CPEER-Dataset,2023,"推算复试线291分,录取最高361分,平均321.9分,录取27人"
北京化工大学,北京,0854,控制工程,专业学位,FULL_TIME,待补充,305,56,56,2023,211,,,CPEER推算(录取最低分),https://github.com/Younai2021/CPEER-Dataset,2023,"推算复试线305分,录取最高403分,平均342.2分,录取56人"
北京大学,北京,0812,计算机系统结构,学术学位,FULL_TIME,待补充,348,8,8,2023,985,,,CPEER推算(录取最低分),https://github.com/Younai2021/CPEER-Dataset,2023,"推算复试线348分,录取最高427分,平均384.0分,录取8人"
北京大学,北京,0812,计算机软件与理论,学术学位,FULL_TIME,待补充,380,9,9,2023,985,,,CPEER推算(录取最低分),https://github.com/Younai2021/CPEER-Dataset,2023,"推算复试线380分,录取最高424分,平均407.3分,录取9人"
北京大学,北京,0812,计算机应用技术,学术学位,FULL_TIME,待补充,379,4,4,2023,985,,,CPEER推算(录取最低分),https://github.com/Younai2021/CPEER-Dataset,2023,"推算复试线379分,录取最高411分,平均396.8分,录取4人"
北京大学,北京,0812,计算机科学与技术,学术学位,FULL_TIME,待补充,82,19,19,2023,985,,,CPEER推算(录取最低分),https://github.com/Younai2021/CPEER-Dataset,2023,"推算复试线82分,录取最高424分,平均337.0分,录取19人"
北京大学,北京,0854,电子信息,专业学位,FULL_TIME,待补充,348,423,423,2023,985,,,CPEER推算(录取最低分),https://github.com/Younai2021/CPEER-Dataset,2023,"推算复试线348分,录取最高438分,平均392.3分,录取423人"
北京师范大学,北京,0812,计算机科学与技术,学术学位,FULL_TIME,待补充,333,26,26,2023,985,,,CPEER推算(录取最低分),https://github.com/Younai2021/CPEER-Dataset,2023,"推算复试线333分,录取最高382分,平均352.0分,录取26人"
北京理工大学,北京,0812,计算机科学与技术,学术学位,FULL_TIME,待补充,335,47,47,2023,985,,,CPEER推算(录取最低分),https://github.com/Younai2021/CPEER-Dataset,2023,"推算复试线335分,录取最高395分,平均361.5分,录取47人"
北京理工大学,北京,0835,软件工程,学术学位,FULL_TIME,待补充,330,74,74,2023,985,,,CPEER推算(录取最低分),https://github.com/Younai2021/CPEER-Dataset,2023,"推算复试线330分,录取最高424分,平均372.1分,录取74人"
北京理工大学,北京,0839,网络空间安全,学术学位,FULL_TIME,待补充,310,16,16,2023,985,,,CPEER推算(录取最低分),https://github.com/Younai2021/CPEER-Dataset,2023,"推算复试线310分,录取最高387分,平均348.9分,录取16人"
北京理工大学,北京,0839,网络与信息安全,学术学位,FULL_TIME,待补充,309,19,19,2023,985,,,CPEER推算(录取最低分),https://github.com/Younai2021/CPEER-Dataset,2023,"推算复试线309分,录取最高392分,平均346.5分,录取19人"
北京理工大学,北京,0854,新一代电子信息技术,专业学位,FULL_TIME,待补充,318,30,30,2023,985,,,CPEER推算(录取最低分),https://github.com/Younai2021/CPEER-Dataset,2023,"推算复试线318分,录取最高379分,平均342.8分,录取30人"
北京理工大学,北京,0854,大数据技术与工程,专业学位,FULL_TIME,待补充,329,5,5,2023,985,,,CPEER推算(录取最低分),https://github.com/Younai2021/CPEER-Dataset,2023,"推算复试线329分,录取最高379分,平均343.8分,录取5人"
北京理工大学,北京,0854,人工智能,专业学位,FULL_TIME,待补充,355,7,7,2023,985,,,CPEER推算(录取最低分),https://github.com/Younai2021/CPEER-Dataset,2023,"推算复试线355分,录取最高389分,平均365.0分,录取7人"
北京理工大学,北京,0854,计算机技术,专业学位,FULL_TIME,待补充,329,64,64,2023,985,,,CPEER推算(录取最低分),https://github.com/Younai2021/CPEER-Dataset,2023,"推算复试线329分,录取最高427分,平均362.1分,录取64人"
北京科技大学,北京,0812,计算机科学与技术,学术学位,FULL_TIME,待补充,300,28,39,2023,211,,,CPEER推算(录取最低分),https://github.com/Younai2021/CPEER-Dataset,2023,"推算复试线300分,录取最高402分,平均345.4分,录取28人"
北京科技大学,北京,0854,控制工程,专业学位,FULL_TIME,待补充,307,77,109,2023,211,,,CPEER推算(录取最低分),https://github.com/Younai2021/CPEER-Dataset,2023,"推算复试线307分,录取最高402分,平均359.4分,录取77人"
北京科技大学,北京,0854,计算机技术,专业学位,FULL_TIME,待补充,305,40,57,2023,211,,,CPEER推算(录取最低分),https://github.com/Younai2021/CPEER-Dataset,2023,"推算复试线305分,录取最高379分,平均336.0分,录取40人"
北京航空航天大学,北京,0812,计算机科学与技术,学术学位,FULL_TIME,待补充,318,46,66,2023,985,,,CPEER推算(录取最低分),https://github.com/Younai2021/CPEER-Dataset,2023,"推算复试线318分,录取最高427分,平均369.8分,录取46人"
北京航空航天大学,北京,0835,软件工程,学术学位,FULL_TIME,待补充,314,18,21,2023,985,,,CPEER推算(录取最低分),https://github.com/Younai2021/CPEER-Dataset,2023,"推算复试线314分,录取最高423分,平均366.9分,录取18人"
北京航空航天大学,北京,0854,电子信息,专业学位,FULL_TIME,待补充,301,210,245,2023,985,,,CPEER推算(录取最低分),https://github.com/Younai2021/CPEER-Dataset,2023,"推算复试线301分,录取最高420分,平均348.6分,录取210人"
北京邮电大学,北京,0835,软件工程,学术学位,FULL_TIME,待补充,277,11,12,2023,211,,,CPEER推算(录取最低分),https://github.com/Younai2021/CPEER-Dataset,2023,"推算复试线277分,录取最高322分,平均298.5分,录取11人"
北京邮电大学,北京,0839,网络空间安全,学术学位,FULL_TIME,待补充,313,67,90,2023,211,,,CPEER推算(录取最低分),https://github.com/Younai2021/CPEER-Dataset,2023,"推算复试线313分,录取最高402分,平均345.3分,录取67人"
北京邮电大学,北京,0839,网络与信息安全,学术学位,FULL_TIME,待补充,314,67,85,2023,211,,,CPEER推算(录取最低分),https://github.com/Younai2021/CPEER-Dataset,2023,"推算复试线314分,录取最高396分,平均346.8分,录取67人"
北京邮电大学,北京,0854,新一代电子信息技术,专业学位,FULL_TIME,待补充,313,214,302,2023,211,,,CPEER推算(录取最低分),https://github.com/Younai2021/CPEER-Dataset,2023,"推算复试线313分,录取最高416分,平均361.1分,录取214人"
北京邮电大学,北京,0854,计算机技术,专业学位,FULL_TIME,待补充,325,4,4,2023,211,,,CPEER推算(录取最低分),https://github.com/Younai2021/CPEER-Dataset,2023,"推算复试线325分,录取最高344分,平均331.0分,录取4人"
北京邮电大学,北京,0854,人工智能,专业学位,FULL_TIME,待补充,287,124,148,2023,211,,,CPEER推算(录取最低分),https://github.com/Younai2021/CPEER-Dataset,2023,"推算复试线287分,录取最高430分,平均348.8分,录取124人"
华东师范大学,上海,0812,计算机科学与技术,学术学位,FULL_TIME,待补充,324,71,71,2023,985,,,CPEER推算(录取最低分),https://github.com/Younai2021/CPEER-Dataset,2023,"推算复试线324分,录取最高430分,平均370.8分,录取71人"
华东师范大学,上海,0835,软件工程,学术学位,FULL_TIME,待补充,275,246,246,2023,985,,,CPEER推算(录取最低分),https://github.com/Younai2021/CPEER-Dataset,2023,"推算复试线275分,录取最高421分,平均330.6分,录取246人"
华东师范大学,上海,0854,计算机技术,专业学位,FULL_TIME,待补充,273,70,70,2023,985,,,CPEER推算(录取最低分),https://github.com/Younai2021/CPEER-Dataset,2023,"推算复试线273分,录取最高371分,平均307.6分,录取70人"
华东师范大学,上海,0854,大数据技术与工程,专业学位,FULL_TIME,待补充,298,82,82,2023,985,,,CPEER推算(录取最低分),https://github.com/Younai2021/CPEER-Dataset,2023,"推算复试线298分,录取最高399分,平均347.8分,录取82人"
华东师范大学,上海,0854,人工智能,专业学位,FULL_TIME,待补充,274,16,16,2023,985,,,CPEER推算(录取最低分),https://github.com/Younai2021/CPEER-Dataset,2023,"推算复试线274分,录取最高377分,平均320.4分,录取16人"
华中农业大学,湖北,0812,计算机科学与技术,学术学位,FULL_TIME,待补充,275,32,32,2023,211,,,CPEER推算(录取最低分),https://github.com/Younai2021/CPEER-Dataset,2023,"推算复试线275分,录取最高390分,平均308.7分,录取32人"
华中师范大学,湖北,0812,计算机科学与技术,学术学位,FULL_TIME,待补充,293,81,97,2023,211,,,CPEER推算(录取最低分),https://github.com/Younai2021/CPEER-Dataset,2023,"推算复试线293分,录取最高390分,平均324.6分,录取81人"
华中师范大学,湖北,0835,软件工程,学术学位,FULL_TIME,待补充,303,62,76,2023,211,,,CPEER推算(录取最低分),https://github.com/Younai2021/CPEER-Dataset,2023,"推算复试线303分,录取最高374分,平均334.2分,录取62人"
华中师范大学,湖北,0854,人工智能,专业学位,FULL_TIME,待补充,287,37,45,2023,211,,,CPEER推算(录取最低分),https://github.com/Younai2021/CPEER-Dataset,2023,"推算复试线287分,录取最高377分,平均325.7分,录取37人"
华中师范大学,湖北,0854,计算机技术,专业学位,FULL_TIME,待补充,316,31,38,2023,211,,,CPEER推算(录取最低分),https://github.com/Younai2021/CPEER-Dataset,2023,"推算复试线316分,录取最高384分,平均340.5分,录取31人"
华中科技大学,湖北,0812,计算机科学与技术,学术学位,FULL_TIME,待补充,345,40,42,2023,985,,,CPEER推算(录取最低分),https://github.com/Younai2021/CPEER-Dataset,2023,"推算复试线345分,录取最高417分,平均373.9分,录取40人"
华中科技大学,湖北,0854,计算机技术,专业学位,FULL_TIME,待补充,341,209,214,2023,985,,,CPEER推算(录取最低分),https://github.com/Younai2021/CPEER-Dataset,2023,"推算复试线341分,录取最高425分,平均369.7分,录取209人"
华南理工大学,广东,0812,计算机科学与技术,学术学位,FULL_TIME,待补充,337,32,32,2023,985,,,CPEER推算(录取最低分),https://github.com/Younai2021/CPEER-Dataset,2023,"推算复试线337分,录取最高412分,平均360.3分,录取32人"
华南理工大学,广东,0854,计算机技术,专业学位,FULL_TIME,待补充,342,77,77,2023,985,,,CPEER推算(录取最低分),https://github.com/Younai2021/CPEER-Dataset,2023,"推算复试线342分,录取最高420分,平均367.3分,录取77人"
南京大学,江苏,0835,软件工程,学术学位,FULL_TIME,待补充,312,104,129,2023,985,,,CPEER推算(录取最低分),https://github.com/Younai2021/CPEER-Dataset,2023,"推算复试线312分,录取最高428分,平均382.0分,录取104人"
南京大学,江苏,0854,人工智能,专业学位,FULL_TIME,待补充,334,9,9,2023,985,,,CPEER推算(录取最低分),https://github.com/Younai2021/CPEER-Dataset,2023,"推算复试线334分,录取最高390分,平均351.4分,录取9人"
南京理工大学,江苏,0812,计算机科学与技术,学术学位,FULL_TIME,待补充,350,8,8,2023,211,,,CPEER推算(录取最低分),https://github.com/Younai2021/CPEER-Dataset,2023,"推算复试线350分,录取最高368分,平均358.9分,录取8人"
南开大学,天津,0812,计算机科学与技术,学术学位,FULL_TIME,待补充,335,4,4,2023,985,,,CPEER推算(录取最低分),https://github.com/Younai2021/CPEER-Dataset,2023,"推算复试线335分,录取最高365分,平均350.0分,录取4人"
南开大学,天津,0835,软件工程,学术学位,FULL_TIME,待补充,310,56,92,2023,985,,,CPEER推算(录取最低分),https://github.com/Younai2021/CPEER-Dataset,2023,"推算复试线310分,录取最高427分,平均376.9分,录取56人"
南开大学,天津,0839,网络空间安全,学术学位,FULL_TIME,待补充,352,1,2,2023,985,,,CPEER推算(录取最低分),https://github.com/Younai2021/CPEER-Dataset,2023,"推算复试线352分,录取最高352分,平均352.0分,录取1人"
南开大学,天津,0839,网络与信息安全,学术学位,FULL_TIME,待补充,372,2,2,2023,985,,,CPEER推算(录取最低分),https://github.com/Younai2021/CPEER-Dataset,2023,"推算复试线372分,录取最高409分,平均390.5分,录取2人"
南开大学,天津,0854,电子信息,专业学位,FULL_TIME,待补充,361,49,57,2023,985,,,CPEER推算(录取最低分),https://github.com/Younai2021/CPEER-Dataset,2023,"推算复试线361分,录取最高428分,平均388.2分,录取49人"
南开大学,天津,0854,计算机技术,专业学位,FULL_TIME,待补充,311,5,5,2023,985,,,CPEER推算(录取最低分),https://github.com/Younai2021/CPEER-Dataset,2023,"推算复试线311分,录取最高413分,平均371.0分,录取5人"
南昌大学,江西,0812,计算机科学与技术,学术学位,FULL_TIME,待补充,303,28,28,2023,211,,,CPEER推算(录取最低分),https://github.com/Younai2021/CPEER-Dataset,2023,"推算复试线303分,录取最高379分,平均334.8分,录取28人"
南昌大学,江西,0835,软件工程,学术学位,FULL_TIME,待补充,326,43,43,2023,211,,,CPEER推算(录取最低分),https://github.com/Younai2021/CPEER-Dataset,2023,"推算复试线326分,录取最高383分,平均349.4分,录取43人"
南昌大学,江西,0839,网络与信息安全,学术学位,FULL_TIME,待补充,331,18,18,2023,211,,,CPEER推算(录取最低分),https://github.com/Younai2021/CPEER-Dataset,2023,"推算复试线331分,录取最高398分,平均346.8分,录取18人"
南昌大学,江西,0854,计算机技术,专业学位,FULL_TIME,待补充,341,100,100,2023,211,,,CPEER推算(录取最低分),https://github.com/Younai2021/CPEER-Dataset,2023,"推算复试线341分,录取最高404分,平均360.4分,录取100人"
厦门大学,福建,0812,计算机科学与技术,学术学位,FULL_TIME,待补充,311,10,10,2023,985,,,CPEER推算(录取最低分),https://github.com/Younai2021/CPEER-Dataset,2023,"推算复试线311分,录取最高398分,平均342.9分,录取10人"
厦门大学,福建,0835,软件工程,学术学位,FULL_TIME,待补充,381,9,9,2023,985,,,CPEER推算(录取最低分),https://github.com/Younai2021/CPEER-Dataset,2023,"推算复试线381分,录取最高405分,平均391.3分,录取9人"
厦门大学,福建,0854,计算机技术,专业学位,FULL_TIME,待补充,350,40,40,2023,985,,,CPEER推算(录取最低分),https://github.com/Younai2021/CPEER-Dataset,2023,"推算复试线350分,录取最高426分,平均386.6分,录取40人"
厦门大学,福建,0854,人工智能,专业学位,FULL_TIME,待补充,348,67,67,2023,985,,,CPEER推算(录取最低分),https://github.com/Younai2021/CPEER-Dataset,2023,"推算复试线348分,录取最高421分,平均380.7分,录取67人"
同济大学,上海,0812,计算机科学与技术,学术学位,FULL_TIME,待补充,339,31,33,2023,985,,,CPEER推算(录取最低分),https://github.com/Younai2021/CPEER-Dataset,2023,"推算复试线339分,录取最高401分,平均363.7分,录取31人"
同济大学,上海,0854,电子信息,专业学位,FULL_TIME,待补充,337,63,78,2023,985,,,CPEER推算(录取最低分),https://github.com/Younai2021/CPEER-Dataset,2023,"推算复试线337分,录取最高411分,平均377.8分,录取63人"
同济大学,上海,0854,控制理论与控制工程,专业学位,FULL_TIME,待补充,374,2,3,2023,985,,,CPEER推算(录取最低分),https://github.com/Younai2021/CPEER-Dataset,2023,"推算复试线374分,录取最高376分,平均375.0分,录取2人"
哈尔滨工业大学,黑龙江,0812,计算机科学与技术,学术学位,FULL_TIME,待补充,375,12,12,2023,985,,,CPEER推算(录取最低分),https://github.com/Younai2021/CPEER-Dataset,2023,"推算复试线375分,录取最高415分,平均389.6分,录取12人"
哈尔滨工业大学,黑龙江,0812,081202-计算机科学与技术,学术学位,FULL_TIME,待补充,397,1,1,2023,985,,,CPEER推算(录取最低分),https://github.com/Younai2021/CPEER-Dataset,2023,"推算复试线397分,录取最高397分,平均397.0分,录取1人"
哈尔滨工业大学,黑龙江,0812,081203-计算机科学与技术,学术学位,FULL_TIME,待补充,395,1,1,2023,985,,,CPEER推算(录取最低分),https://github.com/Younai2021/CPEER-Dataset,2023,"推算复试线395分,录取最高395分,平均395.0分,录取1人"
哈尔滨工业大学,黑龙江,0812,081204-计算机科学与技术,学术学位,FULL_TIME,待补充,360,1,1,2023,985,,,CPEER推算(录取最低分),https://github.com/Younai2021/CPEER-Dataset,2023,"推算复试线360分,录取最高360分,平均360.0分,录取1人"
哈尔滨工业大学,黑龙江,0812,081205-计算机科学与技术,学术学位,FULL_TIME,待补充,373,1,1,2023,985,,,CPEER推算(录取最低分),https://github.com/Younai2021/CPEER-Dataset,2023,"推算复试线373分,录取最高373分,平均373.0分,录取1人"
哈尔滨工业大学,黑龙江,0812,081206-计算机科学与技术,学术学位,FULL_TIME,待补充,347,1,1,2023,985,,,CPEER推算(录取最低分),https://github.com/Younai2021/CPEER-Dataset,2023,"推算复试线347分,录取最高347分,平均347.0分,录取1人"
哈尔滨工业大学,黑龙江,0812,081207-计算机科学与技术,学术学位,FULL_TIME,待补充,359,1,1,2023,985,,,CPEER推算(录取最低分),https://github.com/Younai2021/CPEER-Dataset,2023,"推算复试线359分,录取最高359分,平均359.0分,录取1人"
哈尔滨工业大学,黑龙江,0812,081208-计算机科学与技术,学术学位,FULL_TIME,待补充,356,1,1,2023,985,,,CPEER推算(录取最低分),https://github.com/Younai2021/CPEER-Dataset,2023,"推算复试线356分,录取最高356分,平均356.0分,录取1人"
哈尔滨工业大学,黑龙江,0812,081209-计算机科学与技术,学术学位,FULL_TIME,待补充,363,1,1,2023,985,,,CPEER推算(录取最低分),https://github.com/Younai2021/CPEER-Dataset,2023,"推算复试线363分,录取最高363分,平均363.0分,录取1人"
哈尔滨工业大学,黑龙江,0812,081210-计算机科学与技术,学术学位,FULL_TIME,待补充,368,1,1,2023,985,,,CPEER推算(录取最低分),https://github.com/Younai2021/CPEER-Dataset,2023,"推算复试线368分,录取最高368分,平均368.0分,录取1人"
哈尔滨工业大学,黑龙江,0812,081211-计算机科学与技术,学术学位,FULL_TIME,待补充,367,1,1,2023,985,,,CPEER推算(录取最低分),https://github.com/Younai2021/CPEER-Dataset,2023,"推算复试线367分,录取最高367分,平均367.0分,录取1人"
哈尔滨工业大学,黑龙江,0812,081212-计算机科学与技术,学术学位,FULL_TIME,待补充,360,1,1,2023,985,,,CPEER推算(录取最低分),https://github.com/Younai2021/CPEER-Dataset,2023,"推算复试线360分,录取最高360分,平均360.0分,录取1人"
哈尔滨工业大学,黑龙江,0812,081213-计算机科学与技术,学术学位,FULL_TIME,待补充,383,1,1,2023,985,,,CPEER推算(录取最低分),https://github.com/Younai2021/CPEER-Dataset,2023,"推算复试线383分,录取最高383分,平均383.0分,录取1人"
哈尔滨工业大学,黑龙江,0812,081214-计算机科学与技术,学术学位,FULL_TIME,待补充,367,1,1,2023,985,,,CPEER推算(录取最低分),https://github.com/Younai2021/CPEER-Dataset,2023,"推算复试线367分,录取最高367分,平均367.0分,录取1人"
哈尔滨工业大学,黑龙江,0812,081215-计算机科学与技术,学术学位,FULL_TIME,待补充,359,1,1,2023,985,,,CPEER推算(录取最低分),https://github.com/Younai2021/CPEER-Dataset,2023,"推算复试线359分,录取最高359分,平均359.0分,录取1人"
哈尔滨工业大学,黑龙江,0812,081216-计算机科学与技术,学术学位,FULL_TIME,待补充,349,1,1,2023,985,,,CPEER推算(录取最低分),https://github.com/Younai2021/CPEER-Dataset,2023,"推算复试线349分,录取最高349分,平均349.0分,录取1人"
哈尔滨工业大学,黑龙江,0812,081217-计算机科学与技术,学术学位,FULL_TIME,待补充,355,1,1,2023,985,,,CPEER推算(录取最低分),https://github.com/Younai2021/CPEER-Dataset,2023,"推算复试线355分,录取最高355分,平均355.0分,录取1人"
哈尔滨工业大学,黑龙江,0812,081218-计算机科学与技术,学术学位,FULL_TIME,待补充,312,1,1,2023,985,,,CPEER推算(录取最低分),https://github.com/Younai2021/CPEER-Dataset,2023,"推算复试线312分,录取最高312分,平均312.0分,录取1人"
哈尔滨工业大学,黑龙江,0812,081219-计算机科学与技术,学术学位,FULL_TIME,待补充,310,1,1,2023,985,,,CPEER推算(录取最低分),https://github.com/Younai2021/CPEER-Dataset,2023,"推算复试线310分,录取最高310分,平均310.0分,录取1人"
哈尔滨工业大学,黑龙江,0835,083502-软件工程,学术学位,FULL_TIME,待补充,391,1,1,2023,985,,,CPEER推算(录取最低分),https://github.com/Younai2021/CPEER-Dataset,2023,"推算复试线391分,录取最高391分,平均391.0分,录取1人"
哈尔滨工业大学,黑龙江,0835,083503-软件工程,学术学位,FULL_TIME,待补充,381,1,1,2023,985,,,CPEER推算(录取最低分),https://github.com/Younai2021/CPEER-Dataset,2023,"推算复试线381分,录取最高381分,平均381.0分,录取1人"
哈尔滨工业大学,黑龙江,0835,083504-软件工程,学术学位,FULL_TIME,待补充,375,1,1,2023,985,,,CPEER推算(录取最低分),https://github.com/Younai2021/CPEER-Dataset,2023,"推算复试线375分,录取最高375分,平均375.0分,录取1人"
哈尔滨工业大学,黑龙江,0835,083505-软件工程,学术学位,FULL_TIME,待补充,367,1,1,2023,985,,,CPEER推算(录取最低分),https://github.com/Younai2021/CPEER-Dataset,2023,"推算复试线367分,录取最高367分,平均367.0分,录取1人"
哈尔滨工业大学,黑龙江,0835,083506-软件工程,学术学位,FULL_TIME,待补充,373,1,1,2023,985,,,CPEER推算(录取最低分),https://github.com/Younai2021/CPEER-Dataset,2023,"推算复试线373分,录取最高373分,平均373.0分,录取1人"
哈尔滨工业大学,黑龙江,0835,083507-软件工程,学术学位,FULL_TIME,待补充,350,1,1,2023,985,,,CPEER推算(录取最低分),https://github.com/Younai2021/CPEER-Dataset,2023,"推算复试线350分,录取最高350分,平均350.0分,录取1人"
哈尔滨工业大学,黑龙江,0839,083901-网络空间安全,学术学位,FULL_TIME,待补充,398,1,1,2023,985,,,CPEER推算(录取最低分),https://github.com/Younai2021/CPEER-Dataset,2023,"推算复试线398分,录取最高398分,平均398.0分,录取1人"
哈尔滨工业大学,黑龙江,0839,083902-网络空间安全,学术学位,FULL_TIME,待补充,376,1,1,2023,985,,,CPEER推算(录取最低分),https://github.com/Younai2021/CPEER-Dataset,2023,"推算复试线376分,录取最高376分,平均376.0分,录取1人"
哈尔滨工业大学,黑龙江,0839,083903-网络空间安全,学术学位,FULL_TIME,待补充,362,1,1,2023,985,,,CPEER推算(录取最低分),https://github.com/Younai2021/CPEER-Dataset,2023,"推算复试线362分,录取最高362分,平均362.0分,录取1人"
哈尔滨工业大学,黑龙江,0839,083904-网络空间安全,学术学位,FULL_TIME,待补充,374,1,1,2023,985,,,CPEER推算(录取最低分),https://github.com/Younai2021/CPEER-Dataset,2023,"推算复试线374分,录取最高374分,平均374.0分,录取1人"
哈尔滨工业大学,黑龙江,0839,083905-网络空间安全,学术学位,FULL_TIME,待补充,369,1,1,2023,985,,,CPEER推算(录取最低分),https://github.com/Younai2021/CPEER-Dataset,2023,"推算复试线369分,录取最高369分,平均369.0分,录取1人"
哈尔滨工业大学,黑龙江,0854,085402-电子信息,专业学位,FULL_TIME,待补充,400,2,2,2023,985,,,CPEER推算(录取最低分),https://github.com/Younai2021/CPEER-Dataset,2023,"推算复试线400分,录取最高420分,平均410.0分,录取2人"
哈尔滨工业大学,黑龙江,0854,085403-电子信息,专业学位,FULL_TIME,待补充,402,2,2,2023,985,,,CPEER推算(录取最低分),https://github.com/Younai2021/CPEER-Dataset,2023,"推算复试线402分,录取最高422分,平均412.0分,录取2人"
哈尔滨工业大学,黑龙江,0854,085404-电子信息,专业学位,FULL_TIME,待补充,386,2,2,2023,985,,,CPEER推算(录取最低分),https://github.com/Younai2021/CPEER-Dataset,2023,"推算复试线386分,录取最高388分,平均387.0分,录取2人"
哈尔滨工业大学,黑龙江,0854,085405-电子信息,专业学位,FULL_TIME,待补充,408,2,2,2023,985,,,CPEER推算(录取最低分),https://github.com/Younai2021/CPEER-Dataset,2023,"推算复试线408分,录取最高420分,平均414.0分,录取2人"
哈尔滨工业大学,黑龙江,0854,085406-电子信息,专业学位,FULL_TIME,待补充,395,2,2,2023,985,,,CPEER推算(录取最低分),https://github.com/Younai2021/CPEER-Dataset,2023,"推算复试线395分,录取最高399分,平均397.0分,录取2人"
哈尔滨工业大学,黑龙江,0854,085407-电子信息,专业学位,FULL_TIME,待补充,403,2,2,2023,985,,,CPEER推算(录取最低分),https://github.com/Younai2021/CPEER-Dataset,2023,"推算复试线403分,录取最高415分,平均409.0分,录取2人"
哈尔滨工业大学,黑龙江,0854,085408-电子信息,专业学位,FULL_TIME,待补充,397,2,2,2023,985,,,CPEER推算(录取最低分),https://github.com/Younai2021/CPEER-Dataset,2023,"推算复试线397分,录取最高424分,平均410.5分,录取2人"
哈尔滨工业大学,黑龙江,0854,085409-电子信息,专业学位,FULL_TIME,待补充,394,2,2,2023,985,,,CPEER推算(录取最低分),https://github.com/Younai2021/CPEER-Dataset,2023,"推算复试线394分,录取最高405分,平均399.5分,录取2人"
哈尔滨工业大学,黑龙江,0854,085410-电子信息,专业学位,FULL_TIME,待补充,389,2,2,2023,985,,,CPEER推算(录取最低分),https://github.com/Younai2021/CPEER-Dataset,2023,"推算复试线389分,录取最高399分,平均394.0分,录取2人"
哈尔滨工业大学,黑龙江,0854,085411-电子信息,专业学位,FULL_TIME,待补充,389,2,2,2023,985,,,CPEER推算(录取最低分),https://github.com/Younai2021/CPEER-Dataset,2023,"推算复试线389分,录取最高420分,平均404.5分,录取2人"
哈尔滨工业大学,黑龙江,0854,085412-电子信息,专业学位,FULL_TIME,待补充,386,2,2,2023,985,,,CPEER推算(录取最低分),https://github.com/Younai2021/CPEER-Dataset,2023,"推算复试线386分,录取最高410分,平均398.0分,录取2人"
哈尔滨工业大学,黑龙江,0854,085413-电子信息,专业学位,FULL_TIME,待补充,391,2,2,2023,985,,,CPEER推算(录取最低分),https://github.com/Younai2021/CPEER-Dataset,2023,"推算复试线391分,录取最高398分,平均394.5分,录取2人"
哈尔滨工业大学,黑龙江,0854,085414-电子信息,专业学位,FULL_TIME,待补充,374,2,2,2023,985,,,CPEER推算(录取最低分),https://github.com/Younai2021/CPEER-Dataset,2023,"推算复试线374分,录取最高403分,平均388.5分,录取2人"
哈尔滨工业大学,黑龙江,0854,085415-电子信息,专业学位,FULL_TIME,待补充,416,2,2,2023,985,,,CPEER推算(录取最低分),https://github.com/Younai2021/CPEER-Dataset,2023,"推算复试线416分,录取最高422分,平均419.0分,录取2人"
哈尔滨工业大学,黑龙江,0854,085416-电子信息,专业学位,FULL_TIME,待补充,386,2,2,2023,985,,,CPEER推算(录取最低分),https://github.com/Younai2021/CPEER-Dataset,2023,"推算复试线386分,录取最高402分,平均394.0分,录取2人"
哈尔滨工业大学,黑龙江,0854,085417-电子信息,专业学位,FULL_TIME,待补充,397,2,2,2023,985,,,CPEER推算(录取最低分),https://github.com/Younai2021/CPEER-Dataset,2023,"推算复试线397分,录取最高407分,平均402.0分,录取2人"
哈尔滨工业大学,黑龙江,0854,085418-电子信息,专业学位,FULL_TIME,待补充,379,2,2,2023,985,,,CPEER推算(录取最低分),https://github.com/Younai2021/CPEER-Dataset,2023,"推算复试线379分,录取最高387分,平均383.0分,录取2人"
哈尔滨工业大学,黑龙江,0854,085419-电子信息,专业学位,FULL_TIME,待补充,386,2,2,2023,985,,,CPEER推算(录取最低分),https://github.com/Younai2021/CPEER-Dataset,2023,"推算复试线386分,录取最高411分,平均398.5分,录取2人"
哈尔滨工业大学,黑龙江,0854,085420-电子信息,专业学位,FULL_TIME,待补充,376,2,2,2023,985,,,CPEER推算(录取最低分),https://github.com/Younai2021/CPEER-Dataset,2023,"推算复试线376分,录取最高417分,平均396.5分,录取2人"
哈尔滨工业大学,黑龙江,0854,085421-电子信息,专业学位,FULL_TIME,待补充,383,2,2,2023,985,,,CPEER推算(录取最低分),https://github.com/Younai2021/CPEER-Dataset,2023,"推算复试线383分,录取最高404分,平均393.5分,录取2人"
哈尔滨工业大学,黑龙江,0854,085422-电子信息,专业学位,FULL_TIME,待补充,384,2,2,2023,985,,,CPEER推算(录取最低分),https://github.com/Younai2021/CPEER-Dataset,2023,"推算复试线384分,录取最高393分,平均388.5分,录取2人"
哈尔滨工业大学,黑龙江,0854,085423-电子信息,专业学位,FULL_TIME,待补充,376,2,2,2023,985,,,CPEER推算(录取最低分),https://github.com/Younai2021/CPEER-Dataset,2023,"推算复试线376分,录取最高413分,平均394.5分,录取2人"
哈尔滨工业大学,黑龙江,0854,085424-电子信息,专业学位,FULL_TIME,待补充,387,2,2,2023,985,,,CPEER推算(录取最低分),https://github.com/Younai2021/CPEER-Dataset,2023,"推算复试线387分,录取最高394分,平均390.5分,录取2人"
哈尔滨工业大学,黑龙江,0854,085425-电子信息,专业学位,FULL_TIME,待补充,370,2,2,2023,985,,,CPEER推算(录取最低分),https://github.com/Younai2021/CPEER-Dataset,2023,"推算复试线370分,录取最高378分,平均374.0分,录取2人"
哈尔滨工业大学,黑龙江,0854,085426-电子信息,专业学位,FULL_TIME,待补充,373,2,2,2023,985,,,CPEER推算(录取最低分),https://github.com/Younai2021/CPEER-Dataset,2023,"推算复试线373分,录取最高410分,平均391.5分,录取2人"
哈尔滨工业大学,黑龙江,0854,085427-电子信息,专业学位,FULL_TIME,待补充,400,1,1,2023,985,,,CPEER推算(录取最低分),https://github.com/Younai2021/CPEER-Dataset,2023,"推算复试线400分,录取最高400分,平均400.0分,录取1人"
哈尔滨工业大学,黑龙江,0854,085428-电子信息,专业学位,FULL_TIME,待补充,388,1,1,2023,985,,,CPEER推算(录取最低分),https://github.com/Younai2021/CPEER-Dataset,2023,"推算复试线388分,录取最高388分,平均388.0分,录取1人"
哈尔滨工业大学,黑龙江,0854,085429-电子信息,专业学位,FULL_TIME,待补充,402,1,1,2023,985,,,CPEER推算(录取最低分),https://github.com/Younai2021/CPEER-Dataset,2023,"推算复试线402分,录取最高402分,平均402.0分,录取1人"
哈尔滨工业大学,黑龙江,0854,085430-电子信息,专业学位,FULL_TIME,待补充,350,2,2,2023,985,,,CPEER推算(录取最低分),https://github.com/Younai2021/CPEER-Dataset,2023,"推算复试线350分,录取最高395分,平均372.5分,录取2人"
哈尔滨工业大学,黑龙江,0854,085431-电子信息,专业学位,FULL_TIME,待补充,384,2,2,2023,985,,,CPEER推算(录取最低分),https://github.com/Younai2021/CPEER-Dataset,2023,"推算复试线384分,录取最高385分,平均384.5分,录取2人"
哈尔滨工业大学,黑龙江,0854,085432-电子信息,专业学位,FULL_TIME,待补充,374,2,2,2023,985,,,CPEER推算(录取最低分),https://github.com/Younai2021/CPEER-Dataset,2023,"推算复试线374分,录取最高399分,平均386.5分,录取2人"
哈尔滨工业大学,黑龙江,0854,085433-电子信息,专业学位,FULL_TIME,待补充,377,2,2,2023,985,,,CPEER推算(录取最低分),https://github.com/Younai2021/CPEER-Dataset,2023,"推算复试线377分,录取最高390分,平均383.5分,录取2人"
哈尔滨工业大学,黑龙江,0854,085434-电子信息,专业学位,FULL_TIME,待补充,356,2,2,2023,985,,,CPEER推算(录取最低分),https://github.com/Younai2021/CPEER-Dataset,2023,"推算复试线356分,录取最高423分,平均389.5分,录取2人"
哈尔滨工业大学,黑龙江,0854,085435-电子信息,专业学位,FULL_TIME,待补充,369,2,2,2023,985,,,CPEER推算(录取最低分),https://github.com/Younai2021/CPEER-Dataset,2023,"推算复试线369分,录取最高369分,平均369.0分,录取2人"
哈尔滨工业大学,黑龙江,0854,085436-电子信息,专业学位,FULL_TIME,待补充,350,2,2,2023,985,,,CPEER推算(录取最低分),https://github.com/Younai2021/CPEER-Dataset,2023,"推算复试线350分,录取最高387分,平均368.5分,录取2人"
哈尔滨工业大学,黑龙江,0854,085437-电子信息,专业学位,FULL_TIME,待补充,356,2,2,2023,985,,,CPEER推算(录取最低分),https://github.com/Younai2021/CPEER-Dataset,2023,"推算复试线356分,录取最高395分,平均375.5分,录取2人"
哈尔滨工业大学,黑龙江,0854,085438-电子信息,专业学位,FULL_TIME,待补充,355,2,2,2023,985,,,CPEER推算(录取最低分),https://github.com/Younai2021/CPEER-Dataset,2023,"推算复试线355分,录取最高394分,平均374.5分,录取2人"
哈尔滨工业大学,黑龙江,0854,085439-电子信息,专业学位,FULL_TIME,待补充,373,2,2,2023,985,,,CPEER推算(录取最低分),https://github.com/Younai2021/CPEER-Dataset,2023,"推算复试线373分,录取最高379分,平均376.0分,录取2人"
哈尔滨工业大学,黑龙江,0854,085440-电子信息,专业学位,FULL_TIME,待补充,352,2,2,2023,985,,,CPEER推算(录取最低分),https://github.com/Younai2021/CPEER-Dataset,2023,"推算复试线352分,录取最高400分,平均376.0分,录取2人"
哈尔滨工业大学,黑龙江,0854,085441-电子信息,专业学位,FULL_TIME,待补充,356,2,2,2023,985,,,CPEER推算(录取最低分),https://github.com/Younai2021/CPEER-Dataset,2023,"推算复试线356分,录取最高382分,平均369.0分,录取2人"
哈尔滨工业大学,黑龙江,0854,085442-电子信息,专业学位,FULL_TIME,待补充,388,1,1,2023,985,,,CPEER推算(录取最低分),https://github.com/Younai2021/CPEER-Dataset,2023,"推算复试线388分,录取最高388分,平均388.0分,录取1人"
哈尔滨工业大学,黑龙江,0854,085443-电子信息,专业学位,FULL_TIME,待补充,403,1,1,2023,985,,,CPEER推算(录取最低分),https://github.com/Younai2021/CPEER-Dataset,2023,"推算复试线403分,录取最高403分,平均403.0分,录取1人"
哈尔滨工业大学,黑龙江,0854,085444-电子信息,专业学位,FULL_TIME,待补充,363,1,1,2023,985,,,CPEER推算(录取最低分),https://github.com/Younai2021/CPEER-Dataset,2023,"推算复试线363分,录取最高363分,平均363.0分,录取1人"
哈尔滨工业大学,黑龙江,0854,085445-电子信息,专业学位,FULL_TIME,待补充,379,2,2,2023,985,,,CPEER推算(录取最低分),https://github.com/Younai2021/CPEER-Dataset,2023,"推算复试线379分,录取最高403分,平均391.0分,录取2人"
哈尔滨工业大学,黑龙江,0854,085446-电子信息,专业学位,FULL_TIME,待补充,362,2,2,2023,985,,,CPEER推算(录取最低分),https://github.com/Younai2021/CPEER-Dataset,2023,"推算复试线362分,录取最高388分,平均375.0分,录取2人"
哈尔滨工业大学,黑龙江,0854,085447-电子信息,专业学位,FULL_TIME,待补充,373,2,2,2023,985,,,CPEER推算(录取最低分),https://github.com/Younai2021/CPEER-Dataset,2023,"推算复试线373分,录取最高386分,平均379.5分,录取2人"
哈尔滨工业大学,黑龙江,0854,085448-电子信息,专业学位,FULL_TIME,待补充,374,2,2,2023,985,,,CPEER推算(录取最低分),https://github.com/Younai2021/CPEER-Dataset,2023,"推算复试线374分,录取最高385分,平均379.5分,录取2人"
哈尔滨工业大学,黑龙江,0854,085449-电子信息,专业学位,FULL_TIME,待补充,361,2,2,2023,985,,,CPEER推算(录取最低分),https://github.com/Younai2021/CPEER-Dataset,2023,"推算复试线361分,录取最高401分,平均381.0分,录取2人"
哈尔滨工业大学,黑龙江,0854,085450-电子信息,专业学位,FULL_TIME,待补充,355,2,2,2023,985,,,CPEER推算(录取最低分),https://github.com/Younai2021/CPEER-Dataset,2023,"推算复试线355分,录取最高374分,平均364.5分,录取2人"
哈尔滨工业大学,黑龙江,0854,085451-电子信息,专业学位,FULL_TIME,待补充,374,2,2,2023,985,,,CPEER推算(录取最低分),https://github.com/Younai2021/CPEER-Dataset,2023,"推算复试线374分,录取最高395分,平均384.5分,录取2人"
哈尔滨工业大学,黑龙江,0854,085452-电子信息,专业学位,FULL_TIME,待补充,373,2,2,2023,985,,,CPEER推算(录取最低分),https://github.com/Younai2021/CPEER-Dataset,2023,"推算复试线373分,录取最高374分,平均373.5分,录取2人"
哈尔滨工业大学,黑龙江,0854,085453-电子信息,专业学位,FULL_TIME,待补充,374,2,2,2023,985,,,CPEER推算(录取最低分),https://github.com/Younai2021/CPEER-Dataset,2023,"推算复试线374分,录取最高393分,平均383.5分,录取2人"
哈尔滨工业大学,黑龙江,0854,085454-电子信息,专业学位,FULL_TIME,待补充,374,2,2,2023,985,,,CPEER推算(录取最低分),https://github.com/Younai2021/CPEER-Dataset,2023,"推算复试线374分,录取最高396分,平均385.0分,录取2人"
哈尔滨工业大学,黑龙江,0854,085455-电子信息,专业学位,FULL_TIME,待补充,361,2,2,2023,985,,,CPEER推算(录取最低分),https://github.com/Younai2021/CPEER-Dataset,2023,"推算复试线361分,录取最高377分,平均369.0分,录取2人"
哈尔滨工业大学,黑龙江,0854,085456-电子信息,专业学位,FULL_TIME,待补充,381,2,2,2023,985,,,CPEER推算(录取最低分),https://github.com/Younai2021/CPEER-Dataset,2023,"推算复试线381分,录取最高395分,平均388.0分,录取2人"
哈尔滨工业大学,黑龙江,0854,085457-电子信息,专业学位,FULL_TIME,待补充,360,2,2,2023,985,,,CPEER推算(录取最低分),https://github.com/Younai2021/CPEER-Dataset,2023,"推算复试线360分,录取最高365分,平均362.5分,录取2人"
哈尔滨工业大学,黑龙江,0854,085458-电子信息,专业学位,FULL_TIME,待补充,362,2,2,2023,985,,,CPEER推算(录取最低分),https://github.com/Younai2021/CPEER-Dataset,2023,"推算复试线362分,录取最高378分,平均370.0分,录取2人"
哈尔滨工业大学,黑龙江,0854,085459-电子信息,专业学位,FULL_TIME,待补充,349,2,2,2023,985,,,CPEER推算(录取最低分),https://github.com/Younai2021/CPEER-Dataset,2023,"推算复试线349分,录取最高383分,平均366.0分,录取2人"
哈尔滨工业大学,黑龙江,0854,085460-电子信息,专业学位,FULL_TIME,待补充,374,2,2,2023,985,,,CPEER推算(录取最低分),https://github.com/Younai2021/CPEER-Dataset,2023,"推算复试线374分,录取最高387分,平均380.5分,录取2人"
哈尔滨工业大学,黑龙江,0854,085461-电子信息,专业学位,FULL_TIME,待补充,350,2,2,2023,985,,,CPEER推算(录取最低分),https://github.com/Younai2021/CPEER-Dataset,2023,"推算复试线350分,录取最高388分,平均369.0分,录取2人"
哈尔滨工业大学,黑龙江,0854,085462-电子信息,专业学位,FULL_TIME,待补充,350,2,2,2023,985,,,CPEER推算(录取最低分),https://github.com/Younai2021/CPEER-Dataset,2023,"推算复试线350分,录取最高424分,平均387.0分,录取2人"
哈尔滨工业大学,黑龙江,0854,085463-电子信息,专业学位,FULL_TIME,待补充,379,2,2,2023,985,,,CPEER推算(录取最低分),https://github.com/Younai2021/CPEER-Dataset,2023,"推算复试线379分,录取最高386分,平均382.5分,录取2人"
哈尔滨工业大学,黑龙江,0854,085464-电子信息,专业学位,FULL_TIME,待补充,366,2,2,2023,985,,,CPEER推算(录取最低分),https://github.com/Younai2021/CPEER-Dataset,2023,"推算复试线366分,录取最高383分,平均374.5分,录取2人"
哈尔滨工业大学,黑龙江,0854,085465-电子信息,专业学位,FULL_TIME,待补充,380,1,1,2023,985,,,CPEER推算(录取最低分),https://github.com/Younai2021/CPEER-Dataset,2023,"推算复试线380分,录取最高380分,平均380.0分,录取1人"
哈尔滨工业大学,黑龙江,0854,085466-电子信息,专业学位,FULL_TIME,待补充,386,1,1,2023,985,,,CPEER推算(录取最低分),https://github.com/Younai2021/CPEER-Dataset,2023,"推算复试线386分,录取最高386分,平均386.0分,录取1人"
哈尔滨工业大学,黑龙江,0854,085467-电子信息,专业学位,FULL_TIME,待补充,409,1,1,2023,985,,,CPEER推算(录取最低分),https://github.com/Younai2021/CPEER-Dataset,2023,"推算复试线409分,录取最高409分,平均409.0分,录取1人"
哈尔滨工业大学,黑龙江,0854,085468-电子信息,专业学位,FULL_TIME,待补充,375,1,1,2023,985,,,CPEER推算(录取最低分),https://github.com/Younai2021/CPEER-Dataset,2023,"推算复试线375分,录取最高375分,平均375.0分,录取1人"
哈尔滨工业大学,黑龙江,0854,085469-电子信息,专业学位,FULL_TIME,待补充,370,1,1,2023,985,,,CPEER推算(录取最低分),https://github.com/Younai2021/CPEER-Dataset,2023,"推算复试线370分,录取最高370分,平均370.0分,录取1人"
哈尔滨工业大学,黑龙江,0854,085470-电子信息,专业学位,FULL_TIME,待补充,388,1,1,2023,985,,,CPEER推算(录取最低分),https://github.com/Younai2021/CPEER-Dataset,2023,"推算复试线388分,录取最高388分,平均388.0分,录取1人"
哈尔滨工业大学,黑龙江,0854,085471-电子信息,专业学位,FULL_TIME,待补充,396,1,1,2023,985,,,CPEER推算(录取最低分),https://github.com/Younai2021/CPEER-Dataset,2023,"推算复试线396分,录取最高396分,平均396.0分,录取1人"
哈尔滨工业大学,黑龙江,0854,085472-电子信息,专业学位,FULL_TIME,待补充,396,1,1,2023,985,,,CPEER推算(录取最低分),https://github.com/Younai2021/CPEER-Dataset,2023,"推算复试线396分,录取最高396分,平均396.0分,录取1人"
哈尔滨工业大学,黑龙江,0854,085473-电子信息,专业学位,FULL_TIME,待补充,368,1,1,2023,985,,,CPEER推算(录取最低分),https://github.com/Younai2021/CPEER-Dataset,2023,"推算复试线368分,录取最高368分,平均368.0分,录取1人"
哈尔滨工业大学,黑龙江,0854,085474-电子信息,专业学位,FULL_TIME,待补充,390,1,1,2023,985,,,CPEER推算(录取最低分),https://github.com/Younai2021/CPEER-Dataset,2023,"推算复试线390分,录取最高390分,平均390.0分,录取1人"
哈尔滨工业大学,黑龙江,0854,085475-电子信息,专业学位,FULL_TIME,待补充,382,1,1,2023,985,,,CPEER推算(录取最低分),https://github.com/Younai2021/CPEER-Dataset,2023,"推算复试线382分,录取最高382分,平均382.0分,录取1人"
哈尔滨工业大学,黑龙江,0854,085476-电子信息,专业学位,FULL_TIME,待补充,371,1,1,2023,985,,,CPEER推算(录取最低分),https://github.com/Younai2021/CPEER-Dataset,2023,"推算复试线371分,录取最高371分,平均371.0分,录取1人"
哈尔滨工业大学,黑龙江,0854,085477-电子信息,专业学位,FULL_TIME,待补充,383,1,1,2023,985,,,CPEER推算(录取最低分),https://github.com/Younai2021/CPEER-Dataset,2023,"推算复试线383分,录取最高383分,平均383.0分,录取1人"
哈尔滨工业大学,黑龙江,0854,085478-电子信息,专业学位,FULL_TIME,待补充,388,1,1,2023,985,,,CPEER推算(录取最低分),https://github.com/Younai2021/CPEER-Dataset,2023,"推算复试线388分,录取最高388分,平均388.0分,录取1人"
哈尔滨工业大学,黑龙江,0854,085479-电子信息,专业学位,FULL_TIME,待补充,364,1,1,2023,985,,,CPEER推算(录取最低分),https://github.com/Younai2021/CPEER-Dataset,2023,"推算复试线364分,录取最高364分,平均364.0分,录取1人"
哈尔滨工业大学,黑龙江,0854,085480-电子信息,专业学位,FULL_TIME,待补充,396,1,1,2023,985,,,CPEER推算(录取最低分),https://github.com/Younai2021/CPEER-Dataset,2023,"推算复试线396分,录取最高396分,平均396.0分,录取1人"
哈尔滨工业大学,黑龙江,0854,085481-电子信息,专业学位,FULL_TIME,待补充,355,1,1,2023,985,,,CPEER推算(录取最低分),https://github.com/Younai2021/CPEER-Dataset,2023,"推算复试线355分,录取最高355分,平均355.0分,录取1人"
哈尔滨工业大学,黑龙江,0854,085482-电子信息,专业学位,FULL_TIME,待补充,393,1,1,2023,985,,,CPEER推算(录取最低分),https://github.com/Younai2021/CPEER-Dataset,2023,"推算复试线393分,录取最高393分,平均393.0分,录取1人"
哈尔滨工业大学,黑龙江,0854,085483-电子信息,专业学位,FULL_TIME,待补充,376,1,1,2023,985,,,CPEER推算(录取最低分),https://github.com/Younai2021/CPEER-Dataset,2023,"推算复试线376分,录取最高376分,平均376.0分,录取1人"
哈尔滨工业大学,黑龙江,0854,085484-电子信息,专业学位,FULL_TIME,待补充,363,1,1,2023,985,,,CPEER推算(录取最低分),https://github.com/Younai2021/CPEER-Dataset,2023,"推算复试线363分,录取最高363分,平均363.0分,录取1人"
哈尔滨工业大学,黑龙江,0854,085485-电子信息,专业学位,FULL_TIME,待补充,389,1,1,2023,985,,,CPEER推算(录取最低分),https://github.com/Younai2021/CPEER-Dataset,2023,"推算复试线389分,录取最高389分,平均389.0分,录取1人"
哈尔滨工业大学,黑龙江,0854,085486-电子信息,专业学位,FULL_TIME,待补充,363,1,1,2023,985,,,CPEER推算(录取最低分),https://github.com/Younai2021/CPEER-Dataset,2023,"推算复试线363分,录取最高363分,平均363.0分,录取1人"
哈尔滨工业大学,黑龙江,0854,085487-电子信息,专业学位,FULL_TIME,待补充,370,1,1,2023,985,,,CPEER推算(录取最低分),https://github.com/Younai2021/CPEER-Dataset,2023,"推算复试线370分,录取最高370分,平均370.0分,录取1人"
哈尔滨工业大学,黑龙江,0854,085488-电子信息,专业学位,FULL_TIME,待补充,368,1,1,2023,985,,,CPEER推算(录取最低分),https://github.com/Younai2021/CPEER-Dataset,2023,"推算复试线368分,录取最高368分,平均368.0分,录取1人"
哈尔滨工业大学,黑龙江,0854,085489-电子信息,专业学位,FULL_TIME,待补充,369,1,1,2023,985,,,CPEER推算(录取最低分),https://github.com/Younai2021/CPEER-Dataset,2023,"推算复试线369分,录取最高369分,平均369.0分,录取1人"
哈尔滨工业大学,黑龙江,0854,085490-电子信息,专业学位,FULL_TIME,待补充,374,1,1,2023,985,,,CPEER推算(录取最低分),https://github.com/Younai2021/CPEER-Dataset,2023,"推算复试线374分,录取最高374分,平均374.0分,录取1人"
哈尔滨工业大学,黑龙江,0854,085491-电子信息,专业学位,FULL_TIME,待补充,397,1,1,2023,985,,,CPEER推算(录取最低分),https://github.com/Younai2021/CPEER-Dataset,2023,"推算复试线397分,录取最高397分,平均397.0分,录取1人"
哈尔滨工业大学,黑龙江,0854,085492-电子信息,专业学位,FULL_TIME,待补充,368,1,1,2023,985,,,CPEER推算(录取最低分),https://github.com/Younai2021/CPEER-Dataset,2023,"推算复试线368分,录取最高368分,平均368.0分,录取1人"
哈尔滨工业大学,黑龙江,0854,085493-电子信息,专业学位,FULL_TIME,待补充,383,1,1,2023,985,,,CPEER推算(录取最低分),https://github.com/Younai2021/CPEER-Dataset,2023,"推算复试线383分,录取最高383分,平均383.0分,录取1人"
哈尔滨工业大学,黑龙江,0854,085494-电子信息,专业学位,FULL_TIME,待补充,383,1,1,2023,985,,,CPEER推算(录取最低分),https://github.com/Younai2021/CPEER-Dataset,2023,"推算复试线383分,录取最高383分,平均383.0分,录取1人"
哈尔滨工业大学,黑龙江,0854,085495-电子信息,专业学位,FULL_TIME,待补充,387,1,1,2023,985,,,CPEER推算(录取最低分),https://github.com/Younai2021/CPEER-Dataset,2023,"推算复试线387分,录取最高387分,平均387.0分,录取1人"
哈尔滨工业大学,黑龙江,0854,085496-电子信息,专业学位,FULL_TIME,待补充,358,1,1,2023,985,,,CPEER推算(录取最低分),https://github.com/Younai2021/CPEER-Dataset,2023,"推算复试线358分,录取最高358分,平均358.0分,录取1人"
哈尔滨工业大学,黑龙江,0854,085497-电子信息,专业学位,FULL_TIME,待补充,360,1,1,2023,985,,,CPEER推算(录取最低分),https://github.com/Younai2021/CPEER-Dataset,2023,"推算复试线360分,录取最高360分,平均360.0分,录取1人"
哈尔滨工业大学,黑龙江,0854,085498-电子信息,专业学位,FULL_TIME,待补充,355,1,1,2023,985,,,CPEER推算(录取最低分),https://github.com/Younai2021/CPEER-Dataset,2023,"推算复试线355分,录取最高355分,平均355.0分,录取1人"
哈尔滨工业大学,黑龙江,0854,085499-电子信息,专业学位,FULL_TIME,待补充,381,1,1,2023,985,,,CPEER推算(录取最低分),https://github.com/Younai2021/CPEER-Dataset,2023,"推算复试线381分,录取最高381分,平均381.0分,录取1人"
哈尔滨工业大学,黑龙江,0854,085500-电子信息,专业学位,FULL_TIME,待补充,366,1,1,2023,985,,,CPEER推算(录取最低分),https://github.com/Younai2021/CPEER-Dataset,2023,"推算复试线366分,录取最高366分,平均366.0分,录取1人"
哈尔滨工业大学,黑龙江,0854,085501-电子信息,专业学位,FULL_TIME,待补充,382,1,1,2023,985,,,CPEER推算(录取最低分),https://github.com/Younai2021/CPEER-Dataset,2023,"推算复试线382分,录取最高382分,平均382.0分,录取1人"
哈尔滨工业大学,黑龙江,0854,085502-电子信息,专业学位,FULL_TIME,待补充,358,1,1,2023,985,,,CPEER推算(录取最低分),https://github.com/Younai2021/CPEER-Dataset,2023,"推算复试线358分,录取最高358分,平均358.0分,录取1人"
哈尔滨工业大学,黑龙江,0854,085503-电子信息,专业学位,FULL_TIME,待补充,360,1,1,2023,985,,,CPEER推算(录取最低分),https://github.com/Younai2021/CPEER-Dataset,2023,"推算复试线360分,录取最高360分,平均360.0分,录取1人"
哈尔滨工业大学,黑龙江,0854,085504-电子信息,专业学位,FULL_TIME,待补充,370,1,1,2023,985,,,CPEER推算(录取最低分),https://github.com/Younai2021/CPEER-Dataset,2023,"推算复试线370分,录取最高370分,平均370.0分,录取1人"
哈尔滨工业大学,黑龙江,0854,085505-电子信息,专业学位,FULL_TIME,待补充,378,1,1,2023,985,,,CPEER推算(录取最低分),https://github.com/Younai2021/CPEER-Dataset,2023,"推算复试线378分,录取最高378分,平均378.0分,录取1人"
哈尔滨工业大学,黑龙江,0854,085506-电子信息,专业学位,FULL_TIME,待补充,369,1,1,2023,985,,,CPEER推算(录取最低分),https://github.com/Younai2021/CPEER-Dataset,2023,"推算复试线369分,录取最高369分,平均369.0分,录取1人"
哈尔滨工业大学,黑龙江,0854,085507-电子信息,专业学位,FULL_TIME,待补充,379,1,1,2023,985,,,CPEER推算(录取最低分),https://github.com/Younai2021/CPEER-Dataset,2023,"推算复试线379分,录取最高379分,平均379.0分,录取1人"
哈尔滨工业大学,黑龙江,0854,085508-电子信息,专业学位,FULL_TIME,待补充,390,1,1,2023,985,,,CPEER推算(录取最低分),https://github.com/Younai2021/CPEER-Dataset,2023,"推算复试线390分,录取最高390分,平均390.0分,录取1人"
哈尔滨工业大学,黑龙江,0854,085509-电子信息,专业学位,FULL_TIME,待补充,363,1,1,2023,985,,,CPEER推算(录取最低分),https://github.com/Younai2021/CPEER-Dataset,2023,"推算复试线363分,录取最高363分,平均363.0分,录取1人"
哈尔滨工业大学,黑龙江,0854,085510-电子信息,专业学位,FULL_TIME,待补充,377,1,1,2023,985,,,CPEER推算(录取最低分),https://github.com/Younai2021/CPEER-Dataset,2023,"推算复试线377分,录取最高377分,平均377.0分,录取1人"
哈尔滨工业大学,黑龙江,0854,085511-电子信息,专业学位,FULL_TIME,待补充,361,1,1,2023,985,,,CPEER推算(录取最低分),https://github.com/Younai2021/CPEER-Dataset,2023,"推算复试线361分,录取最高361分,平均361.0分,录取1人"
哈尔滨工业大学,黑龙江,0854,085512-电子信息,专业学位,FULL_TIME,待补充,369,1,1,2023,985,,,CPEER推算(录取最低分),https://github.com/Younai2021/CPEER-Dataset,2023,"推算复试线369分,录取最高369分,平均369.0分,录取1人"
哈尔滨工业大学,黑龙江,0854,085513-电子信息,专业学位,FULL_TIME,待补充,359,1,1,2023,985,,,CPEER推算(录取最低分),https://github.com/Younai2021/CPEER-Dataset,2023,"推算复试线359分,录取最高359分,平均359.0分,录取1人"
哈尔滨工业大学,黑龙江,0854,085514-电子信息,专业学位,FULL_TIME,待补充,378,1,1,2023,985,,,CPEER推算(录取最低分),https://github.com/Younai2021/CPEER-Dataset,2023,"推算复试线378分,录取最高378分,平均378.0分,录取1人"
哈尔滨工业大学,黑龙江,0854,085515-电子信息,专业学位,FULL_TIME,待补充,358,1,1,2023,985,,,CPEER推算(录取最低分),https://github.com/Younai2021/CPEER-Dataset,2023,"推算复试线358分,录取最高358分,平均358.0分,录取1人"
哈尔滨工业大学,黑龙江,0854,085516-电子信息,专业学位,FULL_TIME,待补充,367,1,1,2023,985,,,CPEER推算(录取最低分),https://github.com/Younai2021/CPEER-Dataset,2023,"推算复试线367分,录取最高367分,平均367.0分,录取1人"
哈尔滨工业大学,黑龙江,0854,085517-电子信息,专业学位,FULL_TIME,待补充,353,1,1,2023,985,,,CPEER推算(录取最低分),https://github.com/Younai2021/CPEER-Dataset,2023,"推算复试线353分,录取最高353分,平均353.0分,录取1人"
哈尔滨工业大学,黑龙江,0854,085518-电子信息,专业学位,FULL_TIME,待补充,355,1,1,2023,985,,,CPEER推算(录取最低分),https://github.com/Younai2021/CPEER-Dataset,2023,"推算复试线355分,录取最高355分,平均355.0分,录取1人"
哈尔滨工业大学,黑龙江,0854,085519-电子信息,专业学位,FULL_TIME,待补充,352,1,1,2023,985,,,CPEER推算(录取最低分),https://github.com/Younai2021/CPEER-Dataset,2023,"推算复试线352分,录取最高352分,平均352.0分,录取1人"
哈尔滨工业大学,黑龙江,0854,085520-电子信息,专业学位,FULL_TIME,待补充,388,1,1,2023,985,,,CPEER推算(录取最低分),https://github.com/Younai2021/CPEER-Dataset,2023,"推算复试线388分,录取最高388分,平均388.0分,录取1人"
哈尔滨工业大学,黑龙江,0854,085521-电子信息,专业学位,FULL_TIME,待补充,383,1,1,2023,985,,,CPEER推算(录取最低分),https://github.com/Younai2021/CPEER-Dataset,2023,"推算复试线383分,录取最高383分,平均383.0分,录取1人"
哈尔滨工业大学,黑龙江,0854,085522-电子信息,专业学位,FULL_TIME,待补充,355,1,1,2023,985,,,CPEER推算(录取最低分),https://github.com/Younai2021/CPEER-Dataset,2023,"推算复试线355分,录取最高355分,平均355.0分,录取1人"
哈尔滨工业大学,黑龙江,0854,085523-电子信息,专业学位,FULL_TIME,待补充,366,1,1,2023,985,,,CPEER推算(录取最低分),https://github.com/Younai2021/CPEER-Dataset,2023,"推算复试线366分,录取最高366分,平均366.0分,录取1人"
哈尔滨工业大学,黑龙江,0854,085524-电子信息,专业学位,FULL_TIME,待补充,364,1,1,2023,985,,,CPEER推算(录取最低分),https://github.com/Younai2021/CPEER-Dataset,2023,"推算复试线364分,录取最高364分,平均364.0分,录取1人"
哈尔滨工业大学,黑龙江,0854,085525-电子信息,专业学位,FULL_TIME,待补充,351,1,1,2023,985,,,CPEER推算(录取最低分),https://github.com/Younai2021/CPEER-Dataset,2023,"推算复试线351分,录取最高351分,平均351.0分,录取1人"
哈尔滨工业大学,黑龙江,0854,085526-电子信息,专业学位,FULL_TIME,待补充,376,1,1,2023,985,,,CPEER推算(录取最低分),https://github.com/Younai2021/CPEER-Dataset,2023,"推算复试线376分,录取最高376分,平均376.0分,录取1人"
哈尔滨工业大学,黑龙江,0854,085527-电子信息,专业学位,FULL_TIME,待补充,361,1,1,2023,985,,,CPEER推算(录取最低分),https://github.com/Younai2021/CPEER-Dataset,2023,"推算复试线361分,录取最高361分,平均361.0分,录取1人"
哈尔滨工业大学,黑龙江,0854,085528-电子信息,专业学位,FULL_TIME,待补充,399,1,1,2023,985,,,CPEER推算(录取最低分),https://github.com/Younai2021/CPEER-Dataset,2023,"推算复试线399分,录取最高399分,平均399.0分,录取1人"
四川大学,四川,0812,计算机科学与技术,学术学位,FULL_TIME,待补充,341,20,20,2023,985,,,CPEER推算(录取最低分),https://github.com/Younai2021/CPEER-Dataset,2023,"推算复试线341分,录取最高409分,平均370.9分,录取20人"
四川大学,四川,0835,软件工程,学术学位,FULL_TIME,待补充,328,15,15,2023,985,,,CPEER推算(录取最低分),https://github.com/Younai2021/CPEER-Dataset,2023,"推算复试线328分,录取最高397分,平均363.3分,录取15人"
四川大学,四川,0854,电子信息,专业学位,FULL_TIME,待补充,345,118,118,2023,985,,,CPEER推算(录取最低分),https://github.com/Younai2021/CPEER-Dataset,2023,"推算复试线345分,录取最高418分,平均377.7分,录取118人"
大连海事大学,辽宁,0812,计算机科学与技术,学术学位,FULL_TIME,待补充,313,41,50,2023,211,,,CPEER推算(录取最低分),https://github.com/Younai2021/CPEER-Dataset,2023,"推算复试线313分,录取最高379分,平均335.1分,录取41人"
大连海事大学,辽宁,0835,软件工程,学术学位,FULL_TIME,待补充,279,20,22,2023,211,,,CPEER推算(录取最低分),https://github.com/Younai2021/CPEER-Dataset,2023,"推算复试线279分,录取最高396分,平均332.4分,录取20人"
大连海事大学,辽宁,0839,网络与信息安全,学术学位,FULL_TIME,待补充,333,20,24,2023,211,,,CPEER推算(录取最低分),https://github.com/Younai2021/CPEER-Dataset,2023,"推算复试线333分,录取最高389分,平均353.1分,录取20人"
大连海事大学,辽宁,0854,新一代电子信息技术,专业学位,FULL_TIME,待补充,274,23,23,2023,211,,,CPEER推算(录取最低分),https://github.com/Younai2021/CPEER-Dataset,2023,"推算复试线274分,录取最高374分,平均319.7分,录取23人"
大连海事大学,辽宁,0854,计算机技术,专业学位,FULL_TIME,待补充,285,39,47,2023,211,,,CPEER推算(录取最低分),https://github.com/Younai2021/CPEER-Dataset,2023,"推算复试线285分,录取最高395分,平均349.5分,录取39人"
大连海事大学,辽宁,0854,人工智能,专业学位,FULL_TIME,待补充,285,60,76,2023,211,,,CPEER推算(录取最低分),https://github.com/Younai2021/CPEER-Dataset,2023,"推算复试线285分,录取最高415分,平均349.4分,录取60人"
大连海事大学,辽宁,0854,大数据技术与工程,专业学位,FULL_TIME,待补充,291,23,32,2023,211,,,CPEER推算(录取最低分),https://github.com/Younai2021/CPEER-Dataset,2023,"推算复试线291分,录取最高393分,平均355.0分,录取23人"
天津大学,天津,0812,计算机科学与技术,学术学位,FULL_TIME,待补充,315,1,1,2023,985,,,CPEER推算(录取最低分),https://github.com/Younai2021/CPEER-Dataset,2023,"推算复试线315分,录取最高315分,平均315.0分,录取1人"
天津大学,天津,0854,电子信息,专业学位,FULL_TIME,待补充,319,82,120,2023,985,,,CPEER推算(录取最低分),https://github.com/Younai2021/CPEER-Dataset,2023,"推算复试线319分,录取最高413分,平均369.1分,录取82人"
宁夏大学,宁夏,0812,计算机科学与技术,学术学位,FULL_TIME,待补充,265,19,19,2023,211,,,CPEER推算(录取最低分),https://github.com/Younai2021/CPEER-Dataset,2023,"推算复试线265分,录取最高339分,平均304.5分,录取19人"
宁夏大学,宁夏,0854,新一代电子信息技术,专业学位,FULL_TIME,待补充,266,25,25,2023,211,,,CPEER推算(录取最低分),https://github.com/Younai2021/CPEER-Dataset,2023,"推算复试线266分,录取最高375分,平均306.7分,录取25人"
宁夏大学,宁夏,0854,计算机技术,专业学位,FULL_TIME,待补充,267,90,90,2023,211,,,CPEER推算(录取最低分),https://github.com/Younai2021/CPEER-Dataset,2023,"推算复试线267分,录取最高385分,平均318.0分,录取90人"
宁波大学,,0812,计算机科学与技术,学术学位,FULL_TIME,待补充,289,24,24,2023,,,,CPEER推算(录取最低分),https://github.com/Younai2021/CPEER-Dataset,2023,"推算复试线289分,录取最高357分,平均316.6分,录取24人"
宁波大学,,0854,电子信息,专业学位,FULL_TIME,待补充,273,28,28,2023,,,,CPEER推算(录取最低分),https://github.com/Younai2021/CPEER-Dataset,2023,"推算复试线273分,录取最高399分,平均325.5分,录取28人"
宁波大学,,0854,计算机技术,专业学位,FULL_TIME,待补充,323,63,63,2023,,,,CPEER推算(录取最低分),https://github.com/Younai2021/CPEER-Dataset,2023,"推算复试线323分,录取最高392分,平均354.9分,录取63人"
安徽大学,安徽,0812,计算机科学与技术,学术学位,FULL_TIME,待补充,275,110,110,2023,211,,,CPEER推算(录取最低分),https://github.com/Younai2021/CPEER-Dataset,2023,"推算复试线275分,录取最高393分,平均331.9分,录取110人"
安徽大学,安徽,0835,软件工程,学术学位,FULL_TIME,待补充,276,79,79,2023,211,,,CPEER推算(录取最低分),https://github.com/Younai2021/CPEER-Dataset,2023,"推算复试线276分,录取最高372分,平均312.1分,录取79人"
安徽大学,安徽,0854,计算机技术,专业学位,FULL_TIME,待补充,259,143,143,2023,211,,,CPEER推算(录取最低分),https://github.com/Younai2021/CPEER-Dataset,2023,"推算复试线259分,录取最高378分,平均326.1分,录取143人"
安徽大学,安徽,0854,人工智能,专业学位,FULL_TIME,待补充,273,84,84,2023,211,,,CPEER推算(录取最低分),https://github.com/Younai2021/CPEER-Dataset,2023,"推算复试线273分,录取最高385分,平均314.9分,录取84人"
安徽大学,安徽,0854,电子信息,专业学位,FULL_TIME,待补充,278,75,75,2023,211,,,CPEER推算(录取最低分),https://github.com/Younai2021/CPEER-Dataset,2023,"推算复试线278分,录取最高401分,平均326.8分,录取75人"
广西大学,广西,0812,计算机科学与技术,学术学位,FULL_TIME,待补充,263,48,48,2023,211,,,CPEER推算(录取最低分),https://github.com/Younai2021/CPEER-Dataset,2023,"推算复试线263分,录取最高329分,平均288.8分,录取48人"
广西大学,广西,0854,新一代电子信息技术,专业学位,FULL_TIME,待补充,265,15,15,2023,211,,,CPEER推算(录取最低分),https://github.com/Younai2021/CPEER-Dataset,2023,"推算复试线265分,录取最高346分,平均293.9分,录取15人"
广西大学,广西,0854,计算机技术,专业学位,FULL_TIME,待补充,258,97,97,2023,211,,,CPEER推算(录取最低分),https://github.com/Younai2021/CPEER-Dataset,2023,"推算复试线258分,录取最高371分,平均314.5分,录取97人"
广西大学,广西,0854,人工智能,专业学位,FULL_TIME,待补充,263,26,26,2023,211,,,CPEER推算(录取最低分),https://github.com/Younai2021/CPEER-Dataset,2023,"推算复试线263分,录取最高378分,平均302.1分,录取26人"
延边大学,吉林,0812,计算机科学与技术,学术学位,FULL_TIME,待补充,276,12,12,2023,211,,,CPEER推算(录取最低分),https://github.com/Younai2021/CPEER-Dataset,2023,"推算复试线276分,录取最高345分,平均304.5分,录取12人"
延边大学,吉林,0854,新一代电子信息技术,专业学位,FULL_TIME,待补充,323,20,20,2023,211,,,CPEER推算(录取最低分),https://github.com/Younai2021/CPEER-Dataset,2023,"推算复试线323分,录取最高406分,平均357.8分,录取20人"
延边大学,吉林,0854,计算机技术,专业学位,FULL_TIME,待补充,329,21,21,2023,211,,,CPEER推算(录取最低分),https://github.com/Younai2021/CPEER-Dataset,2023,"推算复试线329分,录取最高408分,平均358.0分,录取21人"
成都理工大学,,0812,计算机科学与技术,学术学位,FULL_TIME,待补充,276,36,36,2023,,,,CPEER推算(录取最低分),https://github.com/Younai2021/CPEER-Dataset,2023,"推算复试线276分,录取最高347分,平均298.1分,录取36人"
成都理工大学,,0835,软件工程,学术学位,FULL_TIME,待补充,308,22,22,2023,,,,CPEER推算(录取最低分),https://github.com/Younai2021/CPEER-Dataset,2023,"推算复试线308分,录取最高382分,平均334.6分,录取22人"
成都理工大学,,0839,网络空间安全,学术学位,FULL_TIME,待补充,288,5,5,2023,,,,CPEER推算(录取最低分),https://github.com/Younai2021/CPEER-Dataset,2023,"推算复试线288分,录取最高345分,平均308.8分,录取5人"
成都理工大学,,0839,网络与信息安全,学术学位,FULL_TIME,待补充,311,15,15,2023,,,,CPEER推算(录取最低分),https://github.com/Younai2021/CPEER-Dataset,2023,"推算复试线311分,录取最高362分,平均334.4分,录取15人"
成都理工大学,,0854,计算机技术,专业学位,FULL_TIME,待补充,310,17,17,2023,,,,CPEER推算(录取最低分),https://github.com/Younai2021/CPEER-Dataset,2023,"推算复试线310分,录取最高391分,平均336.6分,录取17人"
成都理工大学,,0854,人工智能,专业学位,FULL_TIME,待补充,303,12,12,2023,,,,CPEER推算(录取最低分),https://github.com/Younai2021/CPEER-Dataset,2023,"推算复试线303分,录取最高388分,平均326.5分,录取12人"
成都理工大学,,0854,大数据技术与工程,专业学位,FULL_TIME,待补充,286,10,10,2023,,,,CPEER推算(录取最低分),https://github.com/Younai2021/CPEER-Dataset,2023,"推算复试线286分,录取最高325分,平均298.6分,录取10人"
新疆大学,新疆,0812,计算机科学与技术,学术学位,FULL_TIME,待补充,255,41,52,2023,211,,,CPEER推算(录取最低分),https://github.com/Younai2021/CPEER-Dataset,2023,"推算复试线255分,录取最高326分,平均288.0分,录取41人"
新疆大学,新疆,0835,软件工程,学术学位,FULL_TIME,待补充,350,19,23,2023,211,,,CPEER推算(录取最低分),https://github.com/Younai2021/CPEER-Dataset,2023,"推算复试线350分,录取最高389分,平均365.4分,录取19人"
新疆大学,新疆,0854,电子信息,专业学位,FULL_TIME,待补充,257,93,137,2023,211,,,CPEER推算(录取最低分),https://github.com/Younai2021/CPEER-Dataset,2023,"推算复试线257分,录取最高398分,平均327.5分,录取93人"
新疆大学,新疆,0854,计算机技术,专业学位,FULL_TIME,待补充,267,161,236,2023,211,,,CPEER推算(录取最低分),https://github.com/Younai2021/CPEER-Dataset,2023,"推算复试线267分,录取最高392分,平均313.1分,录取161人"
武汉大学,湖北,0812,计算机科学与技术,学术学位,FULL_TIME,待补充,316,3,3,2023,985,,,CPEER推算(录取最低分),https://github.com/Younai2021/CPEER-Dataset,2023,"推算复试线316分,录取最高374分,平均340.0分,录取3人"
武汉大学,湖北,0812,计算机应用技术,学术学位,FULL_TIME,待补充,342,1,1,2023,985,,,CPEER推算(录取最低分),https://github.com/Younai2021/CPEER-Dataset,2023,"推算复试线342分,录取最高342分,平均342.0分,录取1人"
武汉大学,湖北,0835,软件工程,学术学位,FULL_TIME,待补充,285,22,22,2023,985,,,CPEER推算(录取最低分),https://github.com/Younai2021/CPEER-Dataset,2023,"推算复试线285分,录取最高419分,平均358.5分,录取22人"
武汉大学,湖北,0839,网络空间安全,学术学位,FULL_TIME,待补充,335,39,50,2023,985,,,CPEER推算(录取最低分),https://github.com/Younai2021/CPEER-Dataset,2023,"推算复试线335分,录取最高408分,平均359.4分,录取39人"
武汉大学,湖北,0854,计算机技术,专业学位,FULL_TIME,待补充,333,15,16,2023,985,,,CPEER推算(录取最低分),https://github.com/Younai2021/CPEER-Dataset,2023,"推算复试线333分,录取最高410分,平均379.9分,录取15人"
武汉大学,湖北,0854,人工智能,专业学位,FULL_TIME,待补充,363,9,10,2023,985,,,CPEER推算(录取最低分),https://github.com/Younai2021/CPEER-Dataset,2023,"推算复试线363分,录取最高423分,平均384.1分,录取9人"
武汉大学,湖北,0854,电子信息,专业学位,FULL_TIME,待补充,279,60,60,2023,985,,,CPEER推算(录取最低分),https://github.com/Younai2021/CPEER-Dataset,2023,"推算复试线279分,录取最高426分,平均372.8分,录取60人"
武汉大学,湖北,0854,控制理论与控制工程,专业学位,FULL_TIME,待补充,365,1,1,2023,985,,,CPEER推算(录取最低分),https://github.com/Younai2021/CPEER-Dataset,2023,"推算复试线365分,录取最高365分,平均365.0分,录取1人"
武汉大学,湖北,0854,控制工程,专业学位,FULL_TIME,待补充,322,8,8,2023,985,,,CPEER推算(录取最低分),https://github.com/Younai2021/CPEER-Dataset,2023,"推算复试线322分,录取最高411分,平均358.4分,录取8人"
江南大学,江苏,0812,计算机科学与技术,学术学位,FULL_TIME,待补充,309,36,36,2023,211,,,CPEER推算(录取最低分),https://github.com/Younai2021/CPEER-Dataset,2023,"推算复试线309分,录取最高387分,平均338.1分,录取36人"
江南大学,江苏,0835,软件工程,学术学位,FULL_TIME,待补充,337,79,79,2023,211,,,CPEER推算(录取最低分),https://github.com/Younai2021/CPEER-Dataset,2023,"推算复试线337分,录取最高411分,平均364.7分,录取79人"
江南大学,江苏,0854,控制工程,专业学位,FULL_TIME,待补充,358,66,66,2023,211,,,CPEER推算(录取最低分),https://github.com/Younai2021/CPEER-Dataset,2023,"推算复试线358分,录取最高416分,平均386.5分,录取66人"
江南大学,江苏,0854,新一代电子信息技术,专业学位,FULL_TIME,待补充,283,23,23,2023,211,,,CPEER推算(录取最低分),https://github.com/Younai2021/CPEER-Dataset,2023,"推算复试线283分,录取最高389分,平均336.5分,录取23人"
江南大学,江苏,0854,计算机技术,专业学位,FULL_TIME,待补充,351,72,72,2023,211,,,CPEER推算(录取最低分),https://github.com/Younai2021/CPEER-Dataset,2023,"推算复试线351分,录取最高427分,平均378.3分,录取72人"
江南大学,江苏,0854,人工智能,专业学位,FULL_TIME,待补充,320,56,56,2023,211,,,CPEER推算(录取最低分),https://github.com/Younai2021/CPEER-Dataset,2023,"推算复试线320分,录取最高399分,平均357.4分,录取56人"
河北工业大学,河北,0812,计算机科学与技术,学术学位,FULL_TIME,待补充,302,48,48,2023,211,,,CPEER推算(录取最低分),https://github.com/Younai2021/CPEER-Dataset,2023,"推算复试线302分,录取最高401分,平均332.1分,录取48人"
河北工业大学,河北,0854,计算机技术,专业学位,FULL_TIME,待补充,279,67,67,2023,211,,,CPEER推算(录取最低分),https://github.com/Younai2021/CPEER-Dataset,2023,"推算复试线279分,录取最高398分,平均310.5分,录取67人"
河北工业大学,河北,0854,人工智能,专业学位,FULL_TIME,待补充,273,49,49,2023,211,,,CPEER推算(录取最低分),https://github.com/Younai2021/CPEER-Dataset,2023,"推算复试线273分,录取最高358分,平均298.9分,录取49人"
河海大学,江苏,0812,计算机科学与技术,学术学位,FULL_TIME,待补充,341,21,21,2023,211,,,CPEER推算(录取最低分),https://github.com/Younai2021/CPEER-Dataset,2023,"推算复试线341分,录取最高404分,平均372.0分,录取21人"
河海大学,江苏,0835,软件工程,学术学位,FULL_TIME,待补充,286,22,22,2023,211,,,CPEER推算(录取最低分),https://github.com/Younai2021/CPEER-Dataset,2023,"推算复试线286分,录取最高359分,平均316.3分,录取22人"
河海大学,江苏,0854,电子信息,专业学位,FULL_TIME,待补充,252,267,267,2023,211,,,CPEER推算(录取最低分),https://github.com/Younai2021/CPEER-Dataset,2023,"推算复试线252分,录取最高441分,平均389.8分,录取267人"
海南大学,海南,0812,计算机科学与技术,学术学位,FULL_TIME,待补充,311,20,20,2023,211,,,CPEER推算(录取最低分),https://github.com/Younai2021/CPEER-Dataset,2023,"推算复试线311分,录取最高368分,平均335.4分,录取20人"
海南大学,海南,0835,软件工程,学术学位,FULL_TIME,待补充,266,45,45,2023,211,,,CPEER推算(录取最低分),https://github.com/Younai2021/CPEER-Dataset,2023,"推算复试线266分,录取最高388分,平均345.2分,录取45人"
清华大学,北京,0812,计算机科学与技术,学术学位,FULL_TIME,待补充,341,17,17,2023,985,,,CPEER推算(录取最低分),https://github.com/Younai2021/CPEER-Dataset,2023,"推算复试线341分,录取最高433分,平均385.6分,录取17人"
清华大学,北京,0854,电子信息,专业学位,FULL_TIME,待补充,349,29,29,2023,985,,,CPEER推算(录取最低分),https://github.com/Younai2021/CPEER-Dataset,2023,"推算复试线349分,录取最高429分,平均382.1分,录取29人"
湖南师范大学,湖南,0812,计算机科学与技术,学术学位,FULL_TIME,待补充,336,13,16,2023,211,,,CPEER推算(录取最低分),https://github.com/Younai2021/CPEER-Dataset,2023,"推算复试线336分,录取最高388分,平均351.2分,录取13人"
湖南师范大学,湖南,0835,软件工程,学术学位,FULL_TIME,待补充,306,37,47,2023,211,,,CPEER推算(录取最低分),https://github.com/Younai2021/CPEER-Dataset,2023,"推算复试线306分,录取最高402分,平均366.4分,录取37人"
湖南师范大学,湖南,0854,计算机技术,专业学位,FULL_TIME,待补充,309,26,30,2023,211,,,CPEER推算(录取最低分),https://github.com/Younai2021/CPEER-Dataset,2023,"推算复试线309分,录取最高412分,平均364.2分,录取26人"
湖南师范大学,湖南,0854,人工智能,专业学位,FULL_TIME,待补充,328,23,28,2023,211,,,CPEER推算(录取最低分),https://github.com/Younai2021/CPEER-Dataset,2023,"推算复试线328分,录取最高400分,平均352.8分,录取23人"
电子科技大学,四川,0812,计算机科学与技术,学术学位,FULL_TIME,待补充,340,108,108,2023,985,,,CPEER推算(录取最低分),https://github.com/Younai2021/CPEER-Dataset,2023,"推算复试线340分,录取最高429分,平均366.9分,录取108人"
电子科技大学,四川,0835,软件工程,学术学位,FULL_TIME,待补充,297,150,150,2023,985,,,CPEER推算(录取最低分),https://github.com/Younai2021/CPEER-Dataset,2023,"推算复试线297分,录取最高408分,平均348.9分,录取150人"
电子科技大学,四川,0839,网络空间安全,学术学位,FULL_TIME,待补充,341,22,22,2023,985,,,CPEER推算(录取最低分),https://github.com/Younai2021/CPEER-Dataset,2023,"推算复试线341分,录取最高414分,平均364.6分,录取22人"
电子科技大学,四川,0854,电子信息,专业学位,FULL_TIME,待补充,290,276,276,2023,985,,,CPEER推算(录取最低分),https://github.com/Younai2021/CPEER-Dataset,2023,"推算复试线290分,录取最高443分,平均388.2分,录取276人"
电子科技大学,四川,0854,新一代电子信息技术,专业学位,FULL_TIME,待补充,302,2,2,2023,985,,,CPEER推算(录取最低分),https://github.com/Younai2021/CPEER-Dataset,2023,"推算复试线302分,录取最高336分,平均319.0分,录取2人"
电子科技大学,四川,0854,计算机技术,专业学位,FULL_TIME,待补充,345,128,128,2023,985,,,CPEER推算(录取最低分),https://github.com/Younai2021/CPEER-Dataset,2023,"推算复试线345分,录取最高424分,平均370.9分,录取128人"
电子科技大学(深圳),,0854,电子信息,专业学位,FULL_TIME,待补充,306,53,53,2023,,,,CPEER推算(录取最低分),https://github.com/Younai2021/CPEER-Dataset,2023,"推算复试线306分,录取最高422分,平均380.3分,录取53人"
电子科技大学(深圳),,0854,计算机技术,专业学位,FULL_TIME,待补充,330,38,38,2023,,,,CPEER推算(录取最低分),https://github.com/Younai2021/CPEER-Dataset,2023,"推算复试线330分,录取最高391分,平均352.7分,录取38人"
电子科技大学(深圳),,0854,控制工程,专业学位,FULL_TIME,待补充,309,26,26,2023,,,,CPEER推算(录取最低分),https://github.com/Younai2021/CPEER-Dataset,2023,"推算复试线309分,录取最高386分,平均354.7分,录取26人"
电子科技大学(深圳),,0854,新一代电子信息技术,专业学位,FULL_TIME,待补充,295,11,11,2023,,,,CPEER推算(录取最低分),https://github.com/Younai2021/CPEER-Dataset,2023,"推算复试线295分,录取最高383分,平均339.1分,录取11人"
福州大学,福建,0812,计算机科学与技术,学术学位,FULL_TIME,待补充,306,40,49,2023,211,,,CPEER推算(录取最低分),https://github.com/Younai2021/CPEER-Dataset,2023,"推算复试线306分,录取最高380分,平均335.2分,录取40人"
福州大学,福建,0835,软件工程,学术学位,FULL_TIME,待补充,278,41,50,2023,211,,,CPEER推算(录取最低分),https://github.com/Younai2021/CPEER-Dataset,2023,"推算复试线278分,录取最高395分,平均362.6分,录取41人"
福州大学,福建,0854,计算机技术,专业学位,FULL_TIME,待补充,348,125,147,2023,211,,,CPEER推算(录取最低分),https://github.com/Younai2021/CPEER-Dataset,2023,"推算复试线348分,录取最高413分,平均370.3分,录取125人"
福州大学,福建,0854,人工智能,专业学位,FULL_TIME,待补充,348,45,56,2023,211,,,CPEER推算(录取最低分),https://github.com/Younai2021/CPEER-Dataset,2023,"推算复试线348分,录取最高408分,平均373.6分,录取45人"
西北大学,陕西,0812,计算机科学与技术/计算机应用技术,学术学位,FULL_TIME,待补充,288,4,4,2023,211,,,CPEER推算(录取最低分),https://github.com/Younai2021/CPEER-Dataset,2023,"推算复试线288分,录取最高333分,平均307.2分,录取4人"
西北大学,陕西,0812,计算机科学与技术,学术学位,FULL_TIME,待补充,273,17,20,2023,211,,,CPEER推算(录取最低分),https://github.com/Younai2021/CPEER-Dataset,2023,"推算复试线273分,录取最高348分,平均306.1分,录取17人"
西北大学,陕西,0835,软件工程,学术学位,FULL_TIME,待补充,276,154,212,2023,211,,,CPEER推算(录取最低分),https://github.com/Younai2021/CPEER-Dataset,2023,"推算复试线276分,录取最高368分,平均315.0分,录取154人"
西南交通大学,四川,0839,网络空间安全,学术学位,FULL_TIME,待补充,291,2,2,2023,211,,,CPEER推算(录取最低分),https://github.com/Younai2021/CPEER-Dataset,2023,"推算复试线291分,录取最高325分,平均308.0分,录取2人"
西南交通大学,四川,0839,网络与信息安全,学术学位,FULL_TIME,待补充,294,4,4,2023,211,,,CPEER推算(录取最低分),https://github.com/Younai2021/CPEER-Dataset,2023,"推算复试线294分,录取最高378分,平均345.5分,录取4人"
西南交通大学,四川,0854,控制理论与控制工程,专业学位,FULL_TIME,待补充,299,4,4,2023,211,,,CPEER推算(录取最低分),https://github.com/Younai2021/CPEER-Dataset,2023,"推算复试线299分,录取最高357分,平均326.5分,录取4人"
西南交通大学,四川,0854,新一代电子信息技术,专业学位,FULL_TIME,待补充,358,1,1,2023,211,,,CPEER推算(录取最低分),https://github.com/Younai2021/CPEER-Dataset,2023,"推算复试线358分,录取最高358分,平均358.0分,录取1人"
西南交通大学,四川,0854,计算机技术,专业学位,FULL_TIME,待补充,348,15,15,2023,211,,,CPEER推算(录取最低分),https://github.com/Younai2021/CPEER-Dataset,2023,"推算复试线348分,录取最高422分,平均379.8分,录取15人"
西南交通大学,四川,0854,控制工程,专业学位,FULL_TIME,待补充,337,3,3,2023,211,,,CPEER推算(录取最低分),https://github.com/Younai2021/CPEER-Dataset,2023,"推算复试线337分,录取最高382分,平均365.7分,录取3人"
西南交通大学,四川,0854,人工智能,专业学位,FULL_TIME,待补充,334,4,4,2023,211,,,CPEER推算(录取最低分),https://github.com/Younai2021/CPEER-Dataset,2023,"推算复试线334分,录取最高398分,平均357.8分,录取4人"
西南财经大学,四川,0812,计算机科学与技术,学术学位,FULL_TIME,待补充,309,53,53,2023,211,,,CPEER推算(录取最低分),https://github.com/Younai2021/CPEER-Dataset,2023,"推算复试线309分,录取最高380分,平均337.9分,录取53人"
西安电子科技大学,陕西,0839,网络空间安全,学术学位,FULL_TIME,待补充,310,57,57,2023,211,,,CPEER推算(录取最低分),https://github.com/Younai2021/CPEER-Dataset,2023,"推算复试线310分,录取最高388分,平均338.4分,录取57人"
西安电子科技大学,陕西,0839,网络与信息安全,学术学位,FULL_TIME,待补充,283,30,42,2023,211,,,CPEER推算(录取最低分),https://github.com/Younai2021/CPEER-Dataset,2023,"推算复试线283分,录取最高335分,平均310.3分,录取30人"
西安电子科技大学,陕西,0854,人工智能,专业学位,FULL_TIME,待补充,247,3,3,2023,211,,,CPEER推算(录取最低分),https://github.com/Younai2021/CPEER-Dataset,2023,"推算复试线247分,录取最高257分,平均251.3分,录取3人"
西安电子科技大学,陕西,0854,控制工程,专业学位,FULL_TIME,待补充,327,4,4,2023,211,,,CPEER推算(录取最低分),https://github.com/Younai2021/CPEER-Dataset,2023,"推算复试线327分,录取最高345分,平均331.5分,录取4人"
西藏大学,西藏,0812,计算机软件与理论,学术学位,FULL_TIME,待补充,255,8,8,2023,211,,,CPEER推算(录取最低分),https://github.com/Younai2021/CPEER-Dataset,2023,"推算复试线255分,录取最高312分,平均293.0分,录取8人"
西藏大学,西藏,0812,计算机应用技术,学术学位,FULL_TIME,待补充,283,11,11,2023,211,,,CPEER推算(录取最低分),https://github.com/Younai2021/CPEER-Dataset,2023,"推算复试线283分,录取最高315分,平均296.7分,录取11人"
西藏大学,西藏,0812,计算机系统结构,学术学位,FULL_TIME,待补充,284,4,4,2023,211,,,CPEER推算(录取最低分),https://github.com/Younai2021/CPEER-Dataset,2023,"推算复试线284分,录取最高296分,平均289.5分,录取4人"
贵州大学,贵州,0812,计算机科学与技术,学术学位,FULL_TIME,待补充,284,41,41,2023,211,,,CPEER推算(录取最低分),https://github.com/Younai2021/CPEER-Dataset,2023,"推算复试线284分,录取最高374分,平均318.2分,录取41人"
贵州大学,贵州,0835,软件工程,学术学位,FULL_TIME,待补充,312,33,33,2023,211,,,CPEER推算(录取最低分),https://github.com/Younai2021/CPEER-Dataset,2023,"推算复试线312分,录取最高397分,平均343.2分,录取33人"
贵州大学,贵州,0854,电子信息,专业学位,FULL_TIME,待补充,264,311,311,2023,211,,,CPEER推算(录取最低分),https://github.com/Younai2021/CPEER-Dataset,2023,"推算复试线264分,录取最高419分,平均338.6分,录取311人"
辽宁大学,辽宁,0812,计算机系统结构,学术学位,FULL_TIME,待补充,326,1,1,2023,211,,,CPEER推算(录取最低分),https://github.com/Younai2021/CPEER-Dataset,2023,"推算复试线326分,录取最高326分,平均326.0分,录取1人"
辽宁大学,辽宁,0812,计算机软件与理论,学术学位,FULL_TIME,待补充,276,7,7,2023,211,,,CPEER推算(录取最低分),https://github.com/Younai2021/CPEER-Dataset,2023,"推算复试线276分,录取最高347分,平均314.6分,录取7人"
辽宁大学,辽宁,0812,计算机应用技术,学术学位,FULL_TIME,待补充,275,16,16,2023,211,,,CPEER推算(录取最低分),https://github.com/Younai2021/CPEER-Dataset,2023,"推算复试线275分,录取最高354分,平均302.9分,录取16人"
辽宁大学,辽宁,0835,软件工程,学术学位,FULL_TIME,待补充,281,35,35,2023,211,,,CPEER推算(录取最低分),https://github.com/Younai2021/CPEER-Dataset,2023,"推算复试线281分,录取最高383分,平均324.8分,录取35人"
长安大学,陕西,0812,计算机科学与技术,学术学位,FULL_TIME,待补充,339,24,24,2023,211,,,CPEER推算(录取最低分),https://github.com/Younai2021/CPEER-Dataset,2023,"推算复试线339分,录取最高391分,平均355.8分,录取24人"
长安大学,陕西,0835,软件工程,学术学位,FULL_TIME,待补充,296,9,9,2023,211,,,CPEER推算(录取最低分),https://github.com/Younai2021/CPEER-Dataset,2023,"推算复试线296分,录取最高341分,平均322.6分,录取9人"
长安大学,陕西,0839,网络空间安全,学术学位,FULL_TIME,待补充,327,6,6,2023,211,,,CPEER推算(录取最低分),https://github.com/Younai2021/CPEER-Dataset,2023,"推算复试线327分,录取最高359分,平均338.2分,录取6人"
长安大学,陕西,0854,电子信息,专业学位,FULL_TIME,待补充,319,178,178,2023,211,,,CPEER推算(录取最低分),https://github.com/Younai2021/CPEER-Dataset,2023,"推算复试线319分,录取最高426分,平均374.7分,录取178人"
上海财经大学,上海,0835,软件工程,学术学位,FULL_TIME,待补充,289,4,4,2022,211,,,CPEER推算(录取最低分),https://github.com/Younai2021/CPEER-Dataset,2022,"推算复试线289分,录取最高319分,平均310.5分,录取4人"
上海财经大学,上海,0835,软件工程理论与计算复杂性,学术学位,FULL_TIME,待补充,328,1,1,2022,211,,,CPEER推算(录取最低分),https://github.com/Younai2021/CPEER-Dataset,2022,"推算复试线328分,录取最高328分,平均328.0分,录取1人"
上海财经大学,上海,0835,金融领域软件工程,学术学位,FULL_TIME,待补充,319,4,4,2022,211,,,CPEER推算(录取最低分),https://github.com/Younai2021/CPEER-Dataset,2022,"推算复试线319分,录取最高408分,平均361.0分,录取4人"
东北师范大学,吉林,0812,计算机科学与技术,学术学位,FULL_TIME,待补充,375,40,40,2022,211,,,CPEER推算(录取最低分),https://github.com/Younai2021/CPEER-Dataset,2022,"推算复试线375分,录取最高445分,平均400.1分,录取40人"
东北师范大学,吉林,0854,电子信息,专业学位,FULL_TIME,待补充,309,80,80,2022,211,,,CPEER推算(录取最低分),https://github.com/Younai2021/CPEER-Dataset,2022,"推算复试线309分,录取最高419分,平均368.1分,录取80人"
中南财经政法大学,湖北,0812,计算机科学与技术,学术学位,FULL_TIME,待补充,320,2,2,2022,211,,,CPEER推算(录取最低分),https://github.com/Younai2021/CPEER-Dataset,2022,"推算复试线320分,录取最高339分,平均329.5分,录取2人"
中南财经政法大学,湖北,0854,电子信息,专业学位,FULL_TIME,待补充,344,71,95,2022,211,,,CPEER推算(录取最低分),https://github.com/Younai2021/CPEER-Dataset,2022,"推算复试线344分,录取最高395分,平均367.5分,录取71人"
中国地质大学(武汉),,0812,计算机科学与技术,学术学位,FULL_TIME,待补充,342,33,54,2022,,,,CPEER推算(录取最低分),https://github.com/Younai2021/CPEER-Dataset,2022,"推算复试线342分,录取最高394分,平均362.8分,录取33人"
中国地质大学(武汉),,0839,信息安全,学术学位,FULL_TIME,待补充,312,11,18,2022,,,,CPEER推算(录取最低分),https://github.com/Younai2021/CPEER-Dataset,2022,"推算复试线312分,录取最高402分,平均354.5分,录取11人"
中国地质大学(武汉),,0854,电子信息,专业学位,FULL_TIME,待补充,340,275,378,2022,,,,CPEER推算(录取最低分),https://github.com/Younai2021/CPEER-Dataset,2022,"推算复试线340分,录取最高437分,平均375.9分,录取275人"
中国矿业大学,江苏,0812,计算机科学与技术,学术学位,FULL_TIME,待补充,334,22,22,2022,211,,,CPEER推算(录取最低分),https://github.com/Younai2021/CPEER-Dataset,2022,"推算复试线334分,录取最高410分,平均361.0分,录取22人"
中国矿业大学,江苏,0835,软件工程,学术学位,FULL_TIME,待补充,304,12,12,2022,211,,,CPEER推算(录取最低分),https://github.com/Younai2021/CPEER-Dataset,2022,"推算复试线304分,录取最高398分,平均340.6分,录取12人"
中国矿业大学,江苏,0854,电子信息,专业学位,FULL_TIME,待补充,204,205,205,2022,211,,,CPEER推算(录取最低分),https://github.com/Younai2021/CPEER-Dataset,2022,"推算复试线204分,录取最高428分,平均367.0分,录取205人"
中国矿业大学(北京),,0812,计算机科学与技术,学术学位,FULL_TIME,待补充,312,13,13,2022,,,,CPEER推算(录取最低分),https://github.com/Younai2021/CPEER-Dataset,2022,"推算复试线312分,录取最高359分,平均337.2分,录取13人"
中国矿业大学(北京),,0854,计算机技术,专业学位,FULL_TIME,待补充,292,28,28,2022,,,,CPEER推算(录取最低分),https://github.com/Younai2021/CPEER-Dataset,2022,"推算复试线292分,录取最高357分,平均322.7分,录取28人"
中央财经大学,北京,0854,电子信息,专业学位,FULL_TIME,待补充,372,15,22,2022,211,,,CPEER推算(录取最低分),https://github.com/Younai2021/CPEER-Dataset,2022,"推算复试线372分,录取最高421分,平均392.7分,录取15人"
北京化工大学,北京,0812,计算机科学与技术,学术学位,FULL_TIME,待补充,315,16,16,2022,211,,,CPEER推算(录取最低分),https://github.com/Younai2021/CPEER-Dataset,2022,"推算复试线315分,录取最高399分,平均364.9分,录取16人"
北京化工大学,北京,0835,软件工程,学术学位,FULL_TIME,待补充,310,6,6,2022,211,,,CPEER推算(录取最低分),https://github.com/Younai2021/CPEER-Dataset,2022,"推算复试线310分,录取最高382分,平均339.8分,录取6人"
北京化工大学,北京,0854,新一代电子信息技术,专业学位,FULL_TIME,待补充,305,9,9,2022,211,,,CPEER推算(录取最低分),https://github.com/Younai2021/CPEER-Dataset,2022,"推算复试线305分,录取最高397分,平均360.7分,录取9人"
北京化工大学,北京,0854,计算机技术,专业学位,FULL_TIME,待补充,341,23,23,2022,211,,,CPEER推算(录取最低分),https://github.com/Younai2021/CPEER-Dataset,2022,"推算复试线341分,录取最高417分,平均372.4分,录取23人"
北京化工大学,北京,0854,控制工程,专业学位,FULL_TIME,待补充,308,53,53,2022,211,,,CPEER推算(录取最低分),https://github.com/Younai2021/CPEER-Dataset,2022,"推算复试线308分,录取最高404分,平均344.6分,录取53人"
北京大学,北京,0812,计算机科学与技术,学术学位,FULL_TIME,待补充,332,5,5,2022,985,,,CPEER推算(录取最低分),https://github.com/Younai2021/CPEER-Dataset,2022,"推算复试线332分,录取最高390分,平均362.0分,录取5人"
北京大学,北京,0812,计算机系统结构,学术学位,FULL_TIME,待补充,355,8,8,2022,985,,,CPEER推算(录取最低分),https://github.com/Younai2021/CPEER-Dataset,2022,"推算复试线355分,录取最高421分,平均374.9分,录取8人"
北京大学,北京,0812,计算机软件与理论,学术学位,FULL_TIME,待补充,378,8,8,2022,985,,,CPEER推算(录取最低分),https://github.com/Younai2021/CPEER-Dataset,2022,"推算复试线378分,录取最高424分,平均394.8分,录取8人"
北京大学,北京,0812,计算机应用技术,学术学位,FULL_TIME,待补充,354,5,5,2022,985,,,CPEER推算(录取最低分),https://github.com/Younai2021/CPEER-Dataset,2022,"推算复试线354分,录取最高407分,平均375.4分,录取5人"
北京科技大学,北京,0812,计算机科学与技术,学术学位,FULL_TIME,待补充,354,20,25,2022,211,,,CPEER推算(录取最低分),https://github.com/Younai2021/CPEER-Dataset,2022,"推算复试线354分,录取最高398分,平均374.6分,录取20人"
北京科技大学,北京,0854,控制工程,专业学位,FULL_TIME,待补充,339,55,77,2022,211,,,CPEER推算(录取最低分),https://github.com/Younai2021/CPEER-Dataset,2022,"推算复试线339分,录取最高407分,平均367.7分,录取55人"
北京科技大学,北京,0854,电子信息,专业学位,FULL_TIME,待补充,303,59,66,2022,211,,,CPEER推算(录取最低分),https://github.com/Younai2021/CPEER-Dataset,2022,"推算复试线303分,录取最高405分,平均334.2分,录取59人"
北京科技大学,北京,0854,计算机技术,专业学位,FULL_TIME,待补充,373,35,43,2022,211,,,CPEER推算(录取最低分),https://github.com/Younai2021/CPEER-Dataset,2022,"推算复试线373分,录取最高411分,平均386.6分,录取35人"
北京邮电大学,北京,0839,网络空间安全,学术学位,FULL_TIME,待补充,325,64,79,2022,211,,,CPEER推算(录取最低分),https://github.com/Younai2021/CPEER-Dataset,2022,"推算复试线325分,录取最高400分,平均352.6分,录取64人"
北京邮电大学,北京,0839,网络与信息安全,学术学位,FULL_TIME,待补充,356,19,19,2022,211,,,CPEER推算(录取最低分),https://github.com/Younai2021/CPEER-Dataset,2022,"推算复试线356分,录取最高414分,平均380.4分,录取19人"
北京邮电大学,北京,0854,新一代电子信息技术,专业学位,FULL_TIME,待补充,321,136,208,2022,211,,,CPEER推算(录取最低分),https://github.com/Younai2021/CPEER-Dataset,2022,"推算复试线321分,录取最高421分,平均361.3分,录取136人"
北京邮电大学,北京,0854,人工智能,专业学位,FULL_TIME,待补充,284,125,175,2022,211,,,CPEER推算(录取最低分),https://github.com/Younai2021/CPEER-Dataset,2022,"推算复试线284分,录取最高429分,平均370.5分,录取125人"
华中农业大学,湖北,0812,计算机科学与技术,学术学位,FULL_TIME,待补充,273,27,27,2022,211,,,CPEER推算(录取最低分),https://github.com/Younai2021/CPEER-Dataset,2022,"推算复试线273分,录取最高345分,平均302.7分,录取27人"
华中师范大学,湖北,0812,计算机科学与技术,学术学位,FULL_TIME,待补充,292,78,97,2022,211,,,CPEER推算(录取最低分),https://github.com/Younai2021/CPEER-Dataset,2022,"推算复试线292分,录取最高381分,平均326.8分,录取78人"
华中师范大学,湖北,0854,电子信息,专业学位,FULL_TIME,待补充,320,115,139,2022,211,,,CPEER推算(录取最低分),https://github.com/Younai2021/CPEER-Dataset,2022,"推算复试线320分,录取最高403分,平均354.5分,录取115人"
华中科技大学,湖北,0854,控制工程,专业学位,FULL_TIME,待补充,320,100,100,2022,985,,,CPEER推算(录取最低分),https://github.com/Younai2021/CPEER-Dataset,2022,"推算复试线320分,录取最高398分,平均348.7分,录取100人"
华中科技大学,湖北,0854,人工智能,专业学位,FULL_TIME,待补充,321,30,30,2022,985,,,CPEER推算(录取最低分),https://github.com/Younai2021/CPEER-Dataset,2022,"推算复试线321分,录取最高396分,平均345.5分,录取30人"
华南理工大学,广东,0812,计算机科学与技术,学术学位,FULL_TIME,待补充,347,24,24,2022,985,,,CPEER推算(录取最低分),https://github.com/Younai2021/CPEER-Dataset,2022,"推算复试线347分,录取最高390分,平均364.3分,录取24人"
华南理工大学,广东,0854,电子信息,专业学位,FULL_TIME,待补充,354,68,68,2022,985,,,CPEER推算(录取最低分),https://github.com/Younai2021/CPEER-Dataset,2022,"推算复试线354分,录取最高413分,平均371.9分,录取68人"
南京理工大学,江苏,0812,计算机科学与技术,学术学位,FULL_TIME,待补充,307,41,41,2022,211,,,CPEER推算(录取最低分),https://github.com/Younai2021/CPEER-Dataset,2022,"推算复试线307分,录取最高382分,平均329.2分,录取41人"
南京航空航天大学,江苏,0812,计算机科学与技术,学术学位,FULL_TIME,待补充,271,31,31,2022,211,,,CPEER推算(录取最低分),https://github.com/Younai2021/CPEER-Dataset,2022,"推算复试线271分,录取最高393分,平均358.4分,录取31人"
南开大学,天津,0854,电子信息,专业学位,FULL_TIME,待补充,325,53,62,2022,985,,,CPEER推算(录取最低分),https://github.com/Younai2021/CPEER-Dataset,2022,"推算复试线325分,录取最高401分,平均359.5分,录取53人"
厦门大学,福建,0812,计算机科学与技术,学术学位,FULL_TIME,待补充,353,8,8,2022,985,,,CPEER推算(录取最低分),https://github.com/Younai2021/CPEER-Dataset,2022,"推算复试线353分,录取最高411分,平均389.4分,录取8人"
厦门大学,福建,0835,软件工程,学术学位,FULL_TIME,待补充,329,20,20,2022,985,,,CPEER推算(录取最低分),https://github.com/Younai2021/CPEER-Dataset,2022,"推算复试线329分,录取最高410分,平均364.1分,录取20人"
厦门大学,福建,0854,人工智能,专业学位,FULL_TIME,待补充,335,52,52,2022,985,,,CPEER推算(录取最低分),https://github.com/Younai2021/CPEER-Dataset,2022,"推算复试线335分,录取最高417分,平均368.4分,录取52人"
厦门大学,福建,0854,计算机技术,专业学位,FULL_TIME,待补充,359,47,47,2022,985,,,CPEER推算(录取最低分),https://github.com/Younai2021/CPEER-Dataset,2022,"推算复试线359分,录取最高431分,平均386.4分,录取47人"
哈尔滨工业大学,黑龙江,0812,计算机科学与技术,学术学位,FULL_TIME,待补充,400,2,2,2022,985,,,CPEER推算(录取最低分),https://github.com/Younai2021/CPEER-Dataset,2022,"推算复试线400分,录取最高401分,平均400.5分,录取2人"
哈尔滨工业大学,黑龙江,0812,081203-计算机科学与技术,学术学位,FULL_TIME,待补充,376,2,2,2022,985,,,CPEER推算(录取最低分),https://github.com/Younai2021/CPEER-Dataset,2022,"推算复试线376分,录取最高384分,平均380.0分,录取2人"
哈尔滨工业大学,黑龙江,0812,081204-计算机科学与技术,学术学位,FULL_TIME,待补充,354,2,2,2022,985,,,CPEER推算(录取最低分),https://github.com/Younai2021/CPEER-Dataset,2022,"推算复试线354分,录取最高392分,平均373.0分,录取2人"
哈尔滨工业大学,黑龙江,0812,081205-计算机科学与技术,学术学位,FULL_TIME,待补充,356,2,2,2022,985,,,CPEER推算(录取最低分),https://github.com/Younai2021/CPEER-Dataset,2022,"推算复试线356分,录取最高380分,平均368.0分,录取2人"
哈尔滨工业大学,黑龙江,0812,081206-计算机科学与技术,学术学位,FULL_TIME,待补充,319,2,2,2022,985,,,CPEER推算(录取最低分),https://github.com/Younai2021/CPEER-Dataset,2022,"推算复试线319分,录取最高359分,平均339.0分,录取2人"
哈尔滨工业大学,黑龙江,0812,081207-计算机科学与技术,学术学位,FULL_TIME,待补充,391,1,1,2022,985,,,CPEER推算(录取最低分),https://github.com/Younai2021/CPEER-Dataset,2022,"推算复试线391分,录取最高391分,平均391.0分,录取1人"
哈尔滨工业大学,黑龙江,0812,081208-计算机科学与技术,学术学位,FULL_TIME,待补充,352,1,1,2022,985,,,CPEER推算(录取最低分),https://github.com/Younai2021/CPEER-Dataset,2022,"推算复试线352分,录取最高352分,平均352.0分,录取1人"
哈尔滨工业大学,黑龙江,0812,081209-计算机科学与技术,学术学位,FULL_TIME,待补充,350,1,1,2022,985,,,CPEER推算(录取最低分),https://github.com/Younai2021/CPEER-Dataset,2022,"推算复试线350分,录取最高350分,平均350.0分,录取1人"
哈尔滨工业大学,黑龙江,0812,081210-计算机科学与技术,学术学位,FULL_TIME,待补充,355,1,1,2022,985,,,CPEER推算(录取最低分),https://github.com/Younai2021/CPEER-Dataset,2022,"推算复试线355分,录取最高355分,平均355.0分,录取1人"
哈尔滨工业大学,黑龙江,0812,081211-计算机科学与技术,学术学位,FULL_TIME,待补充,366,1,1,2022,985,,,CPEER推算(录取最低分),https://github.com/Younai2021/CPEER-Dataset,2022,"推算复试线366分,录取最高366分,平均366.0分,录取1人"
哈尔滨工业大学,黑龙江,0812,081212-计算机科学与技术,学术学位,FULL_TIME,待补充,355,1,1,2022,985,,,CPEER推算(录取最低分),https://github.com/Younai2021/CPEER-Dataset,2022,"推算复试线355分,录取最高355分,平均355.0分,录取1人"
哈尔滨工业大学,黑龙江,0812,081213-计算机科学与技术,学术学位,FULL_TIME,待补充,375,1,1,2022,985,,,CPEER推算(录取最低分),https://github.com/Younai2021/CPEER-Dataset,2022,"推算复试线375分,录取最高375分,平均375.0分,录取1人"
哈尔滨工业大学,黑龙江,0812,081214-计算机科学与技术,学术学位,FULL_TIME,待补充,358,1,1,2022,985,,,CPEER推算(录取最低分),https://github.com/Younai2021/CPEER-Dataset,2022,"推算复试线358分,录取最高358分,平均358.0分,录取1人"
哈尔滨工业大学,黑龙江,0812,081215-计算机科学与技术,学术学位,FULL_TIME,待补充,346,1,1,2022,985,,,CPEER推算(录取最低分),https://github.com/Younai2021/CPEER-Dataset,2022,"推算复试线346分,录取最高346分,平均346.0分,录取1人"
哈尔滨工业大学,黑龙江,0812,081216-计算机科学与技术,学术学位,FULL_TIME,待补充,370,1,1,2022,985,,,CPEER推算(录取最低分),https://github.com/Younai2021/CPEER-Dataset,2022,"推算复试线370分,录取最高370分,平均370.0分,录取1人"
哈尔滨工业大学,黑龙江,0812,081217-计算机科学与技术,学术学位,FULL_TIME,待补充,364,1,1,2022,985,,,CPEER推算(录取最低分),https://github.com/Younai2021/CPEER-Dataset,2022,"推算复试线364分,录取最高364分,平均364.0分,录取1人"
哈尔滨工业大学,黑龙江,0812,081218-计算机科学与技术,学术学位,FULL_TIME,待补充,371,1,1,2022,985,,,CPEER推算(录取最低分),https://github.com/Younai2021/CPEER-Dataset,2022,"推算复试线371分,录取最高371分,平均371.0分,录取1人"
哈尔滨工业大学,黑龙江,0812,081219-计算机科学与技术,学术学位,FULL_TIME,待补充,350,1,1,2022,985,,,CPEER推算(录取最低分),https://github.com/Younai2021/CPEER-Dataset,2022,"推算复试线350分,录取最高350分,平均350.0分,录取1人"
哈尔滨工业大学,黑龙江,0812,081220-计算机科学与技术,学术学位,FULL_TIME,待补充,359,1,1,2022,985,,,CPEER推算(录取最低分),https://github.com/Younai2021/CPEER-Dataset,2022,"推算复试线359分,录取最高359分,平均359.0分,录取1人"
哈尔滨工业大学,黑龙江,0812,081221-计算机科学与技术,学术学位,FULL_TIME,待补充,346,1,1,2022,985,,,CPEER推算(录取最低分),https://github.com/Younai2021/CPEER-Dataset,2022,"推算复试线346分,录取最高346分,平均346.0分,录取1人"
哈尔滨工业大学,黑龙江,0812,081222-计算机科学与技术,学术学位,FULL_TIME,待补充,356,1,1,2022,985,,,CPEER推算(录取最低分),https://github.com/Younai2021/CPEER-Dataset,2022,"推算复试线356分,录取最高356分,平均356.0分,录取1人"
哈尔滨工业大学,黑龙江,0812,081223-计算机科学与技术,学术学位,FULL_TIME,待补充,355,1,1,2022,985,,,CPEER推算(录取最低分),https://github.com/Younai2021/CPEER-Dataset,2022,"推算复试线355分,录取最高355分,平均355.0分,录取1人"
哈尔滨工业大学,黑龙江,0812,081224-计算机科学与技术,学术学位,FULL_TIME,待补充,354,1,1,2022,985,,,CPEER推算(录取最低分),https://github.com/Younai2021/CPEER-Dataset,2022,"推算复试线354分,录取最高354分,平均354.0分,录取1人"
哈尔滨工业大学,黑龙江,0812,081225-计算机科学与技术,学术学位,FULL_TIME,待补充,345,1,1,2022,985,,,CPEER推算(录取最低分),https://github.com/Younai2021/CPEER-Dataset,2022,"推算复试线345分,录取最高345分,平均345.0分,录取1人"
哈尔滨工业大学,黑龙江,0812,081226-计算机科学与技术,学术学位,FULL_TIME,待补充,276,1,1,2022,985,,,CPEER推算(录取最低分),https://github.com/Younai2021/CPEER-Dataset,2022,"推算复试线276分,录取最高276分,平均276.0分,录取1人"
哈尔滨工业大学,黑龙江,0835,083502-软件工程,学术学位,FULL_TIME,待补充,387,1,1,2022,985,,,CPEER推算(录取最低分),https://github.com/Younai2021/CPEER-Dataset,2022,"推算复试线387分,录取最高387分,平均387.0分,录取1人"
哈尔滨工业大学,黑龙江,0835,083503-软件工程,学术学位,FULL_TIME,待补充,350,1,1,2022,985,,,CPEER推算(录取最低分),https://github.com/Younai2021/CPEER-Dataset,2022,"推算复试线350分,录取最高350分,平均350.0分,录取1人"
哈尔滨工业大学,黑龙江,0835,083504-软件工程,学术学位,FULL_TIME,待补充,361,1,1,2022,985,,,CPEER推算(录取最低分),https://github.com/Younai2021/CPEER-Dataset,2022,"推算复试线361分,录取最高361分,平均361.0分,录取1人"
哈尔滨工业大学,黑龙江,0835,083505-软件工程,学术学位,FULL_TIME,待补充,348,1,1,2022,985,,,CPEER推算(录取最低分),https://github.com/Younai2021/CPEER-Dataset,2022,"推算复试线348分,录取最高348分,平均348.0分,录取1人"
哈尔滨工业大学,黑龙江,0835,083506-软件工程,学术学位,FULL_TIME,待补充,359,1,1,2022,985,,,CPEER推算(录取最低分),https://github.com/Younai2021/CPEER-Dataset,2022,"推算复试线359分,录取最高359分,平均359.0分,录取1人"
哈尔滨工业大学,黑龙江,0835,083507-软件工程,学术学位,FULL_TIME,待补充,359,1,1,2022,985,,,CPEER推算(录取最低分),https://github.com/Younai2021/CPEER-Dataset,2022,"推算复试线359分,录取最高359分,平均359.0分,录取1人"
哈尔滨工业大学,黑龙江,0839,083901-网络空间安全,学术学位,FULL_TIME,待补充,394,1,1,2022,985,,,CPEER推算(录取最低分),https://github.com/Younai2021/CPEER-Dataset,2022,"推算复试线394分,录取最高394分,平均394.0分,录取1人"
哈尔滨工业大学,黑龙江,0839,083902-网络空间安全,学术学位,FULL_TIME,待补充,348,2,2,2022,985,,,CPEER推算(录取最低分),https://github.com/Younai2021/CPEER-Dataset,2022,"推算复试线348分,录取最高387分,平均367.5分,录取2人"
哈尔滨工业大学,黑龙江,0839,083903-网络空间安全,学术学位,FULL_TIME,待补充,356,2,2,2022,985,,,CPEER推算(录取最低分),https://github.com/Younai2021/CPEER-Dataset,2022,"推算复试线356分,录取最高408分,平均382.0分,录取2人"
哈尔滨工业大学,黑龙江,0839,083904-网络空间安全,学术学位,FULL_TIME,待补充,374,1,1,2022,985,,,CPEER推算(录取最低分),https://github.com/Younai2021/CPEER-Dataset,2022,"推算复试线374分,录取最高374分,平均374.0分,录取1人"
哈尔滨工业大学,黑龙江,0839,083905-网络空间安全,学术学位,FULL_TIME,待补充,403,1,1,2022,985,,,CPEER推算(录取最低分),https://github.com/Younai2021/CPEER-Dataset,2022,"推算复试线403分,录取最高403分,平均403.0分,录取1人"
哈尔滨工业大学,黑龙江,0839,083906-网络空间安全,学术学位,FULL_TIME,待补充,371,1,1,2022,985,,,CPEER推算(录取最低分),https://github.com/Younai2021/CPEER-Dataset,2022,"推算复试线371分,录取最高371分,平均371.0分,录取1人"
哈尔滨工业大学,黑龙江,0839,083907-网络空间安全,学术学位,FULL_TIME,待补充,395,1,1,2022,985,,,CPEER推算(录取最低分),https://github.com/Younai2021/CPEER-Dataset,2022,"推算复试线395分,录取最高395分,平均395.0分,录取1人"
哈尔滨工业大学,黑龙江,0839,083908-网络空间安全,学术学位,FULL_TIME,待补充,370,1,1,2022,985,,,CPEER推算(录取最低分),https://github.com/Younai2021/CPEER-Dataset,2022,"推算复试线370分,录取最高370分,平均370.0分,录取1人"
哈尔滨工业大学,黑龙江,0839,083909-网络空间安全,学术学位,FULL_TIME,待补充,360,1,1,2022,985,,,CPEER推算(录取最低分),https://github.com/Younai2021/CPEER-Dataset,2022,"推算复试线360分,录取最高360分,平均360.0分,录取1人"
哈尔滨工业大学,黑龙江,0839,083910-网络空间安全,学术学位,FULL_TIME,待补充,377,1,1,2022,985,,,CPEER推算(录取最低分),https://github.com/Younai2021/CPEER-Dataset,2022,"推算复试线377分,录取最高377分,平均377.0分,录取1人"
哈尔滨工业大学,黑龙江,0839,083911-网络空间安全,学术学位,FULL_TIME,待补充,361,1,1,2022,985,,,CPEER推算(录取最低分),https://github.com/Younai2021/CPEER-Dataset,2022,"推算复试线361分,录取最高361分,平均361.0分,录取1人"
哈尔滨工业大学,黑龙江,0839,083912-网络空间安全,学术学位,FULL_TIME,待补充,368,1,1,2022,985,,,CPEER推算(录取最低分),https://github.com/Younai2021/CPEER-Dataset,2022,"推算复试线368分,录取最高368分,平均368.0分,录取1人"
哈尔滨工业大学,黑龙江,0839,083913-网络空间安全,学术学位,FULL_TIME,待补充,357,1,1,2022,985,,,CPEER推算(录取最低分),https://github.com/Younai2021/CPEER-Dataset,2022,"推算复试线357分,录取最高357分,平均357.0分,录取1人"
哈尔滨工业大学,黑龙江,0839,083914-网络空间安全,学术学位,FULL_TIME,待补充,394,1,1,2022,985,,,CPEER推算(录取最低分),https://github.com/Younai2021/CPEER-Dataset,2022,"推算复试线394分,录取最高394分,平均394.0分,录取1人"
哈尔滨工业大学,黑龙江,0854,085401-电子信息,专业学位,FULL_TIME,待补充,382,3,3,2022,985,,,CPEER推算(录取最低分),https://github.com/Younai2021/CPEER-Dataset,2022,"推算复试线382分,录取最高418分,平均399.0分,录取3人"
哈尔滨工业大学,黑龙江,0854,085402-电子信息,专业学位,FULL_TIME,待补充,362,4,4,2022,985,,,CPEER推算(录取最低分),https://github.com/Younai2021/CPEER-Dataset,2022,"推算复试线362分,录取最高406分,平均391.5分,录取4人"
哈尔滨工业大学,黑龙江,0854,085403-电子信息,专业学位,FULL_TIME,待补充,358,4,4,2022,985,,,CPEER推算(录取最低分),https://github.com/Younai2021/CPEER-Dataset,2022,"推算复试线358分,录取最高418分,平均388.2分,录取4人"
哈尔滨工业大学,黑龙江,0854,085404-电子信息,专业学位,FULL_TIME,待补充,346,4,4,2022,985,,,CPEER推算(录取最低分),https://github.com/Younai2021/CPEER-Dataset,2022,"推算复试线346分,录取最高405分,平均375.2分,录取4人"
哈尔滨工业大学,黑龙江,0854,085405-电子信息,专业学位,FULL_TIME,待补充,355,4,4,2022,985,,,CPEER推算(录取最低分),https://github.com/Younai2021/CPEER-Dataset,2022,"推算复试线355分,录取最高417分,平均379.2分,录取4人"
哈尔滨工业大学,黑龙江,0854,085406-电子信息,专业学位,FULL_TIME,待补充,356,4,4,2022,985,,,CPEER推算(录取最低分),https://github.com/Younai2021/CPEER-Dataset,2022,"推算复试线356分,录取最高397分,平均379.8分,录取4人"
哈尔滨工业大学,黑龙江,0854,085407-电子信息,专业学位,FULL_TIME,待补充,346,4,4,2022,985,,,CPEER推算(录取最低分),https://github.com/Younai2021/CPEER-Dataset,2022,"推算复试线346分,录取最高394分,平均370.0分,录取4人"
哈尔滨工业大学,黑龙江,0854,085408-电子信息,专业学位,FULL_TIME,待补充,350,4,4,2022,985,,,CPEER推算(录取最低分),https://github.com/Younai2021/CPEER-Dataset,2022,"推算复试线350分,录取最高393分,平均369.5分,录取4人"
哈尔滨工业大学,黑龙江,0854,085409-电子信息,专业学位,FULL_TIME,待补充,354,4,4,2022,985,,,CPEER推算(录取最低分),https://github.com/Younai2021/CPEER-Dataset,2022,"推算复试线354分,录取最高388分,平均374.5分,录取4人"
哈尔滨工业大学,黑龙江,0854,085410-电子信息,专业学位,FULL_TIME,待补充,352,4,4,2022,985,,,CPEER推算(录取最低分),https://github.com/Younai2021/CPEER-Dataset,2022,"推算复试线352分,录取最高380分,平均365.5分,录取4人"
哈尔滨工业大学,黑龙江,0854,085411-电子信息,专业学位,FULL_TIME,待补充,354,4,4,2022,985,,,CPEER推算(录取最低分),https://github.com/Younai2021/CPEER-Dataset,2022,"推算复试线354分,录取最高394分,平均368.2分,录取4人"
哈尔滨工业大学,黑龙江,0854,085412-电子信息,专业学位,FULL_TIME,待补充,351,4,4,2022,985,,,CPEER推算(录取最低分),https://github.com/Younai2021/CPEER-Dataset,2022,"推算复试线351分,录取最高382分,平均361.5分,录取4人"
哈尔滨工业大学,黑龙江,0854,085413-电子信息,专业学位,FULL_TIME,待补充,349,4,4,2022,985,,,CPEER推算(录取最低分),https://github.com/Younai2021/CPEER-Dataset,2022,"推算复试线349分,录取最高390分,平均371.2分,录取4人"
哈尔滨工业大学,黑龙江,0854,085414-电子信息,专业学位,FULL_TIME,待补充,347,4,4,2022,985,,,CPEER推算(录取最低分),https://github.com/Younai2021/CPEER-Dataset,2022,"推算复试线347分,录取最高390分,平均362.5分,录取4人"
哈尔滨工业大学,黑龙江,0854,085415-电子信息,专业学位,FULL_TIME,待补充,346,4,4,2022,985,,,CPEER推算(录取最低分),https://github.com/Younai2021/CPEER-Dataset,2022,"推算复试线346分,录取最高389分,平均360.2分,录取4人"
哈尔滨工业大学,黑龙江,0854,085416-电子信息,专业学位,FULL_TIME,待补充,349,4,4,2022,985,,,CPEER推算(录取最低分),https://github.com/Younai2021/CPEER-Dataset,2022,"推算复试线349分,录取最高370分,平均356.0分,录取4人"
哈尔滨工业大学,黑龙江,0854,085417-电子信息,专业学位,FULL_TIME,待补充,356,4,4,2022,985,,,CPEER推算(录取最低分),https://github.com/Younai2021/CPEER-Dataset,2022,"推算复试线356分,录取最高380分,平均363.8分,录取4人"
哈尔滨工业大学,黑龙江,0854,085418-电子信息,专业学位,FULL_TIME,待补充,351,4,4,2022,985,,,CPEER推算(录取最低分),https://github.com/Younai2021/CPEER-Dataset,2022,"推算复试线351分,录取最高382分,平均369.2分,录取4人"
哈尔滨工业大学,黑龙江,0854,085419-电子信息,专业学位,FULL_TIME,待补充,350,4,4,2022,985,,,CPEER推算(录取最低分),https://github.com/Younai2021/CPEER-Dataset,2022,"推算复试线350分,录取最高371分,平均361.5分,录取4人"
哈尔滨工业大学,黑龙江,0854,085420-电子信息,专业学位,FULL_TIME,待补充,347,3,3,2022,985,,,CPEER推算(录取最低分),https://github.com/Younai2021/CPEER-Dataset,2022,"推算复试线347分,录取最高377分,平均358.3分,录取3人"
哈尔滨工业大学,黑龙江,0854,085421-电子信息,专业学位,FULL_TIME,待补充,356,3,3,2022,985,,,CPEER推算(录取最低分),https://github.com/Younai2021/CPEER-Dataset,2022,"推算复试线356分,录取最高385分,平均367.7分,录取3人"
哈尔滨工业大学,黑龙江,0854,085422-电子信息,专业学位,FULL_TIME,待补充,345,3,3,2022,985,,,CPEER推算(录取最低分),https://github.com/Younai2021/CPEER-Dataset,2022,"推算复试线345分,录取最高380分,平均360.7分,录取3人"
哈尔滨工业大学,黑龙江,0854,085423-电子信息,专业学位,FULL_TIME,待补充,351,3,3,2022,985,,,CPEER推算(录取最低分),https://github.com/Younai2021/CPEER-Dataset,2022,"推算复试线351分,录取最高377分,平均360.0分,录取3人"
哈尔滨工业大学,黑龙江,0854,085424-电子信息,专业学位,FULL_TIME,待补充,352,3,3,2022,985,,,CPEER推算(录取最低分),https://github.com/Younai2021/CPEER-Dataset,2022,"推算复试线352分,录取最高391分,平均366.0分,录取3人"
哈尔滨工业大学,黑龙江,0854,085425-电子信息,专业学位,FULL_TIME,待补充,369,3,3,2022,985,,,CPEER推算(录取最低分),https://github.com/Younai2021/CPEER-Dataset,2022,"推算复试线369分,录取最高374分,平均371.3分,录取3人"
哈尔滨工业大学,黑龙江,0854,085426-电子信息,专业学位,FULL_TIME,待补充,357,2,2,2022,985,,,CPEER推算(录取最低分),https://github.com/Younai2021/CPEER-Dataset,2022,"推算复试线357分,录取最高377分,平均367.0分,录取2人"
哈尔滨工业大学,黑龙江,0854,085427-电子信息,专业学位,FULL_TIME,待补充,352,2,2,2022,985,,,CPEER推算(录取最低分),https://github.com/Younai2021/CPEER-Dataset,2022,"推算复试线352分,录取最高369分,平均360.5分,录取2人"
哈尔滨工业大学,黑龙江,0854,085428-电子信息,专业学位,FULL_TIME,待补充,349,2,2,2022,985,,,CPEER推算(录取最低分),https://github.com/Younai2021/CPEER-Dataset,2022,"推算复试线349分,录取最高355分,平均352.0分,录取2人"
哈尔滨工业大学,黑龙江,0854,085429-电子信息,专业学位,FULL_TIME,待补充,358,2,2,2022,985,,,CPEER推算(录取最低分),https://github.com/Younai2021/CPEER-Dataset,2022,"推算复试线358分,录取最高371分,平均364.5分,录取2人"
哈尔滨工业大学,黑龙江,0854,085430-电子信息,专业学位,FULL_TIME,待补充,350,2,2,2022,985,,,CPEER推算(录取最低分),https://github.com/Younai2021/CPEER-Dataset,2022,"推算复试线350分,录取最高358分,平均354.0分,录取2人"
哈尔滨工业大学,黑龙江,0854,085431-电子信息,专业学位,FULL_TIME,待补充,347,2,2,2022,985,,,CPEER推算(录取最低分),https://github.com/Younai2021/CPEER-Dataset,2022,"推算复试线347分,录取最高366分,平均356.5分,录取2人"
哈尔滨工业大学,黑龙江,0854,085432-电子信息,专业学位,FULL_TIME,待补充,349,1,1,2022,985,,,CPEER推算(录取最低分),https://github.com/Younai2021/CPEER-Dataset,2022,"推算复试线349分,录取最高349分,平均349.0分,录取1人"
哈尔滨工业大学,黑龙江,0854,085433-电子信息,专业学位,FULL_TIME,待补充,394,1,1,2022,985,,,CPEER推算(录取最低分),https://github.com/Younai2021/CPEER-Dataset,2022,"推算复试线394分,录取最高394分,平均394.0分,录取1人"
哈尔滨工业大学,黑龙江,0854,085434-电子信息,专业学位,FULL_TIME,待补充,378,1,1,2022,985,,,CPEER推算(录取最低分),https://github.com/Younai2021/CPEER-Dataset,2022,"推算复试线378分,录取最高378分,平均378.0分,录取1人"
哈尔滨工业大学,黑龙江,0854,085435-电子信息,专业学位,FULL_TIME,待补充,366,1,1,2022,985,,,CPEER推算(录取最低分),https://github.com/Younai2021/CPEER-Dataset,2022,"推算复试线366分,录取最高366分,平均366.0分,录取1人"
哈尔滨工业大学,黑龙江,0854,085436-电子信息,专业学位,FULL_TIME,待补充,360,1,1,2022,985,,,CPEER推算(录取最低分),https://github.com/Younai2021/CPEER-Dataset,2022,"推算复试线360分,录取最高360分,平均360.0分,录取1人"
哈尔滨工业大学,黑龙江,0854,085437-电子信息,专业学位,FULL_TIME,待补充,381,1,1,2022,985,,,CPEER推算(录取最低分),https://github.com/Younai2021/CPEER-Dataset,2022,"推算复试线381分,录取最高381分,平均381.0分,录取1人"
哈尔滨工业大学,黑龙江,0854,085438-电子信息,专业学位,FULL_TIME,待补充,371,1,1,2022,985,,,CPEER推算(录取最低分),https://github.com/Younai2021/CPEER-Dataset,2022,"推算复试线371分,录取最高371分,平均371.0分,录取1人"
哈尔滨工业大学,黑龙江,0854,085439-电子信息,专业学位,FULL_TIME,待补充,370,1,1,2022,985,,,CPEER推算(录取最低分),https://github.com/Younai2021/CPEER-Dataset,2022,"推算复试线370分,录取最高370分,平均370.0分,录取1人"
哈尔滨工业大学,黑龙江,0854,085440-电子信息,专业学位,FULL_TIME,待补充,364,1,1,2022,985,,,CPEER推算(录取最低分),https://github.com/Younai2021/CPEER-Dataset,2022,"推算复试线364分,录取最高364分,平均364.0分,录取1人"
哈尔滨工业大学,黑龙江,0854,085441-电子信息,专业学位,FULL_TIME,待补充,363,1,1,2022,985,,,CPEER推算(录取最低分),https://github.com/Younai2021/CPEER-Dataset,2022,"推算复试线363分,录取最高363分,平均363.0分,录取1人"
哈尔滨工业大学,黑龙江,0854,085442-电子信息,专业学位,FULL_TIME,待补充,367,1,1,2022,985,,,CPEER推算(录取最低分),https://github.com/Younai2021/CPEER-Dataset,2022,"推算复试线367分,录取最高367分,平均367.0分,录取1人"
哈尔滨工业大学,黑龙江,0854,085443-电子信息,专业学位,FULL_TIME,待补充,366,1,1,2022,985,,,CPEER推算(录取最低分),https://github.com/Younai2021/CPEER-Dataset,2022,"推算复试线366分,录取最高366分,平均366.0分,录取1人"
哈尔滨工业大学,黑龙江,0854,085444-电子信息,专业学位,FULL_TIME,待补充,355,1,1,2022,985,,,CPEER推算(录取最低分),https://github.com/Younai2021/CPEER-Dataset,2022,"推算复试线355分,录取最高355分,平均355.0分,录取1人"
哈尔滨工业大学,黑龙江,0854,085445-电子信息,专业学位,FULL_TIME,待补充,367,1,1,2022,985,,,CPEER推算(录取最低分),https://github.com/Younai2021/CPEER-Dataset,2022,"推算复试线367分,录取最高367分,平均367.0分,录取1人"
哈尔滨工业大学,黑龙江,0854,085446-电子信息,专业学位,FULL_TIME,待补充,362,1,1,2022,985,,,CPEER推算(录取最低分),https://github.com/Younai2021/CPEER-Dataset,2022,"推算复试线362分,录取最高362分,平均362.0分,录取1人"
哈尔滨工业大学,黑龙江,0854,085447-电子信息,专业学位,FULL_TIME,待补充,378,1,1,2022,985,,,CPEER推算(录取最低分),https://github.com/Younai2021/CPEER-Dataset,2022,"推算复试线378分,录取最高378分,平均378.0分,录取1人"
哈尔滨工业大学,黑龙江,0854,085448-电子信息,专业学位,FULL_TIME,待补充,371,1,1,2022,985,,,CPEER推算(录取最低分),https://github.com/Younai2021/CPEER-Dataset,2022,"推算复试线371分,录取最高371分,平均371.0分,录取1人"
哈尔滨工业大学,黑龙江,0854,085449-电子信息,专业学位,FULL_TIME,待补充,365,1,1,2022,985,,,CPEER推算(录取最低分),https://github.com/Younai2021/CPEER-Dataset,2022,"推算复试线365分,录取最高365分,平均365.0分,录取1人"
哈尔滨工业大学,黑龙江,0854,085450-电子信息,专业学位,FULL_TIME,待补充,352,1,1,2022,985,,,CPEER推算(录取最低分),https://github.com/Younai2021/CPEER-Dataset,2022,"推算复试线352分,录取最高352分,平均352.0分,录取1人"
哈尔滨工业大学,黑龙江,0854,085451-电子信息,专业学位,FULL_TIME,待补充,381,1,1,2022,985,,,CPEER推算(录取最低分),https://github.com/Younai2021/CPEER-Dataset,2022,"推算复试线381分,录取最高381分,平均381.0分,录取1人"
哈尔滨工业大学,黑龙江,0854,085452-电子信息,专业学位,FULL_TIME,待补充,353,1,1,2022,985,,,CPEER推算(录取最低分),https://github.com/Younai2021/CPEER-Dataset,2022,"推算复试线353分,录取最高353分,平均353.0分,录取1人"
哈尔滨工业大学,黑龙江,0854,085453-电子信息,专业学位,FULL_TIME,待补充,352,1,1,2022,985,,,CPEER推算(录取最低分),https://github.com/Younai2021/CPEER-Dataset,2022,"推算复试线352分,录取最高352分,平均352.0分,录取1人"
哈尔滨工业大学,黑龙江,0854,085454-电子信息,专业学位,FULL_TIME,待补充,368,1,1,2022,985,,,CPEER推算(录取最低分),https://github.com/Younai2021/CPEER-Dataset,2022,"推算复试线368分,录取最高368分,平均368.0分,录取1人"
哈尔滨工业大学,黑龙江,0854,085455-电子信息,专业学位,FULL_TIME,待补充,377,1,1,2022,985,,,CPEER推算(录取最低分),https://github.com/Younai2021/CPEER-Dataset,2022,"推算复试线377分,录取最高377分,平均377.0分,录取1人"
哈尔滨工业大学,黑龙江,0854,085456-电子信息,专业学位,FULL_TIME,待补充,382,1,1,2022,985,,,CPEER推算(录取最低分),https://github.com/Younai2021/CPEER-Dataset,2022,"推算复试线382分,录取最高382分,平均382.0分,录取1人"
哈尔滨工业大学,黑龙江,0854,085457-电子信息,专业学位,FULL_TIME,待补充,362,1,1,2022,985,,,CPEER推算(录取最低分),https://github.com/Younai2021/CPEER-Dataset,2022,"推算复试线362分,录取最高362分,平均362.0分,录取1人"
哈尔滨工业大学,黑龙江,0854,085458-电子信息,专业学位,FULL_TIME,待补充,355,1,1,2022,985,,,CPEER推算(录取最低分),https://github.com/Younai2021/CPEER-Dataset,2022,"推算复试线355分,录取最高355分,平均355.0分,录取1人"
哈尔滨工业大学,黑龙江,0854,085459-电子信息,专业学位,FULL_TIME,待补充,360,1,1,2022,985,,,CPEER推算(录取最低分),https://github.com/Younai2021/CPEER-Dataset,2022,"推算复试线360分,录取最高360分,平均360.0分,录取1人"
哈尔滨工业大学,黑龙江,0854,085460-电子信息,专业学位,FULL_TIME,待补充,350,1,1,2022,985,,,CPEER推算(录取最低分),https://github.com/Younai2021/CPEER-Dataset,2022,"推算复试线350分,录取最高350分,平均350.0分,录取1人"
哈尔滨工业大学,黑龙江,0854,085461-电子信息,专业学位,FULL_TIME,待补充,354,1,1,2022,985,,,CPEER推算(录取最低分),https://github.com/Younai2021/CPEER-Dataset,2022,"推算复试线354分,录取最高354分,平均354.0分,录取1人"
哈尔滨工业大学,黑龙江,0854,085462-电子信息,专业学位,FULL_TIME,待补充,371,1,1,2022,985,,,CPEER推算(录取最低分),https://github.com/Younai2021/CPEER-Dataset,2022,"推算复试线371分,录取最高371分,平均371.0分,录取1人"
哈尔滨工业大学,黑龙江,0854,085463-电子信息,专业学位,FULL_TIME,待补充,361,1,1,2022,985,,,CPEER推算(录取最低分),https://github.com/Younai2021/CPEER-Dataset,2022,"推算复试线361分,录取最高361分,平均361.0分,录取1人"
哈尔滨工业大学,黑龙江,0854,085464-电子信息,专业学位,FULL_TIME,待补充,379,1,1,2022,985,,,CPEER推算(录取最低分),https://github.com/Younai2021/CPEER-Dataset,2022,"推算复试线379分,录取最高379分,平均379.0分,录取1人"
哈尔滨工业大学,黑龙江,0854,085465-电子信息,专业学位,FULL_TIME,待补充,346,1,1,2022,985,,,CPEER推算(录取最低分),https://github.com/Younai2021/CPEER-Dataset,2022,"推算复试线346分,录取最高346分,平均346.0分,录取1人"
哈尔滨工业大学,黑龙江,0854,085466-电子信息,专业学位,FULL_TIME,待补充,361,1,1,2022,985,,,CPEER推算(录取最低分),https://github.com/Younai2021/CPEER-Dataset,2022,"推算复试线361分,录取最高361分,平均361.0分,录取1人"
哈尔滨工业大学,黑龙江,0854,085467-电子信息,专业学位,FULL_TIME,待补充,361,1,1,2022,985,,,CPEER推算(录取最低分),https://github.com/Younai2021/CPEER-Dataset,2022,"推算复试线361分,录取最高361分,平均361.0分,录取1人"
哈尔滨工业大学,黑龙江,0854,085468-电子信息,专业学位,FULL_TIME,待补充,379,1,1,2022,985,,,CPEER推算(录取最低分),https://github.com/Younai2021/CPEER-Dataset,2022,"推算复试线379分,录取最高379分,平均379.0分,录取1人"
哈尔滨工业大学,黑龙江,0854,085469-电子信息,专业学位,FULL_TIME,待补充,352,1,1,2022,985,,,CPEER推算(录取最低分),https://github.com/Younai2021/CPEER-Dataset,2022,"推算复试线352分,录取最高352分,平均352.0分,录取1人"
哈尔滨工业大学,黑龙江,0854,085470-电子信息,专业学位,FULL_TIME,待补充,365,1,1,2022,985,,,CPEER推算(录取最低分),https://github.com/Younai2021/CPEER-Dataset,2022,"推算复试线365分,录取最高365分,平均365.0分,录取1人"
哈尔滨工业大学,黑龙江,0854,085471-电子信息,专业学位,FULL_TIME,待补充,386,1,1,2022,985,,,CPEER推算(录取最低分),https://github.com/Younai2021/CPEER-Dataset,2022,"推算复试线386分,录取最高386分,平均386.0分,录取1人"
哈尔滨工业大学,黑龙江,0854,085472-电子信息,专业学位,FULL_TIME,待补充,366,1,1,2022,985,,,CPEER推算(录取最低分),https://github.com/Younai2021/CPEER-Dataset,2022,"推算复试线366分,录取最高366分,平均366.0分,录取1人"
哈尔滨工业大学,黑龙江,0854,085473-电子信息,专业学位,FULL_TIME,待补充,356,1,1,2022,985,,,CPEER推算(录取最低分),https://github.com/Younai2021/CPEER-Dataset,2022,"推算复试线356分,录取最高356分,平均356.0分,录取1人"
哈尔滨工业大学,黑龙江,0854,085474-电子信息,专业学位,FULL_TIME,待补充,365,1,1,2022,985,,,CPEER推算(录取最低分),https://github.com/Younai2021/CPEER-Dataset,2022,"推算复试线365分,录取最高365分,平均365.0分,录取1人"
哈尔滨工业大学,黑龙江,0854,085475-电子信息,专业学位,FULL_TIME,待补充,362,1,1,2022,985,,,CPEER推算(录取最低分),https://github.com/Younai2021/CPEER-Dataset,2022,"推算复试线362分,录取最高362分,平均362.0分,录取1人"
哈尔滨工业大学,黑龙江,0854,085476-电子信息,专业学位,FULL_TIME,待补充,351,1,1,2022,985,,,CPEER推算(录取最低分),https://github.com/Younai2021/CPEER-Dataset,2022,"推算复试线351分,录取最高351分,平均351.0分,录取1人"
哈尔滨工业大学,黑龙江,0854,085477-电子信息,专业学位,FULL_TIME,待补充,364,1,1,2022,985,,,CPEER推算(录取最低分),https://github.com/Younai2021/CPEER-Dataset,2022,"推算复试线364分,录取最高364分,平均364.0分,录取1人"
哈尔滨工业大学,黑龙江,0854,085478-电子信息,专业学位,FULL_TIME,待补充,359,1,1,2022,985,,,CPEER推算(录取最低分),https://github.com/Younai2021/CPEER-Dataset,2022,"推算复试线359分,录取最高359分,平均359.0分,录取1人"
哈尔滨工业大学,黑龙江,0854,085479-电子信息,专业学位,FULL_TIME,待补充,357,1,1,2022,985,,,CPEER推算(录取最低分),https://github.com/Younai2021/CPEER-Dataset,2022,"推算复试线357分,录取最高357分,平均357.0分,录取1人"
哈尔滨工业大学,黑龙江,0854,085480-电子信息,专业学位,FULL_TIME,待补充,350,1,1,2022,985,,,CPEER推算(录取最低分),https://github.com/Younai2021/CPEER-Dataset,2022,"推算复试线350分,录取最高350分,平均350.0分,录取1人"
哈尔滨工业大学,黑龙江,0854,085481-电子信息,专业学位,FULL_TIME,待补充,363,1,1,2022,985,,,CPEER推算(录取最低分),https://github.com/Younai2021/CPEER-Dataset,2022,"推算复试线363分,录取最高363分,平均363.0分,录取1人"
哈尔滨工业大学,黑龙江,0854,085482-电子信息,专业学位,FULL_TIME,待补充,357,1,1,2022,985,,,CPEER推算(录取最低分),https://github.com/Younai2021/CPEER-Dataset,2022,"推算复试线357分,录取最高357分,平均357.0分,录取1人"
哈尔滨工业大学,黑龙江,0854,085483-电子信息,专业学位,FULL_TIME,待补充,356,1,1,2022,985,,,CPEER推算(录取最低分),https://github.com/Younai2021/CPEER-Dataset,2022,"推算复试线356分,录取最高356分,平均356.0分,录取1人"
哈尔滨工业大学,黑龙江,0854,085484-电子信息,专业学位,FULL_TIME,待补充,361,1,1,2022,985,,,CPEER推算(录取最低分),https://github.com/Younai2021/CPEER-Dataset,2022,"推算复试线361分,录取最高361分,平均361.0分,录取1人"
哈尔滨工业大学,黑龙江,0854,085485-电子信息,专业学位,FULL_TIME,待补充,353,1,1,2022,985,,,CPEER推算(录取最低分),https://github.com/Younai2021/CPEER-Dataset,2022,"推算复试线353分,录取最高353分,平均353.0分,录取1人"
哈尔滨工业大学,黑龙江,0854,085486-电子信息,专业学位,FULL_TIME,待补充,345,1,1,2022,985,,,CPEER推算(录取最低分),https://github.com/Younai2021/CPEER-Dataset,2022,"推算复试线345分,录取最高345分,平均345.0分,录取1人"
哈尔滨工业大学,黑龙江,0854,085487-电子信息,专业学位,FULL_TIME,待补充,349,1,1,2022,985,,,CPEER推算(录取最低分),https://github.com/Younai2021/CPEER-Dataset,2022,"推算复试线349分,录取最高349分,平均349.0分,录取1人"
哈尔滨工业大学,黑龙江,0854,085488-电子信息,专业学位,FULL_TIME,待补充,368,1,1,2022,985,,,CPEER推算(录取最低分),https://github.com/Younai2021/CPEER-Dataset,2022,"推算复试线368分,录取最高368分,平均368.0分,录取1人"
哈尔滨工业大学,黑龙江,0854,085489-电子信息,专业学位,FULL_TIME,待补充,364,1,1,2022,985,,,CPEER推算(录取最低分),https://github.com/Younai2021/CPEER-Dataset,2022,"推算复试线364分,录取最高364分,平均364.0分,录取1人"
四川大学,四川,0812,计算机科学与技术,学术学位,FULL_TIME,待补充,364,17,17,2022,985,,,CPEER推算(录取最低分),https://github.com/Younai2021/CPEER-Dataset,2022,"推算复试线364分,录取最高395分,平均381.4分,录取17人"
四川大学,四川,0835,软件工程,学术学位,FULL_TIME,待补充,341,14,14,2022,985,,,CPEER推算(录取最低分),https://github.com/Younai2021/CPEER-Dataset,2022,"推算复试线341分,录取最高394分,平均374.9分,录取14人"
四川大学,四川,0854,人工智能,专业学位,FULL_TIME,待补充,331,7,7,2022,985,,,CPEER推算(录取最低分),https://github.com/Younai2021/CPEER-Dataset,2022,"推算复试线331分,录取最高373分,平均347.4分,录取7人"
四川大学,四川,0854,电子信息,专业学位,FULL_TIME,待补充,360,78,78,2022,985,,,CPEER推算(录取最低分),https://github.com/Younai2021/CPEER-Dataset,2022,"推算复试线360分,录取最高430分,平均391.1分,录取78人"
大连海事大学,辽宁,0812,计算机科学与技术,学术学位,FULL_TIME,待补充,285,48,58,2022,211,,,CPEER推算(录取最低分),https://github.com/Younai2021/CPEER-Dataset,2022,"推算复试线285分,录取最高388分,平均317.3分,录取48人"
大连海事大学,辽宁,0835,软件工程,学术学位,FULL_TIME,待补充,277,3,3,2022,211,,,CPEER推算(录取最低分),https://github.com/Younai2021/CPEER-Dataset,2022,"推算复试线277分,录取最高317分,平均295.0分,录取3人"
大连海事大学,辽宁,0854,电子信息,专业学位,FULL_TIME,待补充,279,218,260,2022,211,,,CPEER推算(录取最低分),https://github.com/Younai2021/CPEER-Dataset,2022,"推算复试线279分,录取最高406分,平均330.0分,录取218人"
大连海事大学,辽宁,0854,人工智能,专业学位,FULL_TIME,待补充,290,11,14,2022,211,,,CPEER推算(录取最低分),https://github.com/Younai2021/CPEER-Dataset,2022,"推算复试线290分,录取最高360分,平均312.5分,录取11人"
宁夏大学,宁夏,0812,计算机科学与技术,学术学位,FULL_TIME,待补充,267,19,19,2022,211,,,CPEER推算(录取最低分),https://github.com/Younai2021/CPEER-Dataset,2022,"推算复试线267分,录取最高357分,平均313.2分,录取19人"
宁夏大学,宁夏,0854,电子信息,专业学位,FULL_TIME,待补充,263,97,97,2022,211,,,CPEER推算(录取最低分),https://github.com/Younai2021/CPEER-Dataset,2022,"推算复试线263分,录取最高398分,平均320.1分,录取97人"
宁夏大学,宁夏,0854,计算机技术,专业学位,FULL_TIME,待补充,299,100,100,2022,211,,,CPEER推算(录取最低分),https://github.com/Younai2021/CPEER-Dataset,2022,"推算复试线299分,录取最高383分,平均326.8分,录取100人"
宁波大学,,0812,计算机科学与技术,学术学位,FULL_TIME,待补充,291,26,26,2022,,,,CPEER推算(录取最低分),https://github.com/Younai2021/CPEER-Dataset,2022,"推算复试线291分,录取最高380分,平均314.4分,录取26人"
宁波大学,,0854,电子信息,专业学位,FULL_TIME,待补充,297,7,7,2022,,,,CPEER推算(录取最低分),https://github.com/Younai2021/CPEER-Dataset,2022,"推算复试线297分,录取最高337分,平均315.9分,录取7人"
宁波大学,,0854,计算机技术,专业学位,FULL_TIME,待补充,265,72,72,2022,,,,CPEER推算(录取最低分),https://github.com/Younai2021/CPEER-Dataset,2022,"推算复试线265分,录取最高382分,平均324.1分,录取72人"
广西大学,广西,0812,计算机科学与技术,学术学位,FULL_TIME,待补充,263,35,35,2022,211,,,CPEER推算(录取最低分),https://github.com/Younai2021/CPEER-Dataset,2022,"推算复试线263分,录取最高323分,平均289.3分,录取35人"
广西大学,广西,0854,新一代电子信息技术,专业学位,FULL_TIME,待补充,269,9,9,2022,211,,,CPEER推算(录取最低分),https://github.com/Younai2021/CPEER-Dataset,2022,"推算复试线269分,录取最高355分,平均304.9分,录取9人"
广西大学,广西,0854,计算机技术,专业学位,FULL_TIME,待补充,266,79,79,2022,211,,,CPEER推算(录取最低分),https://github.com/Younai2021/CPEER-Dataset,2022,"推算复试线266分,录取最高390分,平均304.2分,录取79人"
广西大学,广西,0854,人工智能,专业学位,FULL_TIME,待补充,268,19,19,2022,211,,,CPEER推算(录取最低分),https://github.com/Younai2021/CPEER-Dataset,2022,"推算复试线268分,录取最高340分,平均294.3分,录取19人"
延边大学,吉林,0812,计算机科学与技术,学术学位,FULL_TIME,待补充,285,5,5,2022,211,,,CPEER推算(录取最低分),https://github.com/Younai2021/CPEER-Dataset,2022,"推算复试线285分,录取最高358分,平均333.6分,录取5人"
延边大学,吉林,0854,新一代电子信息技术,专业学位,FULL_TIME,待补充,285,21,21,2022,211,,,CPEER推算(录取最低分),https://github.com/Younai2021/CPEER-Dataset,2022,"推算复试线285分,录取最高412分,平均329.7分,录取21人"
延边大学,吉林,0854,计算机技术,专业学位,FULL_TIME,待补充,315,24,24,2022,211,,,CPEER推算(录取最低分),https://github.com/Younai2021/CPEER-Dataset,2022,"推算复试线315分,录取最高398分,平均335.4分,录取24人"
成都理工大学,,0812,计算机科学与技术,学术学位,FULL_TIME,待补充,273,44,44,2022,,,,CPEER推算(录取最低分),https://github.com/Younai2021/CPEER-Dataset,2022,"推算复试线273分,录取最高354分,平均302.6分,录取44人"
成都理工大学,,0835,软件工程,学术学位,FULL_TIME,待补充,294,20,20,2022,,,,CPEER推算(录取最低分),https://github.com/Younai2021/CPEER-Dataset,2022,"推算复试线294分,录取最高371分,平均326.2分,录取20人"
成都理工大学,,0839,网络与信息安全,学术学位,FULL_TIME,待补充,274,18,18,2022,,,,CPEER推算(录取最低分),https://github.com/Younai2021/CPEER-Dataset,2022,"推算复试线274分,录取最高353分,平均313.2分,录取18人"
成都理工大学,,0854,计算机技术,专业学位,FULL_TIME,待补充,279,11,11,2022,,,,CPEER推算(录取最低分),https://github.com/Younai2021/CPEER-Dataset,2022,"推算复试线279分,录取最高339分,平均302.7分,录取11人"
成都理工大学,,0854,人工智能,专业学位,FULL_TIME,待补充,276,15,15,2022,,,,CPEER推算(录取最低分),https://github.com/Younai2021/CPEER-Dataset,2022,"推算复试线276分,录取最高341分,平均304.3分,录取15人"
成都理工大学,,0854,大数据技术与工程,专业学位,FULL_TIME,待补充,278,9,9,2022,,,,CPEER推算(录取最低分),https://github.com/Younai2021/CPEER-Dataset,2022,"推算复试线278分,录取最高350分,平均302.0分,录取9人"
新疆大学,新疆,0835,软件工程,学术学位,FULL_TIME,待补充,350,5,8,2022,211,,,CPEER推算(录取最低分),https://github.com/Younai2021/CPEER-Dataset,2022,"推算复试线350分,录取最高385分,平均364.2分,录取5人"
新疆大学,新疆,0854,电子信息,专业学位,FULL_TIME,待补充,374,23,28,2022,211,,,CPEER推算(录取最低分),https://github.com/Younai2021/CPEER-Dataset,2022,"推算复试线374分,录取最高404分,平均384.5分,录取23人"
江南大学,江苏,0854,新一代电子信息技术,专业学位,FULL_TIME,待补充,297,14,14,2022,211,,,CPEER推算(录取最低分),https://github.com/Younai2021/CPEER-Dataset,2022,"推算复试线297分,录取最高380分,平均336.8分,录取14人"
江南大学,江苏,0854,控制工程,专业学位,FULL_TIME,待补充,325,72,72,2022,211,,,CPEER推算(录取最低分),https://github.com/Younai2021/CPEER-Dataset,2022,"推算复试线325分,录取最高421分,平均359.1分,录取72人"
河北工业大学,河北,0812,计算机科学与技术,学术学位,FULL_TIME,待补充,301,49,49,2022,211,,,CPEER推算(录取最低分),https://github.com/Younai2021/CPEER-Dataset,2022,"推算复试线301分,录取最高381分,平均330.1分,录取49人"
河北工业大学,河北,0854,计算机技术,专业学位,FULL_TIME,待补充,294,68,68,2022,211,,,CPEER推算(录取最低分),https://github.com/Younai2021/CPEER-Dataset,2022,"推算复试线294分,录取最高370分,平均320.8分,录取68人"
河北工业大学,河北,0854,人工智能,专业学位,FULL_TIME,待补充,274,35,35,2022,211,,,CPEER推算(录取最低分),https://github.com/Younai2021/CPEER-Dataset,2022,"推算复试线274分,录取最高350分,平均301.7分,录取35人"
海南大学,海南,0812,计算机科学与技术,学术学位,FULL_TIME,待补充,265,33,33,2022,211,,,CPEER推算(录取最低分),https://github.com/Younai2021/CPEER-Dataset,2022,"推算复试线265分,录取最高348分,平均300.1分,录取33人"
海南大学,海南,0854,电子信息,专业学位,FULL_TIME,待补充,276,82,82,2022,211,,,CPEER推算(录取最低分),https://github.com/Younai2021/CPEER-Dataset,2022,"推算复试线276分,录取最高364分,平均304.8分,录取82人"
福州大学,福建,0812,计算机软件与理论,学术学位,FULL_TIME,待补充,297,9,10,2022,211,,,CPEER推算(录取最低分),https://github.com/Younai2021/CPEER-Dataset,2022,"推算复试线297分,录取最高323分,平均311.7分,录取9人"
福州大学,福建,0812,计算机系统结构,学术学位,FULL_TIME,待补充,346,4,5,2022,211,,,CPEER推算(录取最低分),https://github.com/Younai2021/CPEER-Dataset,2022,"推算复试线346分,录取最高390分,平均358.2分,录取4人"
福州大学,福建,0812,计算机应用技术,学术学位,FULL_TIME,待补充,320,22,25,2022,211,,,CPEER推算(录取最低分),https://github.com/Younai2021/CPEER-Dataset,2022,"推算复试线320分,录取最高414分,平均350.1分,录取22人"
福州大学,福建,0835,软件工程,学术学位,FULL_TIME,待补充,315,30,37,2022,211,,,CPEER推算(录取最低分),https://github.com/Younai2021/CPEER-Dataset,2022,"推算复试线315分,录取最高383分,平均341.6分,录取30人"
福州大学,福建,0839,信息安全,学术学位,FULL_TIME,待补充,313,4,5,2022,211,,,CPEER推算(录取最低分),https://github.com/Younai2021/CPEER-Dataset,2022,"推算复试线313分,录取最高336分,平均324.2分,录取4人"
福州大学,福建,0854,计算机技术,专业学位,FULL_TIME,待补充,343,133,159,2022,211,,,CPEER推算(录取最低分),https://github.com/Younai2021/CPEER-Dataset,2022,"推算复试线343分,录取最高414分,平均367.8分,录取133人"
福州大学,福建,0854,人工智能,专业学位,FULL_TIME,待补充,321,43,52,2022,211,,,CPEER推算(录取最低分),https://github.com/Younai2021/CPEER-Dataset,2022,"推算复试线321分,录取最高398分,平均347.8分,录取43人"
西北大学,陕西,0812,计算机科学与技术/计算机应用技术,学术学位,FULL_TIME,待补充,340,2,4,2022,211,,,CPEER推算(录取最低分),https://github.com/Younai2021/CPEER-Dataset,2022,"推算复试线340分,录取最高348分,平均344.0分,录取2人"
西北大学,陕西,0812,计算机科学与技术,学术学位,FULL_TIME,待补充,293,19,24,2022,211,,,CPEER推算(录取最低分),https://github.com/Younai2021/CPEER-Dataset,2022,"推算复试线293分,录取最高412分,平均357.3分,录取19人"
西北大学,陕西,0835,软件工程,学术学位,FULL_TIME,待补充,297,165,217,2022,211,,,CPEER推算(录取最低分),https://github.com/Younai2021/CPEER-Dataset,2022,"推算复试线297分,录取最高399分,平均343.9分,录取165人"
西南财经大学,四川,0812,计算机软件与理论,学术学位,FULL_TIME,待补充,286,14,14,2022,211,,,CPEER推算(录取最低分),https://github.com/Younai2021/CPEER-Dataset,2022,"推算复试线286分,录取最高372分,平均315.0分,录取14人"
西南财经大学,四川,0812,计算机应用技术,学术学位,FULL_TIME,待补充,310,23,23,2022,211,,,CPEER推算(录取最低分),https://github.com/Younai2021/CPEER-Dataset,2022,"推算复试线310分,录取最高375分,平均330.7分,录取23人"
西藏大学,西藏,0812,计算机软件与理论,学术学位,FULL_TIME,待补充,254,7,7,2022,211,,,CPEER推算(录取最低分),https://github.com/Younai2021/CPEER-Dataset,2022,"推算复试线254分,录取最高348分,平均323.0分,录取7人"
西藏大学,西藏,0812,计算机应用技术,学术学位,FULL_TIME,待补充,258,11,11,2022,211,,,CPEER推算(录取最低分),https://github.com/Younai2021/CPEER-Dataset,2022,"推算复试线258分,录取最高362分,平均322.4分,录取11人"
西藏大学,西藏,0812,计算机系统结构,学术学位,FULL_TIME,待补充,305,10,10,2022,211,,,CPEER推算(录取最低分),https://github.com/Younai2021/CPEER-Dataset,2022,"推算复试线305分,录取最高347分,平均318.6分,录取10人"
贵州大学,贵州,0812,计算机科学与技术,学术学位,FULL_TIME,待补充,264,43,43,2022,211,,,CPEER推算(录取最低分),https://github.com/Younai2021/CPEER-Dataset,2022,"推算复试线264分,录取最高393分,平均331.7分,录取43人"
贵州大学,贵州,0835,软件工程,学术学位,FULL_TIME,待补充,295,30,30,2022,211,,,CPEER推算(录取最低分),https://github.com/Younai2021/CPEER-Dataset,2022,"推算复试线295分,录取最高399分,平均341.6分,录取30人"
贵州大学,贵州,0854,电子信息,专业学位,FULL_TIME,待补充,264,282,282,2022,211,,,CPEER推算(录取最低分),https://github.com/Younai2021/CPEER-Dataset,2022,"推算复试线264分,录取最高428分,平均342.9分,录取282人"
辽宁大学,辽宁,0812,计算机系统结构,学术学位,FULL_TIME,待补充,279,1,1,2022,211,,,CPEER推算(录取最低分),https://github.com/Younai2021/CPEER-Dataset,2022,"推算复试线279分,录取最高279分,平均279.0分,录取1人"
辽宁大学,辽宁,0812,计算机软件与理论,学术学位,FULL_TIME,待补充,275,4,4,2022,211,,,CPEER推算(录取最低分),https://github.com/Younai2021/CPEER-Dataset,2022,"推算复试线275分,录取最高356分,平均311.2分,录取4人"
辽宁大学,辽宁,0812,计算机应用技术,学术学位,FULL_TIME,待补充,274,12,12,2022,211,,,CPEER推算(录取最低分),https://github.com/Younai2021/CPEER-Dataset,2022,"推算复试线274分,录取最高379分,平均301.8分,录取12人"
辽宁大学,辽宁,0835,软件工程,学术学位,FULL_TIME,待补充,273,35,35,2022,211,,,CPEER推算(录取最低分),https://github.com/Younai2021/CPEER-Dataset,2022,"推算复试线273分,录取最高371分,平均300.7分,录取35人"
长安大学,陕西,0812,计算机科学与技术,学术学位,FULL_TIME,待补充,317,32,32,2022,211,,,CPEER推算(录取最低分),https://github.com/Younai2021/CPEER-Dataset,2022,"推算复试线317分,录取最高359分,平均335.5分,录取32人"
长安大学,陕西,0835,软件工程,学术学位,FULL_TIME,待补充,279,9,9,2022,211,,,CPEER推算(录取最低分),https://github.com/Younai2021/CPEER-Dataset,2022,"推算复试线279分,录取最高326分,平均304.6分,录取9人"
长安大学,陕西,0839,网络空间安全,学术学位,FULL_TIME,待补充,283,5,5,2022,211,,,CPEER推算(录取最低分),https://github.com/Younai2021/CPEER-Dataset,2022,"推算复试线283分,录取最高336分,平均313.6分,录取5人"
长安大学,陕西,0854,电子信息,专业学位,FULL_TIME,待补充,273,178,178,2022,211,,,CPEER推算(录取最低分),https://github.com/Younai2021/CPEER-Dataset,2022,"推算复试线273分,录取最高420分,平均370.4分,录取178人"
上海大学,上海,0812,计算机科学与技术,学术学位,FULL_TIME,待补充,281,46,46,2021,211,,,CPEER推算(录取最低分),https://github.com/Younai2021/CPEER-Dataset,2021,"推算复试线281分,录取最高406分,平均344.8分,录取46人"
上海财经大学,上海,0835,软件工程,学术学位,FULL_TIME,待补充,330,3,3,2021,211,,,CPEER推算(录取最低分),https://github.com/Younai2021/CPEER-Dataset,2021,"推算复试线330分,录取最高363分,平均352.0分,录取3人"
上海财经大学,上海,0835,软件工程理论与计算复杂性,学术学位,FULL_TIME,待补充,354,2,2,2021,211,,,CPEER推算(录取最低分),https://github.com/Younai2021/CPEER-Dataset,2021,"推算复试线354分,录取最高408分,平均381.0分,录取2人"
上海财经大学,上海,0835,金融领域软件工程,学术学位,FULL_TIME,待补充,355,5,5,2021,211,,,CPEER推算(录取最低分),https://github.com/Younai2021/CPEER-Dataset,2021,"推算复试线355分,录取最高405分,平均379.0分,录取5人"
上海财经大学,上海,0854,软件服务工程,专业学位,FULL_TIME,待补充,330,2,2,2021,211,,,CPEER推算(录取最低分),https://github.com/Younai2021/CPEER-Dataset,2021,"推算复试线330分,录取最高332分,平均331.0分,录取2人"
中南财经政法大学,湖北,0812,计算机科学与技术,学术学位,FULL_TIME,待补充,344,3,4,2021,211,,,CPEER推算(录取最低分),https://github.com/Younai2021/CPEER-Dataset,2021,"推算复试线344分,录取最高385分,平均362.0分,录取3人"
中南财经政法大学,湖北,0854,电子信息,专业学位,FULL_TIME,待补充,318,67,89,2021,211,,,CPEER推算(录取最低分),https://github.com/Younai2021/CPEER-Dataset,2021,"推算复试线318分,录取最高411分,平均350.3分,录取67人"
中国矿业大学(北京),,0812,计算机科学与技术,学术学位,FULL_TIME,待补充,304,20,20,2021,,,,CPEER推算(录取最低分),https://github.com/Younai2021/CPEER-Dataset,2021,"推算复试线304分,录取最高393分,平均342.4分,录取20人"
中国矿业大学(北京),,0854,电子信息,专业学位,FULL_TIME,待补充,273,82,82,2021,,,,CPEER推算(录取最低分),https://github.com/Younai2021/CPEER-Dataset,2021,"推算复试线273分,录取最高392分,平均332.0分,录取82人"
中央财经大学,北京,0854,电子信息,专业学位,FULL_TIME,待补充,363,29,39,2021,211,,,CPEER推算(录取最低分),https://github.com/Younai2021/CPEER-Dataset,2021,"推算复试线363分,录取最高441分,平均398.9分,录取29人"
北京化工大学,北京,0812,计算机科学与技术,学术学位,FULL_TIME,待补充,320,15,15,2021,211,,,CPEER推算(录取最低分),https://github.com/Younai2021/CPEER-Dataset,2021,"推算复试线320分,录取最高360分,平均346.9分,录取15人"
北京化工大学,北京,0835,软件工程,学术学位,FULL_TIME,待补充,315,10,10,2021,211,,,CPEER推算(录取最低分),https://github.com/Younai2021/CPEER-Dataset,2021,"推算复试线315分,录取最高343分,平均328.6分,录取10人"
北京化工大学,北京,0854,电子信息,专业学位,FULL_TIME,待补充,301,97,97,2021,211,,,CPEER推算(录取最低分),https://github.com/Younai2021/CPEER-Dataset,2021,"推算复试线301分,录取最高421分,平均345.8分,录取97人"
北京科技大学,北京,0812,计算机科学与技术,学术学位,FULL_TIME,待补充,323,23,29,2021,211,,,CPEER推算(录取最低分),https://github.com/Younai2021/CPEER-Dataset,2021,"推算复试线323分,录取最高385分,平均348.8分,录取23人"
北京科技大学,北京,0854,电子信息,专业学位,FULL_TIME,待补充,291,95,101,2021,211,,,CPEER推算(录取最低分),https://github.com/Younai2021/CPEER-Dataset,2021,"推算复试线291分,录取最高406分,平均352.2分,录取95人"
北京邮电大学,北京,0839,网络空间安全,学术学位,FULL_TIME,待补充,320,73,94,2021,211,,,CPEER推算(录取最低分),https://github.com/Younai2021/CPEER-Dataset,2021,"推算复试线320分,录取最高407分,平均353.8分,录取73人"
北京邮电大学,北京,0854,电子信息,专业学位,FULL_TIME,待补充,309,134,163,2021,211,,,CPEER推算(录取最低分),https://github.com/Younai2021/CPEER-Dataset,2021,"推算复试线309分,录取最高437分,平均370.6分,录取134人"
华中师范大学,湖北,0812,计算机科学与技术,学术学位,FULL_TIME,待补充,263,54,60,2021,211,,,CPEER推算(录取最低分),https://github.com/Younai2021/CPEER-Dataset,2021,"推算复试线263分,录取最高364分,平均311.5分,录取54人"
华中师范大学,湖北,0854,电子信息,专业学位,FULL_TIME,待补充,308,67,81,2021,211,,,CPEER推算(录取最低分),https://github.com/Younai2021/CPEER-Dataset,2021,"推算复试线308分,录取最高415分,平均348.3分,录取67人"
华中科技大学,湖北,0812,计算机应用技术,学术学位,FULL_TIME,待补充,334,12,19,2021,985,,,CPEER推算(录取最低分),https://github.com/Younai2021/CPEER-Dataset,2021,"推算复试线334分,录取最高404分,平均376.5分,录取12人"
华中科技大学,湖北,0812,计算机软件与理论,学术学位,FULL_TIME,待补充,366,6,6,2021,985,,,CPEER推算(录取最低分),https://github.com/Younai2021/CPEER-Dataset,2021,"推算复试线366分,录取最高407分,平均383.7分,录取6人"
华中科技大学,湖北,0812,计算机系统结构,学术学位,FULL_TIME,待补充,386,3,4,2021,985,,,CPEER推算(录取最低分),https://github.com/Younai2021/CPEER-Dataset,2021,"推算复试线386分,录取最高400分,平均394.7分,录取3人"
华中科技大学,湖北,0854,电子信息,专业学位,FULL_TIME,待补充,338,143,192,2021,985,,,CPEER推算(录取最低分),https://github.com/Younai2021/CPEER-Dataset,2021,"推算复试线338分,录取最高428分,平均379.3分,录取143人"
华南理工大学,广东,0812,计算机科学与技术,学术学位,FULL_TIME,待补充,351,22,22,2021,985,,,CPEER推算(录取最低分),https://github.com/Younai2021/CPEER-Dataset,2021,"推算复试线351分,录取最高412分,平均379.0分,录取22人"
南京理工大学,江苏,0812,计算机科学与技术,学术学位,FULL_TIME,待补充,259,31,31,2021,211,,,CPEER推算(录取最低分),https://github.com/Younai2021/CPEER-Dataset,2021,"推算复试线259分,录取最高408分,平均332.5分,录取31人"
南京航空航天大学,江苏,0812,计算机科学与技术,学术学位,FULL_TIME,待补充,303,25,25,2021,211,,,CPEER推算(录取最低分),https://github.com/Younai2021/CPEER-Dataset,2021,"推算复试线303分,录取最高416分,平均355.2分,录取25人"
厦门大学,福建,0854,电子信息,专业学位,FULL_TIME,待补充,324,103,103,2021,985,,,CPEER推算(录取最低分),https://github.com/Younai2021/CPEER-Dataset,2021,"推算复试线324分,录取最高437分,平均386.1分,录取103人"
哈尔滨工业大学,黑龙江,0812,081203-计算机科学与技术,学术学位,FULL_TIME,待补充,382,1,1,2021,985,,,CPEER推算(录取最低分),https://github.com/Younai2021/CPEER-Dataset,2021,"推算复试线382分,录取最高382分,平均382.0分,录取1人"
哈尔滨工业大学,黑龙江,0812,081204-计算机科学与技术,学术学位,FULL_TIME,待补充,418,1,1,2021,985,,,CPEER推算(录取最低分),https://github.com/Younai2021/CPEER-Dataset,2021,"推算复试线418分,录取最高418分,平均418.0分,录取1人"
哈尔滨工业大学,黑龙江,0812,081205-计算机科学与技术,学术学位,FULL_TIME,待补充,394,1,1,2021,985,,,CPEER推算(录取最低分),https://github.com/Younai2021/CPEER-Dataset,2021,"推算复试线394分,录取最高394分,平均394.0分,录取1人"
哈尔滨工业大学,黑龙江,0812,081206-计算机科学与技术,学术学位,FULL_TIME,待补充,404,1,1,2021,985,,,CPEER推算(录取最低分),https://github.com/Younai2021/CPEER-Dataset,2021,"推算复试线404分,录取最高404分,平均404.0分,录取1人"
哈尔滨工业大学,黑龙江,0812,081207-计算机科学与技术,学术学位,FULL_TIME,待补充,383,1,1,2021,985,,,CPEER推算(录取最低分),https://github.com/Younai2021/CPEER-Dataset,2021,"推算复试线383分,录取最高383分,平均383.0分,录取1人"
哈尔滨工业大学,黑龙江,0812,081208-计算机科学与技术,学术学位,FULL_TIME,待补充,346,1,1,2021,985,,,CPEER推算(录取最低分),https://github.com/Younai2021/CPEER-Dataset,2021,"推算复试线346分,录取最高346分,平均346.0分,录取1人"
哈尔滨工业大学,黑龙江,0812,081209-计算机科学与技术,学术学位,FULL_TIME,待补充,385,1,1,2021,985,,,CPEER推算(录取最低分),https://github.com/Younai2021/CPEER-Dataset,2021,"推算复试线385分,录取最高385分,平均385.0分,录取1人"
哈尔滨工业大学,黑龙江,0812,081210-计算机科学与技术,学术学位,FULL_TIME,待补充,367,1,1,2021,985,,,CPEER推算(录取最低分),https://github.com/Younai2021/CPEER-Dataset,2021,"推算复试线367分,录取最高367分,平均367.0分,录取1人"
哈尔滨工业大学,黑龙江,0812,081211-计算机科学与技术,学术学位,FULL_TIME,待补充,365,1,1,2021,985,,,CPEER推算(录取最低分),https://github.com/Younai2021/CPEER-Dataset,2021,"推算复试线365分,录取最高365分,平均365.0分,录取1人"
哈尔滨工业大学,黑龙江,0812,计算机科学与技术,学术学位,FULL_TIME,待补充,350,18,18,2021,985,,,CPEER推算(录取最低分),https://github.com/Younai2021/CPEER-Dataset,2021,"推算复试线350分,录取最高410分,平均379.3分,录取18人"
哈尔滨工业大学,黑龙江,0835,083502-软件工程,学术学位,FULL_TIME,待补充,387,1,1,2021,985,,,CPEER推算(录取最低分),https://github.com/Younai2021/CPEER-Dataset,2021,"推算复试线387分,录取最高387分,平均387.0分,录取1人"
哈尔滨工业大学,黑龙江,0835,083503-软件工程,学术学位,FULL_TIME,待补充,368,1,1,2021,985,,,CPEER推算(录取最低分),https://github.com/Younai2021/CPEER-Dataset,2021,"推算复试线368分,录取最高368分,平均368.0分,录取1人"
哈尔滨工业大学,黑龙江,0835,083504-软件工程,学术学位,FULL_TIME,待补充,360,1,1,2021,985,,,CPEER推算(录取最低分),https://github.com/Younai2021/CPEER-Dataset,2021,"推算复试线360分,录取最高360分,平均360.0分,录取1人"
哈尔滨工业大学,黑龙江,0835,083505-软件工程,学术学位,FULL_TIME,待补充,386,1,1,2021,985,,,CPEER推算(录取最低分),https://github.com/Younai2021/CPEER-Dataset,2021,"推算复试线386分,录取最高386分,平均386.0分,录取1人"
哈尔滨工业大学,黑龙江,0835,083506-软件工程,学术学位,FULL_TIME,待补充,363,1,1,2021,985,,,CPEER推算(录取最低分),https://github.com/Younai2021/CPEER-Dataset,2021,"推算复试线363分,录取最高363分,平均363.0分,录取1人"
哈尔滨工业大学,黑龙江,0835,083507-软件工程,学术学位,FULL_TIME,待补充,362,1,1,2021,985,,,CPEER推算(录取最低分),https://github.com/Younai2021/CPEER-Dataset,2021,"推算复试线362分,录取最高362分,平均362.0分,录取1人"
哈尔滨工业大学,黑龙江,0835,083508-软件工程,学术学位,FULL_TIME,待补充,410,1,1,2021,985,,,CPEER推算(录取最低分),https://github.com/Younai2021/CPEER-Dataset,2021,"推算复试线410分,录取最高410分,平均410.0分,录取1人"
哈尔滨工业大学,黑龙江,0835,083509-软件工程,学术学位,FULL_TIME,待补充,402,1,1,2021,985,,,CPEER推算(录取最低分),https://github.com/Younai2021/CPEER-Dataset,2021,"推算复试线402分,录取最高402分,平均402.0分,录取1人"
哈尔滨工业大学,黑龙江,0835,083510-软件工程,学术学位,FULL_TIME,待补充,387,1,1,2021,985,,,CPEER推算(录取最低分),https://github.com/Younai2021/CPEER-Dataset,2021,"推算复试线387分,录取最高387分,平均387.0分,录取1人"
哈尔滨工业大学,黑龙江,0835,083511-软件工程,学术学位,FULL_TIME,待补充,404,1,1,2021,985,,,CPEER推算(录取最低分),https://github.com/Younai2021/CPEER-Dataset,2021,"推算复试线404分,录取最高404分,平均404.0分,录取1人"
哈尔滨工业大学,黑龙江,0835,083512-软件工程,学术学位,FULL_TIME,待补充,356,1,1,2021,985,,,CPEER推算(录取最低分),https://github.com/Younai2021/CPEER-Dataset,2021,"推算复试线356分,录取最高356分,平均356.0分,录取1人"
哈尔滨工业大学,黑龙江,0839,083902-网络空间安全,学术学位,FULL_TIME,待补充,419,1,1,2021,985,,,CPEER推算(录取最低分),https://github.com/Younai2021/CPEER-Dataset,2021,"推算复试线419分,录取最高419分,平均419.0分,录取1人"
哈尔滨工业大学,黑龙江,0839,083903-网络空间安全,学术学位,FULL_TIME,待补充,410,1,1,2021,985,,,CPEER推算(录取最低分),https://github.com/Younai2021/CPEER-Dataset,2021,"推算复试线410分,录取最高410分,平均410.0分,录取1人"
哈尔滨工业大学,黑龙江,0839,083904-网络空间安全,学术学位,FULL_TIME,待补充,351,1,1,2021,985,,,CPEER推算(录取最低分),https://github.com/Younai2021/CPEER-Dataset,2021,"推算复试线351分,录取最高351分,平均351.0分,录取1人"
哈尔滨工业大学,黑龙江,0839,083905-网络空间安全,学术学位,FULL_TIME,待补充,379,1,1,2021,985,,,CPEER推算(录取最低分),https://github.com/Younai2021/CPEER-Dataset,2021,"推算复试线379分,录取最高379分,平均379.0分,录取1人"
哈尔滨工业大学,黑龙江,0839,083906-网络空间安全,学术学位,FULL_TIME,待补充,366,1,1,2021,985,,,CPEER推算(录取最低分),https://github.com/Younai2021/CPEER-Dataset,2021,"推算复试线366分,录取最高366分,平均366.0分,录取1人"
哈尔滨工业大学,黑龙江,0839,083907-网络空间安全,学术学位,FULL_TIME,待补充,385,1,1,2021,985,,,CPEER推算(录取最低分),https://github.com/Younai2021/CPEER-Dataset,2021,"推算复试线385分,录取最高385分,平均385.0分,录取1人"
哈尔滨工业大学,黑龙江,0839,083908-网络空间安全,学术学位,FULL_TIME,待补充,366,1,1,2021,985,,,CPEER推算(录取最低分),https://github.com/Younai2021/CPEER-Dataset,2021,"推算复试线366分,录取最高366分,平均366.0分,录取1人"
哈尔滨工业大学,黑龙江,0839,083909-网络空间安全,学术学位,FULL_TIME,待补充,379,1,1,2021,985,,,CPEER推算(录取最低分),https://github.com/Younai2021/CPEER-Dataset,2021,"推算复试线379分,录取最高379分,平均379.0分,录取1人"
哈尔滨工业大学,黑龙江,0839,083910-网络空间安全,学术学位,FULL_TIME,待补充,368,1,1,2021,985,,,CPEER推算(录取最低分),https://github.com/Younai2021/CPEER-Dataset,2021,"推算复试线368分,录取最高368分,平均368.0分,录取1人"
哈尔滨工业大学,黑龙江,0839,083911-网络空间安全,学术学位,FULL_TIME,待补充,359,1,1,2021,985,,,CPEER推算(录取最低分),https://github.com/Younai2021/CPEER-Dataset,2021,"推算复试线359分,录取最高359分,平均359.0分,录取1人"
哈尔滨工业大学,黑龙江,0839,083912-网络空间安全,学术学位,FULL_TIME,待补充,343,1,1,2021,985,,,CPEER推算(录取最低分),https://github.com/Younai2021/CPEER-Dataset,2021,"推算复试线343分,录取最高343分,平均343.0分,录取1人"
哈尔滨工业大学,黑龙江,0839,083913-网络空间安全,学术学位,FULL_TIME,待补充,364,1,1,2021,985,,,CPEER推算(录取最低分),https://github.com/Younai2021/CPEER-Dataset,2021,"推算复试线364分,录取最高364分,平均364.0分,录取1人"
哈尔滨工业大学,黑龙江,0839,083914-网络空间安全,学术学位,FULL_TIME,待补充,368,1,1,2021,985,,,CPEER推算(录取最低分),https://github.com/Younai2021/CPEER-Dataset,2021,"推算复试线368分,录取最高368分,平均368.0分,录取1人"
哈尔滨工业大学,黑龙江,0854,085402-电子信息,专业学位,FULL_TIME,待补充,351,2,2,2021,985,,,CPEER推算(录取最低分),https://github.com/Younai2021/CPEER-Dataset,2021,"推算复试线351分,录取最高410分,平均380.5分,录取2人"
哈尔滨工业大学,黑龙江,0854,085403-电子信息,专业学位,FULL_TIME,待补充,398,2,2,2021,985,,,CPEER推算(录取最低分),https://github.com/Younai2021/CPEER-Dataset,2021,"推算复试线398分,录取最高403分,平均400.5分,录取2人"
哈尔滨工业大学,黑龙江,0854,085404-电子信息,专业学位,FULL_TIME,待补充,337,2,2,2021,985,,,CPEER推算(录取最低分),https://github.com/Younai2021/CPEER-Dataset,2021,"推算复试线337分,录取最高364分,平均350.5分,录取2人"
哈尔滨工业大学,黑龙江,0854,085405-电子信息,专业学位,FULL_TIME,待补充,383,2,2,2021,985,,,CPEER推算(录取最低分),https://github.com/Younai2021/CPEER-Dataset,2021,"推算复试线383分,录取最高383分,平均383.0分,录取2人"
哈尔滨工业大学,黑龙江,0854,085406-电子信息,专业学位,FULL_TIME,待补充,379,2,2,2021,985,,,CPEER推算(录取最低分),https://github.com/Younai2021/CPEER-Dataset,2021,"推算复试线379分,录取最高388分,平均383.5分,录取2人"
哈尔滨工业大学,黑龙江,0854,085407-电子信息,专业学位,FULL_TIME,待补充,351,2,2,2021,985,,,CPEER推算(录取最低分),https://github.com/Younai2021/CPEER-Dataset,2021,"推算复试线351分,录取最高391分,平均371.0分,录取2人"
哈尔滨工业大学,黑龙江,0854,085408-电子信息,专业学位,FULL_TIME,待补充,387,2,2,2021,985,,,CPEER推算(录取最低分),https://github.com/Younai2021/CPEER-Dataset,2021,"推算复试线387分,录取最高395分,平均391.0分,录取2人"
哈尔滨工业大学,黑龙江,0854,085409-电子信息,专业学位,FULL_TIME,待补充,384,2,2,2021,985,,,CPEER推算(录取最低分),https://github.com/Younai2021/CPEER-Dataset,2021,"推算复试线384分,录取最高411分,平均397.5分,录取2人"
哈尔滨工业大学,黑龙江,0854,085410-电子信息,专业学位,FULL_TIME,待补充,365,2,2,2021,985,,,CPEER推算(录取最低分),https://github.com/Younai2021/CPEER-Dataset,2021,"推算复试线365分,录取最高377分,平均371.0分,录取2人"
哈尔滨工业大学,黑龙江,0854,085411-电子信息,专业学位,FULL_TIME,待补充,349,2,2,2021,985,,,CPEER推算(录取最低分),https://github.com/Younai2021/CPEER-Dataset,2021,"推算复试线349分,录取最高371分,平均360.0分,录取2人"
哈尔滨工业大学,黑龙江,0854,085412-电子信息,专业学位,FULL_TIME,待补充,355,2,2,2021,985,,,CPEER推算(录取最低分),https://github.com/Younai2021/CPEER-Dataset,2021,"推算复试线355分,录取最高363分,平均359.0分,录取2人"
哈尔滨工业大学,黑龙江,0854,085413-电子信息,专业学位,FULL_TIME,待补充,370,2,2,2021,985,,,CPEER推算(录取最低分),https://github.com/Younai2021/CPEER-Dataset,2021,"推算复试线370分,录取最高382分,平均376.0分,录取2人"
哈尔滨工业大学,黑龙江,0854,085414-电子信息,专业学位,FULL_TIME,待补充,361,2,2,2021,985,,,CPEER推算(录取最低分),https://github.com/Younai2021/CPEER-Dataset,2021,"推算复试线361分,录取最高370分,平均365.5分,录取2人"
哈尔滨工业大学,黑龙江,0854,085415-电子信息,专业学位,FULL_TIME,待补充,353,2,2,2021,985,,,CPEER推算(录取最低分),https://github.com/Younai2021/CPEER-Dataset,2021,"推算复试线353分,录取最高367分,平均360.0分,录取2人"
哈尔滨工业大学,黑龙江,0854,085416-电子信息,专业学位,FULL_TIME,待补充,341,2,2,2021,985,,,CPEER推算(录取最低分),https://github.com/Younai2021/CPEER-Dataset,2021,"推算复试线341分,录取最高364分,平均352.5分,录取2人"
哈尔滨工业大学,黑龙江,0854,085417-电子信息,专业学位,FULL_TIME,待补充,354,2,2,2021,985,,,CPEER推算(录取最低分),https://github.com/Younai2021/CPEER-Dataset,2021,"推算复试线354分,录取最高392分,平均373.0分,录取2人"
哈尔滨工业大学,黑龙江,0854,085418-电子信息,专业学位,FULL_TIME,待补充,351,2,2,2021,985,,,CPEER推算(录取最低分),https://github.com/Younai2021/CPEER-Dataset,2021,"推算复试线351分,录取最高360分,平均355.5分,录取2人"
哈尔滨工业大学,黑龙江,0854,085419-电子信息,专业学位,FULL_TIME,待补充,336,2,2,2021,985,,,CPEER推算(录取最低分),https://github.com/Younai2021/CPEER-Dataset,2021,"推算复试线336分,录取最高353分,平均344.5分,录取2人"
哈尔滨工业大学,黑龙江,0854,085420-电子信息,专业学位,FULL_TIME,待补充,337,2,2,2021,985,,,CPEER推算(录取最低分),https://github.com/Younai2021/CPEER-Dataset,2021,"推算复试线337分,录取最高357分,平均347.0分,录取2人"
哈尔滨工业大学,黑龙江,0854,085421-电子信息,专业学位,FULL_TIME,待补充,353,2,2,2021,985,,,CPEER推算(录取最低分),https://github.com/Younai2021/CPEER-Dataset,2021,"推算复试线353分,录取最高366分,平均359.5分,录取2人"
哈尔滨工业大学,黑龙江,0854,085422-电子信息,专业学位,FULL_TIME,待补充,346,2,2,2021,985,,,CPEER推算(录取最低分),https://github.com/Younai2021/CPEER-Dataset,2021,"推算复试线346分,录取最高375分,平均360.5分,录取2人"
哈尔滨工业大学,黑龙江,0854,085423-电子信息,专业学位,FULL_TIME,待补充,360,2,2,2021,985,,,CPEER推算(录取最低分),https://github.com/Younai2021/CPEER-Dataset,2021,"推算复试线360分,录取最高384分,平均372.0分,录取2人"
哈尔滨工业大学,黑龙江,0854,085424-电子信息,专业学位,FULL_TIME,待补充,402,1,1,2021,985,,,CPEER推算(录取最低分),https://github.com/Younai2021/CPEER-Dataset,2021,"推算复试线402分,录取最高402分,平均402.0分,录取1人"
哈尔滨工业大学,黑龙江,0854,085425-电子信息,专业学位,FULL_TIME,待补充,339,1,1,2021,985,,,CPEER推算(录取最低分),https://github.com/Younai2021/CPEER-Dataset,2021,"推算复试线339分,录取最高339分,平均339.0分,录取1人"
哈尔滨工业大学,黑龙江,0854,085426-电子信息,专业学位,FULL_TIME,待补充,360,1,1,2021,985,,,CPEER推算(录取最低分),https://github.com/Younai2021/CPEER-Dataset,2021,"推算复试线360分,录取最高360分,平均360.0分,录取1人"
哈尔滨工业大学,黑龙江,0854,085427-电子信息,专业学位,FULL_TIME,待补充,353,1,1,2021,985,,,CPEER推算(录取最低分),https://github.com/Younai2021/CPEER-Dataset,2021,"推算复试线353分,录取最高353分,平均353.0分,录取1人"
哈尔滨工业大学,黑龙江,0854,085428-电子信息,专业学位,FULL_TIME,待补充,338,1,1,2021,985,,,CPEER推算(录取最低分),https://github.com/Younai2021/CPEER-Dataset,2021,"推算复试线338分,录取最高338分,平均338.0分,录取1人"
哈尔滨工业大学,黑龙江,0854,085429-电子信息,专业学位,FULL_TIME,待补充,339,1,1,2021,985,,,CPEER推算(录取最低分),https://github.com/Younai2021/CPEER-Dataset,2021,"推算复试线339分,录取最高339分,平均339.0分,录取1人"
哈尔滨工业大学,黑龙江,0854,085430-电子信息,专业学位,FULL_TIME,待补充,372,1,1,2021,985,,,CPEER推算(录取最低分),https://github.com/Younai2021/CPEER-Dataset,2021,"推算复试线372分,录取最高372分,平均372.0分,录取1人"
哈尔滨工业大学,黑龙江,0854,085431-电子信息,专业学位,FULL_TIME,待补充,353,1,1,2021,985,,,CPEER推算(录取最低分),https://github.com/Younai2021/CPEER-Dataset,2021,"推算复试线353分,录取最高353分,平均353.0分,录取1人"
哈尔滨工业大学,黑龙江,0854,085432-电子信息,专业学位,FULL_TIME,待补充,350,1,1,2021,985,,,CPEER推算(录取最低分),https://github.com/Younai2021/CPEER-Dataset,2021,"推算复试线350分,录取最高350分,平均350.0分,录取1人"
哈尔滨工业大学,黑龙江,0854,085433-电子信息,专业学位,FULL_TIME,待补充,361,1,1,2021,985,,,CPEER推算(录取最低分),https://github.com/Younai2021/CPEER-Dataset,2021,"推算复试线361分,录取最高361分,平均361.0分,录取1人"
哈尔滨工业大学,黑龙江,0854,085434-电子信息,专业学位,FULL_TIME,待补充,342,1,1,2021,985,,,CPEER推算(录取最低分),https://github.com/Younai2021/CPEER-Dataset,2021,"推算复试线342分,录取最高342分,平均342.0分,录取1人"
哈尔滨工业大学,黑龙江,0854,085435-电子信息,专业学位,FULL_TIME,待补充,347,1,1,2021,985,,,CPEER推算(录取最低分),https://github.com/Younai2021/CPEER-Dataset,2021,"推算复试线347分,录取最高347分,平均347.0分,录取1人"
哈尔滨工业大学,黑龙江,0854,085436-电子信息,专业学位,FULL_TIME,待补充,347,1,1,2021,985,,,CPEER推算(录取最低分),https://github.com/Younai2021/CPEER-Dataset,2021,"推算复试线347分,录取最高347分,平均347.0分,录取1人"
哈尔滨工业大学,黑龙江,0854,085437-电子信息,专业学位,FULL_TIME,待补充,347,1,1,2021,985,,,CPEER推算(录取最低分),https://github.com/Younai2021/CPEER-Dataset,2021,"推算复试线347分,录取最高347分,平均347.0分,录取1人"
哈尔滨工业大学,黑龙江,0854,085438-电子信息,专业学位,FULL_TIME,待补充,374,1,1,2021,985,,,CPEER推算(录取最低分),https://github.com/Younai2021/CPEER-Dataset,2021,"推算复试线374分,录取最高374分,平均374.0分,录取1人"
哈尔滨工业大学,黑龙江,0854,085401-电子信息,专业学位,FULL_TIME,待补充,373,1,1,2021,985,,,CPEER推算(录取最低分),https://github.com/Younai2021/CPEER-Dataset,2021,"推算复试线373分,录取最高373分,平均373.0分,录取1人"
哈尔滨工业大学,黑龙江,0854,电子信息,专业学位,FULL_TIME,待补充,337,116,116,2021,985,,,CPEER推算(录取最低分),https://github.com/Younai2021/CPEER-Dataset,2021,"推算复试线337分,录取最高441分,平均372.9分,录取116人"
四川大学,四川,0812,计算机科学与技术,学术学位,FULL_TIME,待补充,335,24,24,2021,985,,,CPEER推算(录取最低分),https://github.com/Younai2021/CPEER-Dataset,2021,"推算复试线335分,录取最高389分,平均357.3分,录取24人"
四川大学,四川,0835,软件工程,学术学位,FULL_TIME,待补充,312,14,14,2021,985,,,CPEER推算(录取最低分),https://github.com/Younai2021/CPEER-Dataset,2021,"推算复试线312分,录取最高379分,平均343.1分,录取14人"
四川大学,四川,0854,电子信息,专业学位,FULL_TIME,待补充,350,87,87,2021,985,,,CPEER推算(录取最低分),https://github.com/Younai2021/CPEER-Dataset,2021,"推算复试线350分,录取最高420分,平均380.4分,录取87人"
四川大学,四川,0854,人工智能,专业学位,FULL_TIME,待补充,328,4,4,2021,985,,,CPEER推算(录取最低分),https://github.com/Younai2021/CPEER-Dataset,2021,"推算复试线328分,录取最高354分,平均346.0分,录取4人"
宁夏大学,宁夏,0812,计算机科学与技术,学术学位,FULL_TIME,待补充,262,16,16,2021,211,,,CPEER推算(录取最低分),https://github.com/Younai2021/CPEER-Dataset,2021,"推算复试线262分,录取最高342分,平均307.1分,录取16人"
宁夏大学,宁夏,0854,电子信息,专业学位,FULL_TIME,待补充,255,182,182,2021,211,,,CPEER推算(录取最低分),https://github.com/Younai2021/CPEER-Dataset,2021,"推算复试线255分,录取最高399分,平均314.9分,录取182人"
宁波大学,,0812,计算机科学与技术,学术学位,FULL_TIME,待补充,338,19,19,2021,,,,CPEER推算(录取最低分),https://github.com/Younai2021/CPEER-Dataset,2021,"推算复试线338分,录取最高399分,平均352.2分,录取19人"
宁波大学,,0854,电子信息,专业学位,FULL_TIME,待补充,348,50,50,2021,,,,CPEER推算(录取最低分),https://github.com/Younai2021/CPEER-Dataset,2021,"推算复试线348分,录取最高396分,平均363.4分,录取50人"
广西大学,广西,0812,计算机科学与技术,学术学位,FULL_TIME,待补充,259,64,64,2021,211,,,CPEER推算(录取最低分),https://github.com/Younai2021/CPEER-Dataset,2021,"推算复试线259分,录取最高377分,平均316.8分,录取64人"
广西大学,广西,0854,电子信息,专业学位,FULL_TIME,待补充,255,150,150,2021,211,,,CPEER推算(录取最低分),https://github.com/Younai2021/CPEER-Dataset,2021,"推算复试线255分,录取最高407分,平均315.0分,录取150人"
延边大学,吉林,0812,计算机科学与技术,学术学位,FULL_TIME,待补充,287,10,10,2021,211,,,CPEER推算(录取最低分),https://github.com/Younai2021/CPEER-Dataset,2021,"推算复试线287分,录取最高354分,平均312.7分,录取10人"
延边大学,吉林,0854,电子信息,专业学位,FULL_TIME,待补充,263,43,43,2021,211,,,CPEER推算(录取最低分),https://github.com/Younai2021/CPEER-Dataset,2021,"推算复试线263分,录取最高401分,平均311.2分,录取43人"
新疆大学,新疆,0835,软件工程,学术学位,FULL_TIME,待补充,252,14,14,2021,211,,,CPEER推算(录取最低分),https://github.com/Younai2021/CPEER-Dataset,2021,"推算复试线252分,录取最高369分,平均304.9分,录取14人"
新疆大学,新疆,0854,电子信息,专业学位,FULL_TIME,待补充,253,34,37,2021,211,,,CPEER推算(录取最低分),https://github.com/Younai2021/CPEER-Dataset,2021,"推算复试线253分,录取最高413分,平均313.4分,录取34人"
河北工业大学,河北,0812,计算机科学与技术,学术学位,FULL_TIME,待补充,301,56,56,2021,211,,,CPEER推算(录取最低分),https://github.com/Younai2021/CPEER-Dataset,2021,"推算复试线301分,录取最高389分,平均329.8分,录取56人"
河北工业大学,河北,0854,电子信息,专业学位,FULL_TIME,待补充,263,151,151,2021,211,,,CPEER推算(录取最低分),https://github.com/Younai2021/CPEER-Dataset,2021,"推算复试线263分,录取最高398分,平均306.6分,录取151人"
清华大学,北京,0812,计算机科学与技术,学术学位,FULL_TIME,待补充,369,15,15,2021,985,,,CPEER推算(录取最低分),https://github.com/Younai2021/CPEER-Dataset,2021,"推算复试线369分,录取最高430分,平均401.3分,录取15人"
西北大学,陕西,0812,计算机科学与技术,学术学位,FULL_TIME,待补充,296,28,33,2021,211,,,CPEER推算(录取最低分),https://github.com/Younai2021/CPEER-Dataset,2021,"推算复试线296分,录取最高396分,平均331.2分,录取28人"
西北大学,陕西,0854,电子信息,专业学位,FULL_TIME,待补充,267,118,130,2021,211,,,CPEER推算(录取最低分),https://github.com/Younai2021/CPEER-Dataset,2021,"推算复试线267分,录取最高421分,平均330.9分,录取118人"
西南财经大学,四川,0812,计算机软件与理论,学术学位,FULL_TIME,待补充,301,12,12,2021,211,,,CPEER推算(录取最低分),https://github.com/Younai2021/CPEER-Dataset,2021,"推算复试线301分,录取最高364分,平均319.9分,录取12人"
西南财经大学,四川,0812,计算机应用技术,学术学位,FULL_TIME,待补充,312,9,9,2021,211,,,CPEER推算(录取最低分),https://github.com/Younai2021/CPEER-Dataset,2021,"推算复试线312分,录取最高356分,平均330.0分,录取9人"
贵州大学,贵州,0812,计算机科学与技术,学术学位,FULL_TIME,待补充,257,41,41,2021,211,,,CPEER推算(录取最低分),https://github.com/Younai2021/CPEER-Dataset,2021,"推算复试线257分,录取最高338分,平均286.6分,录取41人"
贵州大学,贵州,0835,软件工程,学术学位,FULL_TIME,待补充,255,22,22,2021,211,,,CPEER推算(录取最低分),https://github.com/Younai2021/CPEER-Dataset,2021,"推算复试线255分,录取最高357分,平均293.3分,录取22人"
贵州大学,贵州,0854,电子信息,专业学位,FULL_TIME,待补充,256,278,278,2021,211,,,CPEER推算(录取最低分),https://github.com/Younai2021/CPEER-Dataset,2021,"推算复试线256分,录取最高409分,平均326.9分,录取278人"
辽宁大学,辽宁,0812,计算机系统结构,学术学位,FULL_TIME,待补充,273,1,1,2021,211,,,CPEER推算(录取最低分),https://github.com/Younai2021/CPEER-Dataset,2021,"推算复试线273分,录取最高273分,平均273.0分,录取1人"
辽宁大学,辽宁,0812,计算机软件与理论,学术学位,FULL_TIME,待补充,275,8,8,2021,211,,,CPEER推算(录取最低分),https://github.com/Younai2021/CPEER-Dataset,2021,"推算复试线275分,录取最高364分,平均314.0分,录取8人"
辽宁大学,辽宁,0812,计算机应用技术,学术学位,FULL_TIME,待补充,292,23,23,2021,211,,,CPEER推算(录取最低分),https://github.com/Younai2021/CPEER-Dataset,2021,"推算复试线292分,录取最高342分,平均309.3分,录取23人"
辽宁大学,辽宁,0835,软件工程,学术学位,FULL_TIME,待补充,309,21,21,2021,211,,,CPEER推算(录取最低分),https://github.com/Younai2021/CPEER-Dataset,2021,"推算复试线309分,录取最高372分,平均335.0分,录取21人"
辽宁大学,辽宁,0854,电子信息,专业学位,FULL_TIME,待补充,324,40,40,2021,211,,,CPEER推算(录取最低分),https://github.com/Younai2021/CPEER-Dataset,2021,"推算复试线324分,录取最高381分,平均345.8分,录取40人"
长安大学,陕西,0812,计算机科学与技术,学术学位,FULL_TIME,待补充,299,30,30,2021,211,,,CPEER推算(录取最低分),https://github.com/Younai2021/CPEER-Dataset,2021,"推算复试线299分,录取最高390分,平均337.7分,录取30人"
长安大学,陕西,0835,软件工程,学术学位,FULL_TIME,待补充,309,12,12,2021,211,,,CPEER推算(录取最低分),https://github.com/Younai2021/CPEER-Dataset,2021,"推算复试线309分,录取最高390分,平均337.2分,录取12人"
长安大学,陕西,0839,网络空间安全,学术学位,FULL_TIME,待补充,320,2,2,2021,211,,,CPEER推算(录取最低分),https://github.com/Younai2021/CPEER-Dataset,2021,"推算复试线320分,录取最高329分,平均324.5分,录取2人"
长安大学,陕西,0854,电子信息,专业学位,FULL_TIME,待补充,310,192,192,2021,211,,,CPEER推算(录取最低分),https://github.com/Younai2021/CPEER-Dataset,2021,"推算复试线310分,录取最高427分,平均370.4分,录取192人"
中国矿业大学(北京),,0812,计算机科学与技术,学术学位,FULL_TIME,待补充,311,16,16,2020,,,,CPEER推算(录取最低分),https://github.com/Younai2021/CPEER-Dataset,2020,"推算复试线311分,录取最高384分,平均340.8分,录取16人"
中国矿业大学(北京),,0835,软件工程,学术学位,FULL_TIME,待补充,285,5,5,2020,,,,CPEER推算(录取最低分),https://github.com/Younai2021/CPEER-Dataset,2020,"推算复试线285分,录取最高331分,平均314.2分,录取5人"
中国矿业大学(北京),,0854,电子信息,专业学位,FULL_TIME,待补充,270,79,79,2020,,,,CPEER推算(录取最低分),https://github.com/Younai2021/CPEER-Dataset,2020,"推算复试线270分,录取最高388分,平均320.0分,录取79人"
中国矿业大学(北京),,0854,控制理论与控制工程,专业学位,FULL_TIME,待补充,326,3,3,2020,,,,CPEER推算(录取最低分),https://github.com/Younai2021/CPEER-Dataset,2020,"推算复试线326分,录取最高340分,平均331.7分,录取3人"
广西大学,广西,0812,计算机科学与技术,学术学位,FULL_TIME,待补充,254,67,67,2020,211,,,CPEER推算(录取最低分),https://github.com/Younai2021/CPEER-Dataset,2020,"推算复试线254分,录取最高375分,平均303.5分,录取67人"
广西大学,广西,0854,电子信息,专业学位,FULL_TIME,待补充,252,165,165,2020,211,,,CPEER推算(录取最低分),https://github.com/Younai2021/CPEER-Dataset,2020,"推算复试线252分,录取最高374分,平均308.9分,录取165人"
河北工业大学,河北,0812,计算机科学与技术,学术学位,FULL_TIME,待补充,264,48,48,2020,211,,,CPEER推算(录取最低分),https://github.com/Younai2021/CPEER-Dataset,2020,"推算复试线264分,录取最高357分,平均288.6分,录取48人"
河北工业大学,河北,0854,电子信息,专业学位,FULL_TIME,待补充,264,41,41,2020,211,,,CPEER推算(录取最低分),https://github.com/Younai2021/CPEER-Dataset,2020,"推算复试线264分,录取最高379分,平均297.5分,录取41人"
西北大学,陕西,0812,计算机应用技术,学术学位,FULL_TIME,待补充,309,2,2,2020,211,,,CPEER推算(录取最低分),https://github.com/Younai2021/CPEER-Dataset,2020,"推算复试线309分,录取最高332分,平均320.5分,录取2人"
西北大学,陕西,0812,计算机科学与技术,学术学位,FULL_TIME,待补充,290,13,16,2020,211,,,CPEER推算(录取最低分),https://github.com/Younai2021/CPEER-Dataset,2020,"推算复试线290分,录取最高366分,平均332.2分,录取13人"
西北大学,陕西,0835,软件工程,学术学位,FULL_TIME,待补充,325,18,22,2020,211,,,CPEER推算(录取最低分),https://github.com/Younai2021/CPEER-Dataset,2020,"推算复试线325分,录取最高386分,平均340.9分,录取18人"
西北大学,陕西,0854,电子信息,专业学位,FULL_TIME,待补充,281,109,150,2020,211,,,CPEER推算(录取最低分),https://github.com/Younai2021/CPEER-Dataset,2020,"推算复试线281分,录取最高422分,平均365.3分,录取109人"
